id,activity_date,total_steps,total_distance,tracker_distance,logged_activities_distance,very_active_distance,moderately_active_distance,light_active_distance,sedentary_active_distance,very_active_minutes,fairly_active_minutes,lightly_active_minutes,sedentary_minutes,calories,source_period,source_file,active_minutes,tracked_minutes,sedentary_ratio,day_of_week,activity_level,meets_10000_steps
1503960366,2016-03-25,11004,7.1100001335144,7.1100001335144,0.0,2.5699999332428,0.46000000834465,4.07000017166138,0.0,33,12,205,804,1819,3.12.16-4.11.16,data/raw/mturkfitbit_export_3.12.16-4.11.16/Fitabase Data 3.12.16-4.11.16/dailyActivity_merged.csv,250,1054,0.7628,viernes,muy_activa,True
1503960366,2016-03-26,17609,11.5500001907349,11.5500001907349,0.0,6.92000007629395,0.730000019073486,3.91000008583069,0.0,89,17,274,588,2154,3.12.16-4.11.16,data/raw/mturkfitbit_export_3.12.16-4.11.16/Fitabase Data 3.12.16-4.11.16/dailyActivity_merged.csv,380,968,0.6074,sábado,muy_activa,True
1503960366,2016-03-27,12736,8.52999973297119,8.52999973297119,0.0,4.65999984741211,0.159999996423721,3.71000003814697,0.0,56,5,268,605,1944,3.12.16-4.11.16,data/raw/mturkfitbit_export_3.12.16-4.11.16/Fitabase Data 3.12.16-4.11.16/dailyActivity_merged.csv,329,934,0.6478,domingo,muy_activa,True
1503960366,2016-03-28,13231,8.93000030517578,8.93000030517578,0.0,3.19000005722046,0.790000021457672,4.94999980926514,0.0,39,20,224,1080,1932,3.12.16-4.11.16,data/raw/mturkfitbit_export_3.12.16-4.11.16/Fitabase Data 3.12.16-4.11.16/dailyActivity_merged.csv,283,1363,0.7924,lunes,muy_activa,True
1503960366,2016-03-29,12041,7.84999990463257,7.84999990463257,0.0,2.16000008583069,1.0900000333786,4.6100001335144,0.0,28,28,243,763,1886,3.12.16-4.11.16,data/raw/mturkfitbit_export_3.12.16-4.11.16/Fitabase Data 3.12.16-4.11.16/dailyActivity_merged.csv,299,1062,0.7185,martes,muy_activa,True
1503960366,2016-03-30,10970,7.15999984741211,7.15999984741211,0.0,2.35999989509583,0.509999990463257,4.28999996185303,0.0,30,13,223,1174,1820,3.12.16-4.11.16,data/raw/mturkfitbit_export_3.12.16-4.11.16/Fitabase Data 3.12.16-4.11.16/dailyActivity_merged.csv,266,1440,0.8153,miércoles,muy_activa,True
1503960366,2016-03-31,12256,7.8600001335144,7.8600001335144,0.0,2.28999996185303,0.490000009536743,5.03999996185303,0.0,33,12,239,820,1889,3.12.16-4.11.16,data/raw/mturkfitbit_export_3.12.16-4.11.16/Fitabase Data 3.12.16-4.11.16/dailyActivity_merged.csv,284,1104,0.7428,jueves,muy_activa,True
1503960366,2016-04-01,12262,7.86999988555908,7.86999988555908,0.0,3.3199999332428,0.829999983310699,3.64000010490417,0.0,47,21,200,866,1868,3.12.16-4.11.16,data/raw/mturkfitbit_export_3.12.16-4.11.16/Fitabase Data 3.12.16-4.11.16/dailyActivity_merged.csv,268,1134,0.7637,viernes,muy_activa,True
1503960366,2016-04-02,11248,7.25,7.25,0.0,3.0,0.449999988079071,3.74000000953674,0.0,40,11,244,636,1843,3.12.16-4.11.16,data/raw/mturkfitbit_export_3.12.16-4.11.16/Fitabase Data 3.12.16-4.11.16/dailyActivity_merged.csv,295,931,0.6831,sábado,muy_activa,True
1503960366,2016-04-03,10016,6.36999988555908,6.36999988555908,0.0,0.910000026226044,1.27999997138977,4.17999982833862,0.0,15,30,314,655,1850,3.12.16-4.11.16,data/raw/mturkfitbit_export_3.12.16-4.11.16/Fitabase Data 3.12.16-4.11.16/dailyActivity_merged.csv,359,1014,0.646,domingo,muy_activa,True
1503960366,2016-04-04,14557,9.80000019073486,9.80000019073486,0.0,3.39000010490417,0.699999988079071,5.69000005722046,0.0,43,18,285,757,2030,3.12.16-4.11.16,data/raw/mturkfitbit_export_3.12.16-4.11.16/Fitabase Data 3.12.16-4.11.16/dailyActivity_merged.csv,346,1103,0.6863,lunes,muy_activa,True
1503960366,2016-04-05,14844,9.72999954223633,9.72999954223633,0.0,2.94000005722046,0.759999990463257,6.03999996185303,0.0,36,18,341,736,2083,3.12.16-4.11.16,data/raw/mturkfitbit_export_3.12.16-4.11.16/Fitabase Data 3.12.16-4.11.16/dailyActivity_merged.csv,395,1131,0.6508,martes,muy_activa,True
1503960366,2016-04-06,11974,7.67000007629395,7.67000007629395,0.0,2.03999996185303,0.479999989271164,5.15000009536743,0.0,27,12,228,1173,1861,3.12.16-4.11.16,data/raw/mturkfitbit_export_3.12.16-4.11.16/Fitabase Data 3.12.16-4.11.16/dailyActivity_merged.csv,267,1440,0.8146,miércoles,muy_activa,True
1503960366,2016-04-07,10198,6.44000005722046,6.44000005722046,0.0,1.20000004768372,0.790000021457672,4.44999980926514,0.0,17,20,195,1208,1755,3.12.16-4.11.16,data/raw/mturkfitbit_export_3.12.16-4.11.16/Fitabase Data 3.12.16-4.11.16/dailyActivity_merged.csv,232,1440,0.8389,jueves,muy_activa,True
1503960366,2016-04-08,12521,7.94000005722046,7.94000005722046,0.0,3.30999994277954,0.899999976158142,3.74000000953674,0.0,46,22,212,1160,1895,3.12.16-4.11.16,data/raw/mturkfitbit_export_3.12.16-4.11.16/Fitabase Data 3.12.16-4.11.16/dailyActivity_merged.csv,280,1440,0.8056,viernes,muy_activa,True
1503960366,2016-04-09,12432,8.10000038146973,8.10000038146973,0.0,2.58999991416931,0.589999973773956,4.92000007629395,0.0,32,15,248,738,1883,3.12.16-4.11.16,data/raw/mturkfitbit_export_3.12.16-4.11.16/Fitabase Data 3.12.16-4.11.16/dailyActivity_merged.csv,295,1033,0.7144,sábado,muy_activa,True
1503960366,2016-04-10,10057,6.98000001907349,6.98000001907349,0.0,4.0,0.490000009536743,2.48000001907349,0.0,44,13,168,737,1755,3.12.16-4.11.16,data/raw/mturkfitbit_export_3.12.16-4.11.16/Fitabase Data 3.12.16-4.11.16/dailyActivity_merged.csv,225,962,0.7661,domingo,muy_activa,True
1503960366,2016-04-11,10990,7.26000022888184,7.26000022888184,0.0,2.03999996185303,0.569999992847443,4.65000009536743,0.0,26,14,216,855,1811,3.12.16-4.11.16,data/raw/mturkfitbit_export_3.12.16-4.11.16/Fitabase Data 3.12.16-4.11.16/dailyActivity_merged.csv,256,1111,0.7696,lunes,muy_activa,True
1503960366,2016-04-12,224,0.140000000596046,0.140000000596046,0.0,0.0,0.0,0.129999995231628,0.0,0,0,9,32,50,3.12.16-4.11.16,data/raw/mturkfitbit_export_3.12.16-4.11.16/Fitabase Data 3.12.16-4.11.16/dailyActivity_merged.csv,9,41,0.7805,martes,baja,False
1624580081,2016-03-25,1810,1.17999994754791,1.17999994754791,0.0,0.0,0.0,1.12999999523163,0.0099999997764825,0,0,121,1319,1373,3.12.16-4.11.16,data/raw/mturkfitbit_export_3.12.16-4.11.16/Fitabase Data 3.12.16-4.11.16/dailyActivity_merged.csv,121,1440,0.916,viernes,baja,False
1624580081,2016-03-26,815,0.529999971389771,0.529999971389771,0.0,0.0,0.0,0.529999971389771,0.0,0,0,47,1393,1264,3.12.16-4.11.16,data/raw/mturkfitbit_export_3.12.16-4.11.16/Fitabase Data 3.12.16-4.11.16/dailyActivity_merged.csv,47,1440,0.9674,sábado,baja,False
1624580081,2016-03-27,1985,1.28999996185303,1.28999996185303,0.0,0.0,0.0,1.27999997138977,0.0099999997764825,0,0,112,1328,1350,3.12.16-4.11.16,data/raw/mturkfitbit_export_3.12.16-4.11.16/Fitabase Data 3.12.16-4.11.16/dailyActivity_merged.csv,112,1440,0.9222,domingo,baja,False
1624580081,2016-03-28,1905,1.24000000953674,1.24000000953674,0.0,0.0,0.0,1.24000000953674,0.0,0,0,95,1345,1342,3.12.16-4.11.16,data/raw/mturkfitbit_export_3.12.16-4.11.16/Fitabase Data 3.12.16-4.11.16/dailyActivity_merged.csv,95,1440,0.934,lunes,baja,False
1624580081,2016-03-29,1552,1.00999999046326,1.00999999046326,0.0,0.0,0.0,1.0,0.0,0,0,66,1374,1300,3.12.16-4.11.16,data/raw/mturkfitbit_export_3.12.16-4.11.16/Fitabase Data 3.12.16-4.11.16/dailyActivity_merged.csv,66,1440,0.9542,martes,baja,False
1624580081,2016-03-30,1675,1.0900000333786,1.0900000333786,0.0,0.0,0.0,1.0900000333786,0.0,0,0,84,1356,1313,3.12.16-4.11.16,data/raw/mturkfitbit_export_3.12.16-4.11.16/Fitabase Data 3.12.16-4.11.16/dailyActivity_merged.csv,84,1440,0.9417,miércoles,baja,False
1624580081,2016-03-31,4506,2.9300000667572,2.9300000667572,0.0,0.509999990463257,0.270000010728836,2.15000009536743,0.0099999997764825,7,4,144,1285,1498,3.12.16-4.11.16,data/raw/mturkfitbit_export_3.12.16-4.11.16/Fitabase Data 3.12.16-4.11.16/dailyActivity_merged.csv,155,1440,0.8924,jueves,baja,False
1624580081,2016-04-01,9218,5.98999977111816,5.98999977111816,0.0,0.0,0.0,5.96999979019165,0.0099999997764825,0,0,221,1219,1541,3.12.16-4.11.16,data/raw/mturkfitbit_export_3.12.16-4.11.16/Fitabase Data 3.12.16-4.11.16/dailyActivity_merged.csv,221,1440,0.8465,viernes,activa,False
1624580081,2016-04-02,1556,1.00999999046326,1.00999999046326,0.0,0.0,0.0,1.00999999046326,0.0099999997764825,0,0,88,1352,1327,3.12.16-4.11.16,data/raw/mturkfitbit_export_3.12.16-4.11.16/Fitabase Data 3.12.16-4.11.16/dailyActivity_merged.csv,88,1440,0.9389,sábado,baja,False
1624580081,2016-04-03,2910,1.88999998569489,1.88999998569489,0.0,0.0,0.0,1.87999999523163,0.0099999997764825,0,0,157,1283,1452,3.12.16-4.11.16,data/raw/mturkfitbit_export_3.12.16-4.11.16/Fitabase Data 3.12.16-4.11.16/dailyActivity_merged.csv,157,1440,0.891,domingo,baja,False
1624580081,2016-04-04,18464,12.0,12.0,0.0,0.0,0.0,12.0,0.0,0,0,270,1170,1574,3.12.16-4.11.16,data/raw/mturkfitbit_export_3.12.16-4.11.16/Fitabase Data 3.12.16-4.11.16/dailyActivity_merged.csv,270,1440,0.8125,lunes,muy_activa,True
1624580081,2016-04-05,1335,0.870000004768372,0.870000004768372,0.0,0.0,0.0,0.870000004768372,0.0,0,0,74,1366,1308,3.12.16-4.11.16,data/raw/mturkfitbit_export_3.12.16-4.11.16/Fitabase Data 3.12.16-4.11.16/dailyActivity_merged.csv,74,1440,0.9486,martes,baja,False
1624580081,2016-04-06,1004,0.649999976158142,0.649999976158142,0.0,0.0,0.0,0.649999976158142,0.0,0,0,55,1385,1276,3.12.16-4.11.16,data/raw/mturkfitbit_export_3.12.16-4.11.16/Fitabase Data 3.12.16-4.11.16/dailyActivity_merged.csv,55,1440,0.9618,miércoles,baja,False
1624580081,2016-04-07,1111,0.720000028610229,0.720000028610229,0.0,0.0,0.0,0.720000028610229,0.0,0,0,54,1386,1278,3.12.16-4.11.16,data/raw/mturkfitbit_export_3.12.16-4.11.16/Fitabase Data 3.12.16-4.11.16/dailyActivity_merged.csv,54,1440,0.9625,jueves,baja,False
1624580081,2016-04-08,6344,4.11999988555908,4.11999988555908,0.0,0.0,0.0,4.09999990463257,0.0,0,0,143,1297,1409,3.12.16-4.11.16,data/raw/mturkfitbit_export_3.12.16-4.11.16/Fitabase Data 3.12.16-4.11.16/dailyActivity_merged.csv,143,1440,0.9007,viernes,ligera,False
1624580081,2016-04-09,3572,2.3199999332428,2.3199999332428,0.0,0.0,0.0,2.28999996185303,0.0299999993294477,0,0,122,1318,1370,3.12.16-4.11.16,data/raw/mturkfitbit_export_3.12.16-4.11.16/Fitabase Data 3.12.16-4.11.16/dailyActivity_merged.csv,122,1440,0.9153,sábado,baja,False
1624580081,2016-04-10,3910,2.53999996185303,2.53999996185303,0.0,0.469999998807907,0.25,1.80999994277954,0.0099999997764825,7,7,186,1240,1555,3.12.16-4.11.16,data/raw/mturkfitbit_export_3.12.16-4.11.16/Fitabase Data 3.12.16-4.11.16/dailyActivity_merged.csv,200,1440,0.8611,domingo,baja,False
1624580081,2016-04-11,10000,6.5,6.5,0.0,0.0,0.0,6.5,0.0,0,0,172,1268,1469,3.12.16-4.11.16,data/raw/mturkfitbit_export_3.12.16-4.11.16/Fitabase Data 3.12.16-4.11.16/dailyActivity_merged.csv,172,1440,0.8806,lunes,muy_activa,True
1624580081,2016-04-12,6627,4.30999994277954,4.30999994277954,0.0,0.0,0.0,4.30999994277954,0.0,0,0,89,604,706,3.12.16-4.11.16,data/raw/mturkfitbit_export_3.12.16-4.11.16/Fitabase Data 3.12.16-4.11.16/dailyActivity_merged.csv,89,693,0.8716,martes,ligera,False
1644430081,2016-04-01,4636,3.41000008583069,3.41000008583069,0.0,0.0,0.779999971389771,2.59999990463257,0.0299999993294477,0,16,586,838,3323,3.12.16-4.11.16,data/raw/mturkfitbit_export_3.12.16-4.11.16/Fitabase Data 3.12.16-4.11.16/dailyActivity_merged.csv,602,1440,0.5819,viernes,baja,False
1644430081,2016-04-02,20237,14.710000038147,14.710000038147,0.0,2.5699999332428,6.40000009536743,5.73000001907349,0.0099999997764825,34,141,347,918,4029,3.12.16-4.11.16,data/raw/mturkfitbit_export_3.12.16-4.11.16/Fitabase Data 3.12.16-4.11.16/dailyActivity_merged.csv,522,1440,0.6375,sábado,muy_activa,True
1644430081,2016-04-03,12912,9.40999984741211,9.40999984741211,0.0,4.82999992370605,0.769999980926514,3.78999996185303,0.0299999993294477,59,16,283,1082,3436,3.12.16-4.11.16,data/raw/mturkfitbit_export_3.12.16-4.11.16/Fitabase Data 3.12.16-4.11.16/dailyActivity_merged.csv,358,1440,0.7514,domingo,muy_activa,True
1644430081,2016-04-04,2819,2.04999995231628,2.04999995231628,0.0,0.310000002384186,0.170000001788139,1.55999994277954,0.0099999997764825,4,4,87,1345,2444,3.12.16-4.11.16,data/raw/mturkfitbit_export_3.12.16-4.11.16/Fitabase Data 3.12.16-4.11.16/dailyActivity_merged.csv,95,1440,0.934,lunes,baja,False
1644430081,2016-04-05,9921,7.21000003814697,7.21000003814697,0.0,0.340000003576279,1.51999998092651,5.3600001335144,0.0,5,35,219,1181,3098,3.12.16-4.11.16,data/raw/mturkfitbit_export_3.12.16-4.11.16/Fitabase Data 3.12.16-4.11.16/dailyActivity_merged.csv,259,1440,0.8201,martes,activa,False
1644430081,2016-04-06,8046,5.84999990463257,5.84999990463257,0.0,1.28999996185303,2.11999988555908,2.45000004768372,0.0,18,41,137,1244,2925,3.12.16-4.11.16,data/raw/mturkfitbit_export_3.12.16-4.11.16/Fitabase Data 3.12.16-4.11.16/dailyActivity_merged.csv,196,1440,0.8639,miércoles,activa,False
1644430081,2016-04-07,11166,8.11999988555908,8.11999988555908,0.0,0.209999993443489,2.41000008583069,5.5,0.0,3,58,230,1149,3202,3.12.16-4.11.16,data/raw/mturkfitbit_export_3.12.16-4.11.16/Fitabase Data 3.12.16-4.11.16/dailyActivity_merged.csv,291,1440,0.7979,jueves,muy_activa,True
1644430081,2016-04-08,7842,5.69999980926514,5.69999980926514,0.0,0.479999989271164,2.41000008583069,2.80999994277954,0.0,7,43,161,1229,2928,3.12.16-4.11.16,data/raw/mturkfitbit_export_3.12.16-4.11.16/Fitabase Data 3.12.16-4.11.16/dailyActivity_merged.csv,211,1440,0.8535,viernes,activa,False
1644430081,2016-04-09,13840,10.0600004196167,10.0600004196167,0.0,1.30999994277954,3.72000002861023,5.03000020980835,0.0,18,81,192,1149,3290,3.12.16-4.11.16,data/raw/mturkfitbit_export_3.12.16-4.11.16/Fitabase Data 3.12.16-4.11.16/dailyActivity_merged.csv,291,1440,0.7979,sábado,muy_activa,True
1644430081,2016-04-10,1329,0.970000028610229,0.970000028610229,0.0,0.0,0.0,0.970000028610229,0.0,0,0,35,207,489,3.12.16-4.11.16,data/raw/mturkfitbit_export_3.12.16-4.11.16/Fitabase Data 3.12.16-4.11.16/dailyActivity_merged.csv,35,242,0.8554,domingo,baja,False
1844505072,2016-04-01,6847,4.53000020980835,4.53000020980835,0.0,0.610000014305115,0.370000004768372,3.54999995231628,0.0,9,9,251,1171,1969,3.12.16-4.11.16,data/raw/mturkfitbit_export_3.12.16-4.11.16/Fitabase Data 3.12.16-4.11.16/dailyActivity_merged.csv,269,1440,0.8132,viernes,ligera,False
1844505072,2016-04-02,5367,3.54999995231628,3.54999995231628,0.0,0.0,0.0,3.54999995231628,0.0,0,0,263,1177,1889,3.12.16-4.11.16,data/raw/mturkfitbit_export_3.12.16-4.11.16/Fitabase Data 3.12.16-4.11.16/dailyActivity_merged.csv,263,1440,0.8174,sábado,ligera,False
1844505072,2016-04-03,2841,1.87999999523163,1.87999999523163,0.0,0.0,0.0,1.87999999523163,0.0,0,0,136,1114,1636,3.12.16-4.11.16,data/raw/mturkfitbit_export_3.12.16-4.11.16/Fitabase Data 3.12.16-4.11.16/dailyActivity_merged.csv,136,1250,0.8912,domingo,baja,False
1844505072,2016-04-04,0,0.0,0.0,0.0,0.0,0.0,0.0,0.0,0,0,0,669,1347,3.12.16-4.11.16,data/raw/mturkfitbit_export_3.12.16-4.11.16/Fitabase Data 3.12.16-4.11.16/dailyActivity_merged.csv,0,669,1.0,lunes,baja,False
1844505072,2016-04-05,0,0.0,0.0,0.0,0.0,0.0,0.0,0.0,0,0,0,1440,1347,3.12.16-4.11.16,data/raw/mturkfitbit_export_3.12.16-4.11.16/Fitabase Data 3.12.16-4.11.16/dailyActivity_merged.csv,0,1440,1.0,martes,baja,False
1844505072,2016-04-06,7,0.0,0.0,0.0,0.0,0.0,0.0,0.0,0,0,1,1439,1349,3.12.16-4.11.16,data/raw/mturkfitbit_export_3.12.16-4.11.16/Fitabase Data 3.12.16-4.11.16/dailyActivity_merged.csv,1,1440,0.9993,miércoles,baja,False
1844505072,2016-04-07,6344,4.19000005722046,4.19000005722046,0.0,0.0,0.0,4.19000005722046,0.0,0,0,290,1150,1965,3.12.16-4.11.16,data/raw/mturkfitbit_export_3.12.16-4.11.16/Fitabase Data 3.12.16-4.11.16/dailyActivity_merged.csv,290,1440,0.7986,jueves,ligera,False
1844505072,2016-04-08,5316,3.50999999046326,3.50999999046326,0.0,0.0,0.0,3.50999999046326,0.0,0,0,221,1219,1824,3.12.16-4.11.16,data/raw/mturkfitbit_export_3.12.16-4.11.16/Fitabase Data 3.12.16-4.11.16/dailyActivity_merged.csv,221,1440,0.8465,viernes,ligera,False
1844505072,2016-04-09,4979,3.28999996185303,3.28999996185303,0.0,0.0,0.0,3.28999996185303,0.0,0,0,184,620,1807,3.12.16-4.11.16,data/raw/mturkfitbit_export_3.12.16-4.11.16/Fitabase Data 3.12.16-4.11.16/dailyActivity_merged.csv,184,804,0.7711,sábado,baja,False
1844505072,2016-04-10,6556,4.34000015258789,4.34000015258789,0.0,0.0,0.0,4.32999992370605,0.0,0,0,305,810,1971,3.12.16-4.11.16,data/raw/mturkfitbit_export_3.12.16-4.11.16/Fitabase Data 3.12.16-4.11.16/dailyActivity_merged.csv,305,1115,0.7265,domingo,ligera,False
1844505072,2016-04-11,5430,3.58999991416931,3.58999991416931,0.0,0.0,0.0,3.58999991416931,0.0,0,0,251,1189,1888,3.12.16-4.11.16,data/raw/mturkfitbit_export_3.12.16-4.11.16/Fitabase Data 3.12.16-4.11.16/dailyActivity_merged.csv,251,1440,0.8257,lunes,ligera,False
1844505072,2016-04-12,0,0.0,0.0,0.0,0.0,0.0,0.0,0.0,0,0,0,426,399,3.12.16-4.11.16,data/raw/mturkfitbit_export_3.12.16-4.11.16/Fitabase Data 3.12.16-4.11.16/dailyActivity_merged.csv,0,426,1.0,martes,baja,False
1927972279,2016-04-01,4317,2.99000000953674,2.99000000953674,0.0,0.0,0.370000004768372,2.61999988555908,0.0,0,11,192,854,2590,3.12.16-4.11.16,data/raw/mturkfitbit_export_3.12.16-4.11.16/Fitabase Data 3.12.16-4.11.16/dailyActivity_merged.csv,203,1057,0.8079,viernes,baja,False
1927972279,2016-04-02,5662,3.92000007629395,3.92000007629395,0.0,0.0,0.0,3.92000007629395,0.0,0,0,267,858,2783,3.12.16-4.11.16,data/raw/mturkfitbit_export_3.12.16-4.11.16/Fitabase Data 3.12.16-4.11.16/dailyActivity_merged.csv,267,1125,0.7627,sábado,ligera,False
1927972279,2016-04-03,3198,2.21000003814697,2.21000003814697,0.0,0.0,0.0,2.21000003814697,0.0,0,0,146,1183,2449,3.12.16-4.11.16,data/raw/mturkfitbit_export_3.12.16-4.11.16/Fitabase Data 3.12.16-4.11.16/dailyActivity_merged.csv,146,1329,0.8901,domingo,baja,False
1927972279,2016-04-04,2352,1.62999999523163,1.62999999523163,0.0,0.0,0.0,1.62999999523163,0.0,0,0,128,829,2380,3.12.16-4.11.16,data/raw/mturkfitbit_export_3.12.16-4.11.16/Fitabase Data 3.12.16-4.11.16/dailyActivity_merged.csv,128,957,0.8662,lunes,baja,False
1927972279,2016-04-05,2234,1.54999995231628,1.54999995231628,0.0,0.0,0.0,1.54999995231628,0.0,0,0,108,912,2344,3.12.16-4.11.16,data/raw/mturkfitbit_export_3.12.16-4.11.16/Fitabase Data 3.12.16-4.11.16/dailyActivity_merged.csv,108,1020,0.8941,martes,baja,False
1927972279,2016-04-06,1259,0.870000004768372,0.870000004768372,0.0,0.0,0.0,0.870000004768372,0.0,0,0,73,938,2202,3.12.16-4.11.16,data/raw/mturkfitbit_export_3.12.16-4.11.16/Fitabase Data 3.12.16-4.11.16/dailyActivity_merged.csv,73,1011,0.9278,miércoles,baja,False
1927972279,2016-04-07,768,0.529999971389771,0.529999971389771,0.0,0.0,0.0,0.529999971389771,0.0,0,0,43,1397,2130,3.12.16-4.11.16,data/raw/mturkfitbit_export_3.12.16-4.11.16/Fitabase Data 3.12.16-4.11.16/dailyActivity_merged.csv,43,1440,0.9701,jueves,baja,False
1927972279,2016-04-08,519,0.360000014305115,0.360000014305115,0.0,0.0,0.0,0.360000014305115,0.0,0,0,34,1406,2088,3.12.16-4.11.16,data/raw/mturkfitbit_export_3.12.16-4.11.16/Fitabase Data 3.12.16-4.11.16/dailyActivity_merged.csv,34,1440,0.9764,viernes,baja,False
1927972279,2016-04-09,2523,1.75,1.75,0.0,0.0,0.370000004768372,1.37999999523163,0.0,0,9,134,1250,2443,3.12.16-4.11.16,data/raw/mturkfitbit_export_3.12.16-4.11.16/Fitabase Data 3.12.16-4.11.16/dailyActivity_merged.csv,143,1393,0.8973,sábado,baja,False
1927972279,2016-04-10,2105,1.46000003814697,1.46000003814697,0.0,0.0,0.0,1.46000003814697,0.0,0,0,139,805,2442,3.12.16-4.11.16,data/raw/mturkfitbit_export_3.12.16-4.11.16/Fitabase Data 3.12.16-4.11.16/dailyActivity_merged.csv,139,944,0.8528,domingo,baja,False
1927972279,2016-04-11,1209,0.839999973773956,0.839999973773956,0.0,0.0,0.0,0.839999973773956,0.0,0,0,73,842,2255,3.12.16-4.11.16,data/raw/mturkfitbit_export_3.12.16-4.11.16/Fitabase Data 3.12.16-4.11.16/dailyActivity_merged.csv,73,915,0.9202,lunes,baja,False
1927972279,2016-04-12,24,0.0199999995529652,0.0199999995529652,0.0,0.0,0.0,0.0199999995529652,0.0,0,0,3,161,942,3.12.16-4.11.16,data/raw/mturkfitbit_export_3.12.16-4.11.16/Fitabase Data 3.12.16-4.11.16/dailyActivity_merged.csv,3,164,0.9817,martes,baja,False
2022484408,2016-04-01,13603,9.60000038146973,9.60000038146973,0.0,5.46000003814697,0.629999995231628,3.50999999046326,0.0,72,16,213,1139,2645,3.12.16-4.11.16,data/raw/mturkfitbit_export_3.12.16-4.11.16/Fitabase Data 3.12.16-4.11.16/dailyActivity_merged.csv,301,1440,0.791,viernes,muy_activa,True
2022484408,2016-04-02,5477,3.83999991416931,3.83999991416931,0.0,0.0,0.0,3.83999991416931,0.0,0,0,237,1203,2040,3.12.16-4.11.16,data/raw/mturkfitbit_export_3.12.16-4.11.16/Fitabase Data 3.12.16-4.11.16/dailyActivity_merged.csv,237,1440,0.8354,sábado,ligera,False
2022484408,2016-04-03,11144,7.82000017166138,7.82000017166138,0.0,1.78999996185303,0.889999985694885,5.1399998664856,0.0,25,22,279,1114,2395,3.12.16-4.11.16,data/raw/mturkfitbit_export_3.12.16-4.11.16/Fitabase Data 3.12.16-4.11.16/dailyActivity_merged.csv,326,1440,0.7736,domingo,muy_activa,True
2022484408,2016-04-04,15313,11.0,11.0,0.0,5.01999998092651,1.28999996185303,4.69000005722046,0.0,62,19,233,1126,2581,3.12.16-4.11.16,data/raw/mturkfitbit_export_3.12.16-4.11.16/Fitabase Data 3.12.16-4.11.16/dailyActivity_merged.csv,314,1440,0.7819,lunes,muy_activa,True
2022484408,2016-04-05,10805,7.59000015258789,7.59000015258789,0.0,0.720000028610229,0.980000019073486,5.8899998664856,0.0,36,37,298,1069,2735,3.12.16-4.11.16,data/raw/mturkfitbit_export_3.12.16-4.11.16/Fitabase Data 3.12.16-4.11.16/dailyActivity_merged.csv,371,1440,0.7424,martes,muy_activa,True
2022484408,2016-04-06,15392,10.9300003051758,10.9300003051758,0.0,3.4300000667572,1.75,5.75,0.0,47,42,258,1093,2733,3.12.16-4.11.16,data/raw/mturkfitbit_export_3.12.16-4.11.16/Fitabase Data 3.12.16-4.11.16/dailyActivity_merged.csv,347,1440,0.759,miércoles,muy_activa,True
2022484408,2016-04-07,18247,13.8299999237061,13.8299999237061,0.0,7.1100001335144,2.21000003814697,4.51000022888184,0.0,72,62,252,1054,3021,3.12.16-4.11.16,data/raw/mturkfitbit_export_3.12.16-4.11.16/Fitabase Data 3.12.16-4.11.16/dailyActivity_merged.csv,386,1440,0.7319,jueves,muy_activa,True
2022484408,2016-04-08,13023,9.26000022888184,9.26000022888184,0.0,3.23000001907349,0.560000002384186,5.46999979019165,0.0,40,12,296,1092,2577,3.12.16-4.11.16,data/raw/mturkfitbit_export_3.12.16-4.11.16/Fitabase Data 3.12.16-4.11.16/dailyActivity_merged.csv,348,1440,0.7583,viernes,muy_activa,True
2022484408,2016-04-09,16267,12.5900001525879,12.5900001525879,0.0,5.75,0.469999998807907,6.36999988555908,0.0,44,16,302,1078,2811,3.12.16-4.11.16,data/raw/mturkfitbit_export_3.12.16-4.11.16/Fitabase Data 3.12.16-4.11.16/dailyActivity_merged.csv,362,1440,0.7486,sábado,muy_activa,True
2022484408,2016-04-10,10005,7.01999998092651,7.01999998092651,0.0,0.0799999982118607,1.04999995231628,5.90000009536743,0.0,1,23,339,1077,2458,3.12.16-4.11.16,data/raw/mturkfitbit_export_3.12.16-4.11.16/Fitabase Data 3.12.16-4.11.16/dailyActivity_merged.csv,363,1440,0.7479,domingo,muy_activa,True
2022484408,2016-04-11,10106,7.09000015258789,7.09000015258789,0.0,1.21000003814697,0.560000002384186,5.32999992370605,0.0,41,16,272,1111,2568,3.12.16-4.11.16,data/raw/mturkfitbit_export_3.12.16-4.11.16/Fitabase Data 3.12.16-4.11.16/dailyActivity_merged.csv,329,1440,0.7715,lunes,muy_activa,True
2022484408,2016-04-12,6717,4.71999979019165,4.71999979019165,0.0,3.23000001907349,0.219999998807907,1.26999998092651,0.0,41,5,67,551,1140,3.12.16-4.11.16,data/raw/mturkfitbit_export_3.12.16-4.11.16/Fitabase Data 3.12.16-4.11.16/dailyActivity_merged.csv,113,664,0.8298,martes,ligera,False
2026352035,2016-04-01,2605,1.62000000476837,1.62000000476837,0.0,0.0,0.0,1.62000000476837,0.0,0,0,166,729,1407,3.12.16-4.11.16,data/raw/mturkfitbit_export_3.12.16-4.11.16/Fitabase Data 3.12.16-4.11.16/dailyActivity_merged.csv,166,895,0.8145,viernes,baja,False
2026352035,2016-04-02,1229,0.759999990463257,0.759999990463257,0.0,0.0,0.0,0.759999990463257,0.0,0,0,69,795,1237,3.12.16-4.11.16,data/raw/mturkfitbit_export_3.12.16-4.11.16/Fitabase Data 3.12.16-4.11.16/dailyActivity_merged.csv,69,864,0.9201,sábado,baja,False
2026352035,2016-04-03,2308,1.42999994754791,1.42999994754791,0.0,0.0,0.0,1.42999994754791,0.0,0,0,115,720,1330,3.12.16-4.11.16,data/raw/mturkfitbit_export_3.12.16-4.11.16/Fitabase Data 3.12.16-4.11.16/dailyActivity_merged.csv,115,835,0.8623,domingo,baja,False
2026352035,2016-04-04,6679,4.1399998664856,4.1399998664856,0.0,0.0,0.0,4.1399998664856,0.0,0,0,263,644,1583,3.12.16-4.11.16,data/raw/mturkfitbit_export_3.12.16-4.11.16/Fitabase Data 3.12.16-4.11.16/dailyActivity_merged.csv,263,907,0.71,lunes,ligera,False
2026352035,2016-04-05,5645,3.5,3.5,0.0,0.0,0.0,3.5,0.0,0,0,248,621,1538,3.12.16-4.11.16,data/raw/mturkfitbit_export_3.12.16-4.11.16/Fitabase Data 3.12.16-4.11.16/dailyActivity_merged.csv,248,869,0.7146,martes,ligera,False
2026352035,2016-04-06,3180,1.97000002861023,1.97000002861023,0.0,0.0,0.0,1.97000002861023,0.0,0,0,185,738,1421,3.12.16-4.11.16,data/raw/mturkfitbit_export_3.12.16-4.11.16/Fitabase Data 3.12.16-4.11.16/dailyActivity_merged.csv,185,923,0.7996,miércoles,baja,False
2026352035,2016-04-07,2767,1.72000002861023,1.72000002861023,0.0,0.0,0.0,1.72000002861023,0.0,0,0,170,673,1392,3.12.16-4.11.16,data/raw/mturkfitbit_export_3.12.16-4.11.16/Fitabase Data 3.12.16-4.11.16/dailyActivity_merged.csv,170,843,0.7983,jueves,baja,False
2026352035,2016-04-08,3762,2.32999992370605,2.32999992370605,0.0,0.0,0.0,2.32999992370605,0.0,0,0,173,719,1425,3.12.16-4.11.16,data/raw/mturkfitbit_export_3.12.16-4.11.16/Fitabase Data 3.12.16-4.11.16/dailyActivity_merged.csv,173,892,0.8061,viernes,baja,False
2026352035,2016-04-09,3098,1.91999995708466,1.91999995708466,0.0,0.0,0.0,1.91999995708466,0.0,0,0,185,700,1413,3.12.16-4.11.16,data/raw/mturkfitbit_export_3.12.16-4.11.16/Fitabase Data 3.12.16-4.11.16/dailyActivity_merged.csv,185,885,0.791,sábado,baja,False
2026352035,2016-04-10,5142,3.19000005722046,3.19000005722046,0.0,0.0,0.0,3.19000005722046,0.0,0,0,230,654,1515,3.12.16-4.11.16,data/raw/mturkfitbit_export_3.12.16-4.11.16/Fitabase Data 3.12.16-4.11.16/dailyActivity_merged.csv,230,884,0.7398,domingo,ligera,False
2026352035,2016-04-11,3279,2.02999997138977,2.02999997138977,0.0,0.0,0.0,2.02999997138977,0.0,0,0,164,694,1405,3.12.16-4.11.16,data/raw/mturkfitbit_export_3.12.16-4.11.16/Fitabase Data 3.12.16-4.11.16/dailyActivity_merged.csv,164,858,0.8089,lunes,baja,False
2026352035,2016-04-12,1019,0.629999995231628,0.629999995231628,0.0,0.0,0.0,0.629999995231628,0.0,0,0,64,223,600,3.12.16-4.11.16,data/raw/mturkfitbit_export_3.12.16-4.11.16/Fitabase Data 3.12.16-4.11.16/dailyActivity_merged.csv,64,287,0.777,martes,baja,False
2320127002,2016-04-01,0,0.0,0.0,0.0,0.0,0.0,0.0,0.0,0,0,0,1440,1324,3.12.16-4.11.16,data/raw/mturkfitbit_export_3.12.16-4.11.16/Fitabase Data 3.12.16-4.11.16/dailyActivity_merged.csv,0,1440,1.0,viernes,baja,False
2320127002,2016-04-02,0,0.0,0.0,0.0,0.0,0.0,0.0,0.0,0,0,0,1440,1324,3.12.16-4.11.16,data/raw/mturkfitbit_export_3.12.16-4.11.16/Fitabase Data 3.12.16-4.11.16/dailyActivity_merged.csv,0,1440,1.0,sábado,baja,False
2320127002,2016-04-03,0,0.0,0.0,0.0,0.0,0.0,0.0,0.0,0,0,0,1440,1324,3.12.16-4.11.16,data/raw/mturkfitbit_export_3.12.16-4.11.16/Fitabase Data 3.12.16-4.11.16/dailyActivity_merged.csv,0,1440,1.0,domingo,baja,False
2320127002,2016-04-04,0,0.0,0.0,0.0,0.0,0.0,0.0,0.0,0,0,0,1440,1324,3.12.16-4.11.16,data/raw/mturkfitbit_export_3.12.16-4.11.16/Fitabase Data 3.12.16-4.11.16/dailyActivity_merged.csv,0,1440,1.0,lunes,baja,False
2320127002,2016-04-05,4931,3.3199999332428,3.3199999332428,0.0,0.0,0.0,3.3199999332428,0.0,0,0,175,1265,1708,3.12.16-4.11.16,data/raw/mturkfitbit_export_3.12.16-4.11.16/Fitabase Data 3.12.16-4.11.16/dailyActivity_merged.csv,175,1440,0.8785,martes,baja,False
2320127002,2016-04-06,6999,4.71999979019165,4.71999979019165,0.0,0.0,0.0,4.71999979019165,0.0,0,0,320,1120,1950,3.12.16-4.11.16,data/raw/mturkfitbit_export_3.12.16-4.11.16/Fitabase Data 3.12.16-4.11.16/dailyActivity_merged.csv,320,1440,0.7778,miércoles,ligera,False
2320127002,2016-04-07,1846,1.24000000953674,1.24000000953674,0.0,0.0,0.0,1.24000000953674,0.0,0,0,93,1347,1508,3.12.16-4.11.16,data/raw/mturkfitbit_export_3.12.16-4.11.16/Fitabase Data 3.12.16-4.11.16/dailyActivity_merged.csv,93,1440,0.9354,jueves,baja,False
2320127002,2016-04-08,3417,2.29999995231628,2.29999995231628,0.0,0.0,0.0,2.29999995231628,0.0,0,0,153,1287,1625,3.12.16-4.11.16,data/raw/mturkfitbit_export_3.12.16-4.11.16/Fitabase Data 3.12.16-4.11.16/dailyActivity_merged.csv,153,1440,0.8938,viernes,baja,False
2320127002,2016-04-09,4863,3.27999997138977,3.27999997138977,0.0,0.0599999986588955,0.419999986886978,2.79999995231628,0.0,1,11,208,1220,1772,3.12.16-4.11.16,data/raw/mturkfitbit_export_3.12.16-4.11.16/Fitabase Data 3.12.16-4.11.16/dailyActivity_merged.csv,220,1440,0.8472,sábado,baja,False
2320127002,2016-04-10,2277,1.52999997138977,1.52999997138977,0.0,0.0,0.0,1.52999997138977,0.0,0,0,103,1337,1530,3.12.16-4.11.16,data/raw/mturkfitbit_export_3.12.16-4.11.16/Fitabase Data 3.12.16-4.11.16/dailyActivity_merged.csv,103,1440,0.9285,domingo,baja,False
2320127002,2016-04-11,11230,7.67000007629395,7.67000007629395,0.0,0.889999985694885,0.119999997317791,6.65999984741211,0.0,10,2,390,1038,2206,3.12.16-4.11.16,data/raw/mturkfitbit_export_3.12.16-4.11.16/Fitabase Data 3.12.16-4.11.16/dailyActivity_merged.csv,402,1440,0.7208,lunes,muy_activa,True
2320127002,2016-04-12,2098,1.4099999666214,1.4099999666214,0.0,0.0,0.0,1.4099999666214,0.0,0,0,69,617,790,3.12.16-4.11.16,data/raw/mturkfitbit_export_3.12.16-4.11.16/Fitabase Data 3.12.16-4.11.16/dailyActivity_merged.csv,69,686,0.8994,martes,baja,False
2347167796,2016-03-29,10272,6.78999996185303,6.78999996185303,0.0,0.159999996423721,3.11999988555908,3.5,0.0,2,58,208,700,2041,3.12.16-4.11.16,data/raw/mturkfitbit_export_3.12.16-4.11.16/Fitabase Data 3.12.16-4.11.16/dailyActivity_merged.csv,268,968,0.7231,martes,muy_activa,True
2347167796,2016-03-30,10533,7.09999990463257,7.09999990463257,0.0,1.76999998092651,2.05999994277954,3.26999998092651,0.0,21,35,255,615,2187,3.12.16-4.11.16,data/raw/mturkfitbit_export_3.12.16-4.11.16/Fitabase Data 3.12.16-4.11.16/dailyActivity_merged.csv,311,926,0.6641,miércoles,muy_activa,True
2347167796,2016-03-31,6760,4.46999979019165,4.46999979019165,0.0,0.0,0.0,4.46999979019165,0.0,0,0,250,613,1929,3.12.16-4.11.16,data/raw/mturkfitbit_export_3.12.16-4.11.16/Fitabase Data 3.12.16-4.11.16/dailyActivity_merged.csv,250,863,0.7103,jueves,ligera,False
2347167796,2016-04-01,8328,5.51000022888184,5.51000022888184,0.0,0.0,2.0,3.5,0.0,0,33,212,804,1935,3.12.16-4.11.16,data/raw/mturkfitbit_export_3.12.16-4.11.16/Fitabase Data 3.12.16-4.11.16/dailyActivity_merged.csv,245,1049,0.7664,viernes,activa,False
2347167796,2016-04-02,15459,10.2200002670288,10.2200002670288,0.0,3.58999991416931,0.810000002384186,5.82000017166138,0.0,51,16,327,583,2438,3.12.16-4.11.16,data/raw/mturkfitbit_export_3.12.16-4.11.16/Fitabase Data 3.12.16-4.11.16/dailyActivity_merged.csv,394,977,0.5967,sábado,muy_activa,True
2347167796,2016-04-03,7485,4.94999980926514,4.94999980926514,0.0,0.0,0.0,4.94999980926514,0.0,0,0,324,491,2035,3.12.16-4.11.16,data/raw/mturkfitbit_export_3.12.16-4.11.16/Fitabase Data 3.12.16-4.11.16/dailyActivity_merged.csv,324,815,0.6025,domingo,ligera,False
2347167796,2016-04-04,10254,6.80000019073486,6.80000019073486,0.0,1.41999995708466,1.23000001907349,4.15999984741211,0.0,21,25,231,638,2099,3.12.16-4.11.16,data/raw/mturkfitbit_export_3.12.16-4.11.16/Fitabase Data 3.12.16-4.11.16/dailyActivity_merged.csv,277,915,0.6973,lunes,muy_activa,True
2347167796,2016-04-05,10114,6.82000017166138,6.82000017166138,0.0,1.63999998569489,0.479999989271164,4.67999982833862,0.0,18,9,269,696,2096,3.12.16-4.11.16,data/raw/mturkfitbit_export_3.12.16-4.11.16/Fitabase Data 3.12.16-4.11.16/dailyActivity_merged.csv,296,992,0.7016,martes,muy_activa,True
2347167796,2016-04-06,11107,7.34000015258789,7.34000015258789,0.0,0.899999976158142,2.75999999046326,3.6800000667572,0.0,14,46,196,759,2058,3.12.16-4.11.16,data/raw/mturkfitbit_export_3.12.16-4.11.16/Fitabase Data 3.12.16-4.11.16/dailyActivity_merged.csv,256,1015,0.7478,miércoles,muy_activa,True
2347167796,2016-04-07,10320,6.84999990463257,6.84999990463257,0.0,0.680000007152557,1.23000001907349,4.94000005722046,0.0,15,32,315,1002,2338,3.12.16-4.11.16,data/raw/mturkfitbit_export_3.12.16-4.11.16/Fitabase Data 3.12.16-4.11.16/dailyActivity_merged.csv,362,1364,0.7346,jueves,muy_activa,True
2347167796,2016-04-08,10209,6.75,6.75,0.0,0.159999996423721,0.349999994039536,6.23000001907349,0.0,2,6,316,711,2104,3.12.16-4.11.16,data/raw/mturkfitbit_export_3.12.16-4.11.16/Fitabase Data 3.12.16-4.11.16/dailyActivity_merged.csv,324,1035,0.687,viernes,muy_activa,True
2347167796,2016-04-09,16081,10.6300001144409,10.6300001144409,0.0,1.25,1.82000005245209,7.55999994277954,0.0,16,32,401,970,2488,3.12.16-4.11.16,data/raw/mturkfitbit_export_3.12.16-4.11.16/Fitabase Data 3.12.16-4.11.16/dailyActivity_merged.csv,449,1419,0.6836,sábado,muy_activa,True
2347167796,2016-04-10,10078,6.82999992370605,6.82999992370605,0.0,1.01999998092651,0.119999997317791,5.69000005722046,0.0,12,3,303,463,2164,3.12.16-4.11.16,data/raw/mturkfitbit_export_3.12.16-4.11.16/Fitabase Data 3.12.16-4.11.16/dailyActivity_merged.csv,318,781,0.5928,domingo,muy_activa,True
2347167796,2016-04-11,10001,6.6100001335144,6.6100001335144,0.0,0.330000013113022,2.9300000667572,3.35999989509583,0.0,5,52,196,788,2009,3.12.16-4.11.16,data/raw/mturkfitbit_export_3.12.16-4.11.16/Fitabase Data 3.12.16-4.11.16/dailyActivity_merged.csv,253,1041,0.757,lunes,muy_activa,True
2347167796,2016-04-12,0,0.0,0.0,0.0,0.0,0.0,0.0,0.0,0,0,0,425,399,3.12.16-4.11.16,data/raw/mturkfitbit_export_3.12.16-4.11.16/Fitabase Data 3.12.16-4.11.16/dailyActivity_merged.csv,0,425,1.0,martes,baja,False
2873212765,2016-04-01,890,0.600000023841858,0.600000023841858,0.0,0.0,0.0,0.600000023841858,0.0,0,0,41,1399,1335,3.12.16-4.11.16,data/raw/mturkfitbit_export_3.12.16-4.11.16/Fitabase Data 3.12.16-4.11.16/dailyActivity_merged.csv,41,1440,0.9715,viernes,baja,False
2873212765,2016-04-02,2214,1.49000000953674,1.49000000953674,0.0,0.0,0.0,1.49000000953674,0.0,0,0,197,1243,1559,3.12.16-4.11.16,data/raw/mturkfitbit_export_3.12.16-4.11.16/Fitabase Data 3.12.16-4.11.16/dailyActivity_merged.csv,197,1440,0.8632,sábado,baja,False
2873212765,2016-04-03,7640,5.13000011444092,5.13000011444092,0.0,0.189999997615814,0.800000011920929,4.15000009536743,0.0,3,15,315,1107,1845,3.12.16-4.11.16,data/raw/mturkfitbit_export_3.12.16-4.11.16/Fitabase Data 3.12.16-4.11.16/dailyActivity_merged.csv,333,1440,0.7688,domingo,activa,False
2873212765,2016-04-04,9713,6.53000020980835,6.53000020980835,0.0,0.340000003576279,0.889999985694885,5.28999996185303,0.0,6,24,355,1055,2046,3.12.16-4.11.16,data/raw/mturkfitbit_export_3.12.16-4.11.16/Fitabase Data 3.12.16-4.11.16/dailyActivity_merged.csv,385,1440,0.7326,lunes,activa,False
2873212765,2016-04-05,8432,5.67000007629395,5.67000007629395,0.0,0.0,0.0,5.65000009536743,0.0099999997764825,0,0,374,1066,1953,3.12.16-4.11.16,data/raw/mturkfitbit_export_3.12.16-4.11.16/Fitabase Data 3.12.16-4.11.16/dailyActivity_merged.csv,374,1440,0.7403,martes,activa,False
2873212765,2016-04-06,7350,4.94000005722046,4.94000005722046,0.0,0.0,0.0,4.94000005722046,0.0,0,0,382,1058,1910,3.12.16-4.11.16,data/raw/mturkfitbit_export_3.12.16-4.11.16/Fitabase Data 3.12.16-4.11.16/dailyActivity_merged.csv,382,1440,0.7347,miércoles,ligera,False
2873212765,2016-04-07,9353,6.30999994277954,6.30999994277954,0.0,0.370000004768372,0.689999997615814,5.23999977111816,0.0,5,17,363,1055,2035,3.12.16-4.11.16,data/raw/mturkfitbit_export_3.12.16-4.11.16/Fitabase Data 3.12.16-4.11.16/dailyActivity_merged.csv,385,1440,0.7326,jueves,activa,False
2873212765,2016-04-08,7157,4.80999994277954,4.80999994277954,0.0,0.0,0.0,4.80999994277954,0.0,0,0,380,1060,1944,3.12.16-4.11.16,data/raw/mturkfitbit_export_3.12.16-4.11.16/Fitabase Data 3.12.16-4.11.16/dailyActivity_merged.csv,380,1440,0.7361,viernes,ligera,False
2873212765,2016-04-09,14103,9.5600004196167,9.5600004196167,0.0,3.01999998092651,0.409999996423721,6.1399998664856,0.0099999997764825,46,8,288,1098,2257,3.12.16-4.11.16,data/raw/mturkfitbit_export_3.12.16-4.11.16/Fitabase Data 3.12.16-4.11.16/dailyActivity_merged.csv,342,1440,0.7625,sábado,muy_activa,True
2873212765,2016-04-10,5290,3.54999995231628,3.54999995231628,0.0,0.0399999991059303,0.340000003576279,3.17000007629395,0.0,1,8,251,1180,1724,3.12.16-4.11.16,data/raw/mturkfitbit_export_3.12.16-4.11.16/Fitabase Data 3.12.16-4.11.16/dailyActivity_merged.csv,260,1440,0.8194,domingo,ligera,False
2873212765,2016-04-11,7497,5.03999996185303,5.03999996185303,0.0,0.0,0.0,5.03999996185303,0.0,0,0,357,882,1741,3.12.16-4.11.16,data/raw/mturkfitbit_export_3.12.16-4.11.16/Fitabase Data 3.12.16-4.11.16/dailyActivity_merged.csv,357,1239,0.7119,lunes,ligera,False
2873212765,2016-04-12,0,0.0,0.0,0.0,0.0,0.0,0.0,0.0,0,0,0,1440,0,3.12.16-4.11.16,data/raw/mturkfitbit_export_3.12.16-4.11.16/Fitabase Data 3.12.16-4.11.16/dailyActivity_merged.csv,0,1440,1.0,martes,baja,False
2891001357,2016-03-29,0,0.0,0.0,0.0,0.0,0.0,0.0,0.0,0,0,0,1440,1920,3.12.16-4.11.16,data/raw/mturkfitbit_export_3.12.16-4.11.16/Fitabase Data 3.12.16-4.11.16/dailyActivity_merged.csv,0,1440,1.0,martes,baja,False
2891001357,2016-03-30,0,0.0,0.0,0.0,0.0,0.0,0.0,0.0,0,0,0,1440,1920,3.12.16-4.11.16,data/raw/mturkfitbit_export_3.12.16-4.11.16/Fitabase Data 3.12.16-4.11.16/dailyActivity_merged.csv,0,1440,1.0,miércoles,baja,False
2891001357,2016-03-31,0,0.0,0.0,0.0,0.0,0.0,0.0,0.0,0,0,0,1440,1920,3.12.16-4.11.16,data/raw/mturkfitbit_export_3.12.16-4.11.16/Fitabase Data 3.12.16-4.11.16/dailyActivity_merged.csv,0,1440,1.0,jueves,baja,False
2891001357,2016-04-01,0,0.0,0.0,4.82803201675415,0.0,0.0,0.0,0.0,0,660,0,780,4562,3.12.16-4.11.16,data/raw/mturkfitbit_export_3.12.16-4.11.16/Fitabase Data 3.12.16-4.11.16/dailyActivity_merged.csv,660,1440,0.5417,viernes,baja,False
2891001357,2016-04-02,4126,3.22000002861023,0.0,3.21868801116943,0.0,0.0,3.22000002861023,0.0,0,0,720,720,2881,3.12.16-4.11.16,data/raw/mturkfitbit_export_3.12.16-4.11.16/Fitabase Data 3.12.16-4.11.16/dailyActivity_merged.csv,720,1440,0.5,sábado,baja,False
2891001357,2016-04-03,0,0.0,0.0,0.0,0.0,0.0,0.0,0.0,0,0,0,1440,1920,3.12.16-4.11.16,data/raw/mturkfitbit_export_3.12.16-4.11.16/Fitabase Data 3.12.16-4.11.16/dailyActivity_merged.csv,0,1440,1.0,domingo,baja,False
2891001357,2016-04-04,0,0.0,0.0,0.0,0.0,0.0,0.0,0.0,0,0,0,1440,1920,3.12.16-4.11.16,data/raw/mturkfitbit_export_3.12.16-4.11.16/Fitabase Data 3.12.16-4.11.16/dailyActivity_merged.csv,0,1440,1.0,lunes,baja,False
2891001357,2016-04-05,2063,1.61000001430511,0.0,1.60934400558472,0.0,0.0,1.61000001430511,0.0,0,0,630,99,1144,3.12.16-4.11.16,data/raw/mturkfitbit_export_3.12.16-4.11.16/Fitabase Data 3.12.16-4.11.16/dailyActivity_merged.csv,630,729,0.1358,martes,baja,False
3372868164,2016-04-01,5785,3.95000004768372,3.95000004768372,0.0,0.0,0.0,3.91000008583069,0.0399999991059303,0,0,311,1129,1852,3.12.16-4.11.16,data/raw/mturkfitbit_export_3.12.16-4.11.16/Fitabase Data 3.12.16-4.11.16/dailyActivity_merged.csv,311,1440,0.784,viernes,ligera,False
3372868164,2016-04-02,7625,5.23000001907349,5.23000001907349,0.0,1.67999994754791,0.0399999991059303,3.5,0.0099999997764825,24,1,341,1074,2069,3.12.16-4.11.16,data/raw/mturkfitbit_export_3.12.16-4.11.16/Fitabase Data 3.12.16-4.11.16/dailyActivity_merged.csv,366,1440,0.7458,sábado,activa,False
3372868164,2016-04-03,4706,3.21000003814697,3.21000003814697,0.0,0.0,0.0,3.21000003814697,0.0,0,0,299,1141,1816,3.12.16-4.11.16,data/raw/mturkfitbit_export_3.12.16-4.11.16/Fitabase Data 3.12.16-4.11.16/dailyActivity_merged.csv,299,1440,0.7924,domingo,baja,False
3372868164,2016-04-04,5861,4.01999998092651,4.01999998092651,0.0,1.29999995231628,0.219999998807907,2.49000000953674,0.0099999997764825,20,7,233,1180,1878,3.12.16-4.11.16,data/raw/mturkfitbit_export_3.12.16-4.11.16/Fitabase Data 3.12.16-4.11.16/dailyActivity_merged.csv,260,1440,0.8194,lunes,ligera,False
3372868164,2016-04-05,4460,3.03999996185303,3.03999996185303,0.0,0.0,0.0,3.01999998092651,0.0299999993294477,0,0,248,1192,1787,3.12.16-4.11.16,data/raw/mturkfitbit_export_3.12.16-4.11.16/Fitabase Data 3.12.16-4.11.16/dailyActivity_merged.csv,248,1440,0.8278,martes,baja,False
3372868164,2016-04-06,6406,4.3899998664856,4.3899998664856,0.0,0.779999971389771,0.0900000035762787,3.51999998092651,0.0099999997764825,17,4,325,1094,2010,3.12.16-4.11.16,data/raw/mturkfitbit_export_3.12.16-4.11.16/Fitabase Data 3.12.16-4.11.16/dailyActivity_merged.csv,346,1440,0.7597,miércoles,ligera,False
3372868164,2016-04-07,7392,5.09999990463257,5.09999990463257,0.0,0.870000004768372,0.159999996423721,4.05000019073486,0.0199999995529652,14,9,332,1085,2038,3.12.16-4.11.16,data/raw/mturkfitbit_export_3.12.16-4.11.16/Fitabase Data 3.12.16-4.11.16/dailyActivity_merged.csv,355,1440,0.7535,jueves,ligera,False
3372868164,2016-04-08,5551,3.78999996185303,3.78999996185303,0.0,0.0,0.0,3.76999998092651,0.0099999997764825,0,0,282,1158,1815,3.12.16-4.11.16,data/raw/mturkfitbit_export_3.12.16-4.11.16/Fitabase Data 3.12.16-4.11.16/dailyActivity_merged.csv,282,1440,0.8042,viernes,ligera,False
3372868164,2016-04-09,8827,6.25,6.25,0.0,1.76999998092651,0.479999989271164,4.0,0.0099999997764825,21,10,346,1063,2062,3.12.16-4.11.16,data/raw/mturkfitbit_export_3.12.16-4.11.16/Fitabase Data 3.12.16-4.11.16/dailyActivity_merged.csv,377,1440,0.7382,sábado,activa,False
3372868164,2016-04-10,4662,3.1800000667572,3.1800000667572,0.0,1.03999996185303,0.150000005960464,1.99000000953674,0.0,22,4,152,735,1276,3.12.16-4.11.16,data/raw/mturkfitbit_export_3.12.16-4.11.16/Fitabase Data 3.12.16-4.11.16/dailyActivity_merged.csv,178,913,0.805,domingo,baja,False
3977333714,2016-04-01,4499,3.00999999046326,3.00999999046326,0.0,0.0,0.0,3.00999999046326,0.0,0,0,168,842,1288,3.12.16-4.11.16,data/raw/mturkfitbit_export_3.12.16-4.11.16/Fitabase Data 3.12.16-4.11.16/dailyActivity_merged.csv,168,1010,0.8337,viernes,baja,False
3977333714,2016-04-02,7618,5.09999990463257,5.09999990463257,0.0,0.0,0.180000007152557,4.90999984741211,0.0,0,6,302,842,1490,3.12.16-4.11.16,data/raw/mturkfitbit_export_3.12.16-4.11.16/Fitabase Data 3.12.16-4.11.16/dailyActivity_merged.csv,308,1150,0.7322,sábado,activa,False
3977333714,2016-04-03,11508,7.69999980926514,7.69999980926514,0.0,2.17000007629395,0.839999973773956,4.69000005722046,0.0,29,22,282,748,1630,3.12.16-4.11.16,data/raw/mturkfitbit_export_3.12.16-4.11.16/Fitabase Data 3.12.16-4.11.16/dailyActivity_merged.csv,333,1081,0.692,domingo,muy_activa,True
3977333714,2016-04-04,11943,7.98999977111816,7.98999977111816,0.0,1.02999997138977,2.00999999046326,4.94999980926514,0.0,16,43,297,710,1648,3.12.16-4.11.16,data/raw/mturkfitbit_export_3.12.16-4.11.16/Fitabase Data 3.12.16-4.11.16/dailyActivity_merged.csv,356,1066,0.666,lunes,muy_activa,True
3977333714,2016-04-05,12303,8.22999954223633,8.22999954223633,0.0,1.71000003814697,1.35000002384186,5.17000007629395,0.0,26,32,291,605,1649,3.12.16-4.11.16,data/raw/mturkfitbit_export_3.12.16-4.11.16/Fitabase Data 3.12.16-4.11.16/dailyActivity_merged.csv,349,954,0.6342,martes,muy_activa,True
3977333714,2016-04-06,15425,10.3199996948242,10.3199996948242,0.0,1.62000000476837,1.82000005245209,6.86999988555908,0.0,24,45,331,614,1783,3.12.16-4.11.16,data/raw/mturkfitbit_export_3.12.16-4.11.16/Fitabase Data 3.12.16-4.11.16/dailyActivity_merged.csv,400,1014,0.6055,miércoles,muy_activa,True
3977333714,2016-04-07,8422,5.63000011444092,5.63000011444092,0.0,0.0,3.59999990463257,2.03999996185303,0.0,0,81,139,815,1431,3.12.16-4.11.16,data/raw/mturkfitbit_export_3.12.16-4.11.16/Fitabase Data 3.12.16-4.11.16/dailyActivity_merged.csv,220,1035,0.7874,jueves,activa,False
3977333714,2016-04-08,10226,6.84000015258789,6.84000015258789,0.0,0.0,4.44000005722046,2.40000009536743,0.0,0,101,174,685,1524,3.12.16-4.11.16,data/raw/mturkfitbit_export_3.12.16-4.11.16/Fitabase Data 3.12.16-4.11.16/dailyActivity_merged.csv,275,960,0.7135,viernes,muy_activa,True
3977333714,2016-04-09,14583,9.76000022888184,9.76000022888184,0.0,2.48000001907349,1.74000000953674,5.53000020980835,0.0,35,36,254,697,1697,3.12.16-4.11.16,data/raw/mturkfitbit_export_3.12.16-4.11.16/Fitabase Data 3.12.16-4.11.16/dailyActivity_merged.csv,325,1022,0.682,sábado,muy_activa,True
3977333714,2016-04-10,3573,2.39000010490417,2.39000010490417,0.0,0.939999997615814,0.409999996423721,0.970000028610229,0.0,15,8,99,866,1232,3.12.16-4.11.16,data/raw/mturkfitbit_export_3.12.16-4.11.16/Fitabase Data 3.12.16-4.11.16/dailyActivity_merged.csv,122,988,0.8765,domingo,baja,False
3977333714,2016-04-11,3108,2.14000010490417,2.14000010490417,0.0,0.0700000002980232,0.0399999991059303,1.96000003814697,0.0,1,1,129,894,1223,3.12.16-4.11.16,data/raw/mturkfitbit_export_3.12.16-4.11.16/Fitabase Data 3.12.16-4.11.16/dailyActivity_merged.csv,131,1025,0.8722,lunes,baja,False
3977333714,2016-04-12,759,0.569999992847443,0.569999992847443,0.0,0.0,0.0,0.569999992847443,0.0,0,0,17,187,182,3.12.16-4.11.16,data/raw/mturkfitbit_export_3.12.16-4.11.16/Fitabase Data 3.12.16-4.11.16/dailyActivity_merged.csv,17,204,0.9167,martes,baja,False
4020332650,2016-03-12,5543,3.97000002861023,3.97000002861023,0.0,0.0,0.0,3.96000003814697,0.0099999997764825,0,0,254,757,2990,3.12.16-4.11.16,data/raw/mturkfitbit_export_3.12.16-4.11.16/Fitabase Data 3.12.16-4.11.16/dailyActivity_merged.csv,254,1011,0.7488,sábado,ligera,False
4020332650,2016-03-13,3226,2.30999994277954,2.30999994277954,0.0,0.0,0.0,2.27999997138977,0.0,0,0,136,771,2480,3.12.16-4.11.16,data/raw/mturkfitbit_export_3.12.16-4.11.16/Fitabase Data 3.12.16-4.11.16/dailyActivity_merged.csv,136,907,0.8501,domingo,baja,False
4020332650,2016-03-14,3023,2.17000007629395,2.17000007629395,0.0,0.0,0.0,2.14000010490417,0.0,0,0,145,1005,2570,3.12.16-4.11.16,data/raw/mturkfitbit_export_3.12.16-4.11.16/Fitabase Data 3.12.16-4.11.16/dailyActivity_merged.csv,145,1150,0.8739,lunes,baja,False
4020332650,2016-03-15,5906,4.23000001907349,4.23000001907349,0.0,0.0,0.159999996423721,4.03999996185303,0.0,0,10,215,874,3016,3.12.16-4.11.16,data/raw/mturkfitbit_export_3.12.16-4.11.16/Fitabase Data 3.12.16-4.11.16/dailyActivity_merged.csv,225,1099,0.7953,martes,ligera,False
4020332650,2016-03-16,12483,8.98999977111816,8.98999977111816,0.0,1.45000004768372,0.569999992847443,6.90000009536743,0.0,25,14,309,599,3830,3.12.16-4.11.16,data/raw/mturkfitbit_export_3.12.16-4.11.16/Fitabase Data 3.12.16-4.11.16/dailyActivity_merged.csv,348,947,0.6325,miércoles,muy_activa,True
4020332650,2016-03-17,8940,6.40999984741211,6.40999984741211,0.0,0.0,0.0,0.610000014305115,0.0399999991059303,0,0,47,986,3706,3.12.16-4.11.16,data/raw/mturkfitbit_export_3.12.16-4.11.16/Fitabase Data 3.12.16-4.11.16/dailyActivity_merged.csv,47,1033,0.9545,jueves,activa,False
4020332650,2016-03-18,368,0.259999990463257,0.259999990463257,0.0,0.0,0.0,0.0,0.0,0,0,0,1440,2024,3.12.16-4.11.16,data/raw/mturkfitbit_export_3.12.16-4.11.16/Fitabase Data 3.12.16-4.11.16/dailyActivity_merged.csv,0,1440,1.0,viernes,baja,False
4020332650,2016-03-19,5702,4.09000015258789,4.09000015258789,0.0,0.0,0.0,0.0,0.0,0,0,0,1440,2980,3.12.16-4.11.16,data/raw/mturkfitbit_export_3.12.16-4.11.16/Fitabase Data 3.12.16-4.11.16/dailyActivity_merged.csv,0,1440,1.0,sábado,ligera,False
4020332650,2016-03-20,10330,7.40999984741211,7.40999984741211,0.0,0.0,0.0,0.0,0.0,0,0,0,1440,3728,3.12.16-4.11.16,data/raw/mturkfitbit_export_3.12.16-4.11.16/Fitabase Data 3.12.16-4.11.16/dailyActivity_merged.csv,0,1440,1.0,domingo,muy_activa,True
4020332650,2016-03-21,8778,6.28999996185303,6.28999996185303,0.0,0.0,0.0,0.0,0.0,0,0,0,1440,3348,3.12.16-4.11.16,data/raw/mturkfitbit_export_3.12.16-4.11.16/Fitabase Data 3.12.16-4.11.16/dailyActivity_merged.csv,0,1440,1.0,lunes,activa,False
4020332650,2016-03-22,6662,4.78000020980835,4.78000020980835,0.0,0.0,0.0,0.0,0.0,0,0,0,1440,3162,3.12.16-4.11.16,data/raw/mturkfitbit_export_3.12.16-4.11.16/Fitabase Data 3.12.16-4.11.16/dailyActivity_merged.csv,0,1440,1.0,martes,ligera,False
4020332650,2016-03-23,6309,4.51999998092651,4.51999998092651,0.0,0.0,0.0,0.0,0.0,0,0,0,1440,3140,3.12.16-4.11.16,data/raw/mturkfitbit_export_3.12.16-4.11.16/Fitabase Data 3.12.16-4.11.16/dailyActivity_merged.csv,0,1440,1.0,miércoles,ligera,False
4020332650,2016-03-24,1951,1.4099999666214,1.4099999666214,0.0,0.0,0.0,0.0,0.0,0,0,0,1440,1980,3.12.16-4.11.16,data/raw/mturkfitbit_export_3.12.16-4.11.16/Fitabase Data 3.12.16-4.11.16/dailyActivity_merged.csv,0,1440,1.0,jueves,baja,False
4020332650,2016-03-25,5563,3.99000000953674,3.99000000953674,0.0,0.0,0.0,0.0,0.0,0,0,0,1440,3681,3.12.16-4.11.16,data/raw/mturkfitbit_export_3.12.16-4.11.16/Fitabase Data 3.12.16-4.11.16/dailyActivity_merged.csv,0,1440,1.0,viernes,ligera,False
4020332650,2016-03-26,4370,3.13000011444092,3.13000011444092,0.0,0.0,0.0,0.0,0.0,0,0,0,1440,3444,3.12.16-4.11.16,data/raw/mturkfitbit_export_3.12.16-4.11.16/Fitabase Data 3.12.16-4.11.16/dailyActivity_merged.csv,0,1440,1.0,sábado,baja,False
4020332650,2016-03-27,7144,5.11999988555908,5.11999988555908,0.0,0.0,0.0,0.0,0.0,0,0,0,1440,3510,3.12.16-4.11.16,data/raw/mturkfitbit_export_3.12.16-4.11.16/Fitabase Data 3.12.16-4.11.16/dailyActivity_merged.csv,0,1440,1.0,domingo,ligera,False
4020332650,2016-03-28,2106,1.50999999046326,1.50999999046326,0.0,0.0199999995529652,0.0500000007450581,0.209999993443489,0.0,31,45,75,1289,4010,3.12.16-4.11.16,data/raw/mturkfitbit_export_3.12.16-4.11.16/Fitabase Data 3.12.16-4.11.16/dailyActivity_merged.csv,151,1440,0.8951,lunes,baja,False
4020332650,2016-03-29,4152,2.98000001907349,2.98000001907349,0.0,0.0,0.0,2.96000003814697,0.0,0,0,187,1253,2976,3.12.16-4.11.16,data/raw/mturkfitbit_export_3.12.16-4.11.16/Fitabase Data 3.12.16-4.11.16/dailyActivity_merged.csv,187,1440,0.8701,martes,baja,False
4020332650,2016-03-30,5400,3.86999988555908,3.86999988555908,0.0,0.0,0.0,3.84999990463257,0.0,0,0,258,795,3418,3.12.16-4.11.16,data/raw/mturkfitbit_export_3.12.16-4.11.16/Fitabase Data 3.12.16-4.11.16/dailyActivity_merged.csv,258,1053,0.755,miércoles,ligera,False
4020332650,2016-03-31,7428,5.32999992370605,5.32999992370605,0.0,0.870000004768372,0.920000016689301,3.50999999046326,0.0,18,33,261,860,3439,3.12.16-4.11.16,data/raw/mturkfitbit_export_3.12.16-4.11.16/Fitabase Data 3.12.16-4.11.16/dailyActivity_merged.csv,312,1172,0.7338,jueves,ligera,False
4020332650,2016-04-01,5351,3.83999991416931,3.83999991416931,0.0,0.620000004768372,0.180000007152557,3.00999999046326,0.0,15,17,210,748,3338,3.12.16-4.11.16,data/raw/mturkfitbit_export_3.12.16-4.11.16/Fitabase Data 3.12.16-4.11.16/dailyActivity_merged.csv,242,990,0.7556,viernes,ligera,False
4020332650,2016-04-02,4299,3.09999990463257,3.09999990463257,0.0,0.0900000035762787,0.209999993443489,2.74000000953674,0.0399999991059303,3,15,162,752,2892,3.12.16-4.11.16,data/raw/mturkfitbit_export_3.12.16-4.11.16/Fitabase Data 3.12.16-4.11.16/dailyActivity_merged.csv,180,932,0.8069,sábado,baja,False
4020332650,2016-04-03,6107,4.38000011444092,4.38000011444092,0.0,0.0,0.0,4.3600001335144,0.0,0,0,265,776,3313,3.12.16-4.11.16,data/raw/mturkfitbit_export_3.12.16-4.11.16/Fitabase Data 3.12.16-4.11.16/dailyActivity_merged.csv,265,1041,0.7454,domingo,ligera,False
4020332650,2016-04-04,6429,4.59999990463257,4.59999990463257,0.0,0.0,0.949999988079071,3.65000009536743,0.0,0,28,193,741,3118,3.12.16-4.11.16,data/raw/mturkfitbit_export_3.12.16-4.11.16/Fitabase Data 3.12.16-4.11.16/dailyActivity_merged.csv,221,962,0.7703,lunes,ligera,False
4020332650,2016-04-05,6880,4.92999982833862,4.92999982833862,0.0,0.5,0.759999990463257,3.65000009536743,0.0,7,19,165,1249,2966,3.12.16-4.11.16,data/raw/mturkfitbit_export_3.12.16-4.11.16/Fitabase Data 3.12.16-4.11.16/dailyActivity_merged.csv,191,1440,0.8674,martes,ligera,False
4020332650,2016-04-06,7476,5.3600001335144,5.3600001335144,0.0,0.0,0.0,5.30999994277954,0.0,0,0,263,920,3253,3.12.16-4.11.16,data/raw/mturkfitbit_export_3.12.16-4.11.16/Fitabase Data 3.12.16-4.11.16/dailyActivity_merged.csv,263,1183,0.7777,miércoles,ligera,False
4020332650,2016-04-07,6581,4.71999979019165,4.71999979019165,0.0,0.0,0.28999999165535,4.3899998664856,0.0,0,8,241,1191,3032,3.12.16-4.11.16,data/raw/mturkfitbit_export_3.12.16-4.11.16/Fitabase Data 3.12.16-4.11.16/dailyActivity_merged.csv,249,1440,0.8271,jueves,ligera,False
4020332650,2016-04-08,10480,7.51000022888184,7.51000022888184,0.0,0.409999996423721,1.47000002861023,5.01000022888184,0.0399999991059303,6,37,272,1125,4034,3.12.16-4.11.16,data/raw/mturkfitbit_export_3.12.16-4.11.16/Fitabase Data 3.12.16-4.11.16/dailyActivity_merged.csv,315,1440,0.7812,viernes,muy_activa,True
4020332650,2016-04-09,7734,5.55000019073486,5.55000019073486,0.0,1.1599999666214,0.490000009536743,3.8199999332428,0.0599999986588955,20,12,223,1185,3264,3.12.16-4.11.16,data/raw/mturkfitbit_export_3.12.16-4.11.16/Fitabase Data 3.12.16-4.11.16/dailyActivity_merged.csv,255,1440,0.8229,sábado,activa,False
4020332650,2016-04-10,5129,3.6800000667572,3.6800000667572,0.0,0.180000007152557,0.239999994635582,3.21000003814697,0.0099999997764825,5,7,176,1178,2817,3.12.16-4.11.16,data/raw/mturkfitbit_export_3.12.16-4.11.16/Fitabase Data 3.12.16-4.11.16/dailyActivity_merged.csv,188,1366,0.8624,domingo,ligera,False
4020332650,2016-04-11,2993,2.15000009536743,2.15000009536743,0.0,0.0,0.0,2.08999991416931,0.0,0,0,114,888,2507,3.12.16-4.11.16,data/raw/mturkfitbit_export_3.12.16-4.11.16/Fitabase Data 3.12.16-4.11.16/dailyActivity_merged.csv,114,1002,0.8862,lunes,baja,False
4020332650,2016-04-12,8,0.0099999997764825,0.0099999997764825,0.0,0.0,0.0,0.0099999997764825,0.0,0,0,1,321,446,3.12.16-4.11.16,data/raw/mturkfitbit_export_3.12.16-4.11.16/Fitabase Data 3.12.16-4.11.16/dailyActivity_merged.csv,1,322,0.9969,martes,baja,False
4057192912,2016-03-12,0,0.0,0.0,0.0,0.0,0.0,0.0,0.0,0,0,0,1440,1777,3.12.16-4.11.16,data/raw/mturkfitbit_export_3.12.16-4.11.16/Fitabase Data 3.12.16-4.11.16/dailyActivity_merged.csv,0,1440,1.0,sábado,baja,False
4057192912,2016-03-13,0,0.0,0.0,0.0,0.0,0.0,0.0,0.0,0,0,0,1440,1777,3.12.16-4.11.16,data/raw/mturkfitbit_export_3.12.16-4.11.16/Fitabase Data 3.12.16-4.11.16/dailyActivity_merged.csv,0,1440,1.0,domingo,baja,False
4057192912,2016-03-14,8433,6.23000001907349,6.23000001907349,0.0,2.45000004768372,0.330000013113022,3.44000005722046,0.0,30,7,135,1268,2453,3.12.16-4.11.16,data/raw/mturkfitbit_export_3.12.16-4.11.16/Fitabase Data 3.12.16-4.11.16/dailyActivity_merged.csv,172,1440,0.8806,lunes,activa,False
4057192912,2016-03-15,0,0.0,0.0,0.0,0.0,0.0,0.0,0.0,0,0,0,1440,1776,3.12.16-4.11.16,data/raw/mturkfitbit_export_3.12.16-4.11.16/Fitabase Data 3.12.16-4.11.16/dailyActivity_merged.csv,0,1440,1.0,martes,baja,False
4057192912,2016-03-16,2139,1.55999994277954,1.55999994277954,0.0,0.0,1.29999995231628,0.259999990463257,0.0,0,28,15,1397,1935,3.12.16-4.11.16,data/raw/mturkfitbit_export_3.12.16-4.11.16/Fitabase Data 3.12.16-4.11.16/dailyActivity_merged.csv,43,1440,0.9701,miércoles,baja,False
4057192912,2016-03-17,0,0.0,0.0,0.0,0.0,0.0,0.0,0.0,0,0,0,1440,1776,3.12.16-4.11.16,data/raw/mturkfitbit_export_3.12.16-4.11.16/Fitabase Data 3.12.16-4.11.16/dailyActivity_merged.csv,0,1440,1.0,jueves,baja,False
4057192912,2016-03-18,949,0.689999997615814,0.689999997615814,0.0,0.0,0.0,0.689999997615814,0.0,0,0,34,1406,1870,3.12.16-4.11.16,data/raw/mturkfitbit_export_3.12.16-4.11.16/Fitabase Data 3.12.16-4.11.16/dailyActivity_merged.csv,34,1440,0.9764,viernes,baja,False
4057192912,2016-03-19,0,0.0,0.0,0.0,0.0,0.0,0.0,0.0,0,0,0,1440,1777,3.12.16-4.11.16,data/raw/mturkfitbit_export_3.12.16-4.11.16/Fitabase Data 3.12.16-4.11.16/dailyActivity_merged.csv,0,1440,1.0,sábado,baja,False
4057192912,2016-03-20,44,0.0299999993294477,0.0299999993294477,0.0,0.0,0.0,0.0299999993294477,0.0,0,0,2,1438,1782,3.12.16-4.11.16,data/raw/mturkfitbit_export_3.12.16-4.11.16/Fitabase Data 3.12.16-4.11.16/dailyActivity_merged.csv,2,1440,0.9986,domingo,baja,False
4057192912,2016-03-21,2660,1.94000005722046,1.94000005722046,0.0,0.0,0.0,1.94000005722046,0.0,0,0,46,1394,1978,3.12.16-4.11.16,data/raw/mturkfitbit_export_3.12.16-4.11.16/Fitabase Data 3.12.16-4.11.16/dailyActivity_merged.csv,46,1440,0.9681,lunes,baja,False
4057192912,2016-03-22,5561,4.19000005722046,4.19000005722046,0.0,0.0,0.0,4.07000017166138,0.0,0,0,169,1271,2296,3.12.16-4.11.16,data/raw/mturkfitbit_export_3.12.16-4.11.16/Fitabase Data 3.12.16-4.11.16/dailyActivity_merged.csv,169,1440,0.8826,martes,ligera,False
4057192912,2016-03-23,7239,5.34000015258789,5.34000015258789,0.0,0.550000011920929,0.360000014305115,4.38000011444092,0.0,7,7,190,1236,2484,3.12.16-4.11.16,data/raw/mturkfitbit_export_3.12.16-4.11.16/Fitabase Data 3.12.16-4.11.16/dailyActivity_merged.csv,204,1440,0.8583,miércoles,ligera,False
4057192912,2016-03-24,7,0.0099999997764825,0.0099999997764825,0.0,0.0,0.0,0.0099999997764825,0.0,0,0,1,1439,1787,3.12.16-4.11.16,data/raw/mturkfitbit_export_3.12.16-4.11.16/Fitabase Data 3.12.16-4.11.16/dailyActivity_merged.csv,1,1440,0.9993,jueves,baja,False
4057192912,2016-03-25,0,0.0,0.0,0.0,0.0,0.0,0.0,0.0,0,0,0,1440,1776,3.12.16-4.11.16,data/raw/mturkfitbit_export_3.12.16-4.11.16/Fitabase Data 3.12.16-4.11.16/dailyActivity_merged.csv,0,1440,1.0,viernes,baja,False
4057192912,2016-03-26,0,0.0,0.0,0.0,0.0,0.0,0.0,0.0,0,0,0,1440,1776,3.12.16-4.11.16,data/raw/mturkfitbit_export_3.12.16-4.11.16/Fitabase Data 3.12.16-4.11.16/dailyActivity_merged.csv,0,1440,1.0,sábado,baja,False
4057192912,2016-03-27,2275,1.67999994754791,1.67999994754791,0.0,0.0,0.0,1.6599999666214,0.0,0,0,86,1354,2005,3.12.16-4.11.16,data/raw/mturkfitbit_export_3.12.16-4.11.16/Fitabase Data 3.12.16-4.11.16/dailyActivity_merged.csv,86,1440,0.9403,domingo,baja,False
4057192912,2016-03-28,8,0.0099999997764825,0.0099999997764825,0.0,0.0,0.0,0.0099999997764825,0.0,0,0,1,1439,1778,3.12.16-4.11.16,data/raw/mturkfitbit_export_3.12.16-4.11.16/Fitabase Data 3.12.16-4.11.16/dailyActivity_merged.csv,1,1440,0.9993,lunes,baja,False
4057192912,2016-03-29,5137,3.75999999046326,3.75999999046326,0.0,0.0,0.0,3.75999999046326,0.0,0,0,160,1280,2293,3.12.16-4.11.16,data/raw/mturkfitbit_export_3.12.16-4.11.16/Fitabase Data 3.12.16-4.11.16/dailyActivity_merged.csv,160,1440,0.8889,martes,ligera,False
4057192912,2016-03-30,5419,4.0,4.57000017166138,0.055842999368906,0.0,0.0,3.91000008583069,0.0599999986588955,0,0,145,1295,2259,3.12.16-4.11.16,data/raw/mturkfitbit_export_3.12.16-4.11.16/Fitabase Data 3.12.16-4.11.16/dailyActivity_merged.csv,145,1440,0.8993,miércoles,ligera,False
4057192912,2016-03-31,0,0.0,0.0,0.0,0.0,0.0,0.0,0.0,0,0,0,1440,1776,3.12.16-4.11.16,data/raw/mturkfitbit_export_3.12.16-4.11.16/Fitabase Data 3.12.16-4.11.16/dailyActivity_merged.csv,0,1440,1.0,jueves,baja,False
4057192912,2016-04-01,0,0.0,0.0,0.0,0.0,0.0,0.0,0.0,0,0,0,1440,1776,3.12.16-4.11.16,data/raw/mturkfitbit_export_3.12.16-4.11.16/Fitabase Data 3.12.16-4.11.16/dailyActivity_merged.csv,0,1440,1.0,viernes,baja,False
4057192912,2016-04-02,0,0.0,0.0,0.0,0.0,0.0,0.0,0.0,0,0,0,1440,1776,3.12.16-4.11.16,data/raw/mturkfitbit_export_3.12.16-4.11.16/Fitabase Data 3.12.16-4.11.16/dailyActivity_merged.csv,0,1440,1.0,sábado,baja,False
4057192912,2016-04-03,0,0.0,0.0,0.0,0.0,0.0,0.0,0.0,0,0,0,1440,1776,3.12.16-4.11.16,data/raw/mturkfitbit_export_3.12.16-4.11.16/Fitabase Data 3.12.16-4.11.16/dailyActivity_merged.csv,0,1440,1.0,domingo,baja,False
4057192912,2016-04-04,0,0.0,0.0,0.0,0.0,0.0,0.0,0.0,0,0,0,1440,1776,3.12.16-4.11.16,data/raw/mturkfitbit_export_3.12.16-4.11.16/Fitabase Data 3.12.16-4.11.16/dailyActivity_merged.csv,0,1440,1.0,lunes,baja,False
4057192912,2016-04-05,0,0.0,0.0,0.0,0.0,0.0,0.0,0.0,0,0,0,1440,1776,3.12.16-4.11.16,data/raw/mturkfitbit_export_3.12.16-4.11.16/Fitabase Data 3.12.16-4.11.16/dailyActivity_merged.csv,0,1440,1.0,martes,baja,False
4057192912,2016-04-06,18,0.0099999997764825,0.0099999997764825,0.0,0.0,0.0,0.0099999997764825,0.0,0,0,2,1438,1780,3.12.16-4.11.16,data/raw/mturkfitbit_export_3.12.16-4.11.16/Fitabase Data 3.12.16-4.11.16/dailyActivity_merged.csv,2,1440,0.9986,miércoles,baja,False
4057192912,2016-04-07,4,0.0,0.0,0.0,0.0,0.0,0.0,0.0,0,0,1,1439,1778,3.12.16-4.11.16,data/raw/mturkfitbit_export_3.12.16-4.11.16/Fitabase Data 3.12.16-4.11.16/dailyActivity_merged.csv,1,1440,0.9993,jueves,baja,False
4057192912,2016-04-08,8426,6.15999984741211,6.15999984741211,0.0,0.129999995231628,5.48999977111816,0.540000021457672,0.0,2,120,25,1293,2360,3.12.16-4.11.16,data/raw/mturkfitbit_export_3.12.16-4.11.16/Fitabase Data 3.12.16-4.11.16/dailyActivity_merged.csv,147,1440,0.8979,viernes,activa,False
4057192912,2016-04-09,1650,1.21000003814697,1.21000003814697,0.0,0.0,0.0,1.21000003814697,0.0,0,0,60,1380,1952,3.12.16-4.11.16,data/raw/mturkfitbit_export_3.12.16-4.11.16/Fitabase Data 3.12.16-4.11.16/dailyActivity_merged.csv,60,1440,0.9583,sábado,baja,False
4057192912,2016-04-10,3434,2.50999999046326,2.50999999046326,0.0,0.0700000002980232,0.300000011920929,2.14000010490417,0.0,1,7,108,1324,2101,3.12.16-4.11.16,data/raw/mturkfitbit_export_3.12.16-4.11.16/Fitabase Data 3.12.16-4.11.16/dailyActivity_merged.csv,116,1440,0.9194,domingo,baja,False
4057192912,2016-04-11,6801,4.98000001907349,4.98000001907349,0.0,0.0,0.0,4.96999979019165,0.0,0,0,193,1247,2393,3.12.16-4.11.16,data/raw/mturkfitbit_export_3.12.16-4.11.16/Fitabase Data 3.12.16-4.11.16/dailyActivity_merged.csv,193,1440,0.866,lunes,ligera,False
4057192912,2016-04-12,187,0.140000000596046,0.140000000596046,0.0,0.0,0.0,0.140000000596046,0.0,0,0,11,400,538,3.12.16-4.11.16,data/raw/mturkfitbit_export_3.12.16-4.11.16/Fitabase Data 3.12.16-4.11.16/dailyActivity_merged.csv,11,411,0.9732,martes,baja,False
4319703577,2016-03-29,5643,3.78999996185303,3.78999996185303,0.0,0.230000004172325,0.330000013113022,3.23000001907349,0.0,3,8,199,683,1958,3.12.16-4.11.16,data/raw/mturkfitbit_export_3.12.16-4.11.16/Fitabase Data 3.12.16-4.11.16/dailyActivity_merged.csv,210,893,0.7648,martes,ligera,False
4319703577,2016-03-30,9043,6.07000017166138,6.07000017166138,0.0,0.25,0.430000007152557,5.36999988555908,0.0,4,12,244,702,2141,3.12.16-4.11.16,data/raw/mturkfitbit_export_3.12.16-4.11.16/Fitabase Data 3.12.16-4.11.16/dailyActivity_merged.csv,260,962,0.7297,miércoles,activa,False
4319703577,2016-03-31,8144,5.46000003814697,5.46000003814697,0.0,0.25,0.610000014305115,4.6100001335144,0.0,4,17,247,1125,2129,3.12.16-4.11.16,data/raw/mturkfitbit_export_3.12.16-4.11.16/Fitabase Data 3.12.16-4.11.16/dailyActivity_merged.csv,268,1393,0.8076,jueves,activa,False
4319703577,2016-04-01,9343,6.26999998092651,6.26999998092651,0.0,0.959999978542328,0.850000023841858,4.46000003814697,0.0,14,20,268,654,2216,3.12.16-4.11.16,data/raw/mturkfitbit_export_3.12.16-4.11.16/Fitabase Data 3.12.16-4.11.16/dailyActivity_merged.csv,302,956,0.6841,viernes,activa,False
4319703577,2016-04-02,8405,5.65999984741211,5.65999984741211,0.0,1.12999999523163,0.189999997615814,4.34000015258789,0.0,15,4,257,621,2154,3.12.16-4.11.16,data/raw/mturkfitbit_export_3.12.16-4.11.16/Fitabase Data 3.12.16-4.11.16/dailyActivity_merged.csv,276,897,0.6923,sábado,activa,False
4319703577,2016-04-03,8223,5.51999998092651,5.51999998092651,0.0,0.800000011920929,1.50999999046326,3.21000003814697,0.0,12,37,257,551,2178,3.12.16-4.11.16,data/raw/mturkfitbit_export_3.12.16-4.11.16/Fitabase Data 3.12.16-4.11.16/dailyActivity_merged.csv,306,857,0.6429,domingo,activa,False
4319703577,2016-04-04,10067,6.76000022888184,6.76000022888184,0.0,0.360000014305115,1.41999995708466,4.96999979019165,0.0,5,39,313,578,2308,3.12.16-4.11.16,data/raw/mturkfitbit_export_3.12.16-4.11.16/Fitabase Data 3.12.16-4.11.16/dailyActivity_merged.csv,357,935,0.6182,lunes,muy_activa,True
4319703577,2016-04-05,8359,5.63000011444092,5.63000011444092,0.0,0.230000004172325,0.529999971389771,4.86999988555908,0.0,3,14,311,638,2201,3.12.16-4.11.16,data/raw/mturkfitbit_export_3.12.16-4.11.16/Fitabase Data 3.12.16-4.11.16/dailyActivity_merged.csv,328,966,0.6605,martes,activa,False
4319703577,2016-04-06,10946,7.34999990463257,7.34999990463257,0.0,0.540000021457672,2.08999991416931,4.71999979019165,0.0,8,51,308,569,2341,3.12.16-4.11.16,data/raw/mturkfitbit_export_3.12.16-4.11.16/Fitabase Data 3.12.16-4.11.16/dailyActivity_merged.csv,367,936,0.6079,miércoles,muy_activa,True
4319703577,2016-04-07,9130,6.15000009536743,6.15000009536743,0.0,0.5,0.379999995231628,5.26999998092651,0.0,7,11,304,668,2236,3.12.16-4.11.16,data/raw/mturkfitbit_export_3.12.16-4.11.16/Fitabase Data 3.12.16-4.11.16/dailyActivity_merged.csv,322,990,0.6747,jueves,activa,False
4319703577,2016-04-08,6544,4.40999984741211,4.40999984741211,0.0,0.28999999165535,0.259999990463257,3.85999989509583,0.0,4,6,276,1132,2069,3.12.16-4.11.16,data/raw/mturkfitbit_export_3.12.16-4.11.16/Fitabase Data 3.12.16-4.11.16/dailyActivity_merged.csv,286,1418,0.7983,viernes,ligera,False
4319703577,2016-04-09,0,0.0,0.0,0.0,0.0,0.0,0.0,0.0,0,0,0,1440,0,3.12.16-4.11.16,data/raw/mturkfitbit_export_3.12.16-4.11.16/Fitabase Data 3.12.16-4.11.16/dailyActivity_merged.csv,0,1440,1.0,sábado,baja,False
4388161847,2016-03-29,0,0.0,0.0,0.0,0.0,0.0,0.0,0.0,0,0,0,1440,1878,3.12.16-4.11.16,data/raw/mturkfitbit_export_3.12.16-4.11.16/Fitabase Data 3.12.16-4.11.16/dailyActivity_merged.csv,0,1440,1.0,martes,baja,False
4388161847,2016-03-30,0,0.0,0.0,0.0,0.0,0.0,0.0,0.0,0,0,0,1440,1878,3.12.16-4.11.16,data/raw/mturkfitbit_export_3.12.16-4.11.16/Fitabase Data 3.12.16-4.11.16/dailyActivity_merged.csv,0,1440,1.0,miércoles,baja,False
4388161847,2016-03-31,0,0.0,0.0,0.0,0.0,0.0,0.0,0.0,0,0,0,1440,1878,3.12.16-4.11.16,data/raw/mturkfitbit_export_3.12.16-4.11.16/Fitabase Data 3.12.16-4.11.16/dailyActivity_merged.csv,0,1440,1.0,jueves,baja,False
4388161847,2016-04-01,0,0.0,0.0,0.0,0.0,0.0,0.0,0.0,0,0,0,1440,1878,3.12.16-4.11.16,data/raw/mturkfitbit_export_3.12.16-4.11.16/Fitabase Data 3.12.16-4.11.16/dailyActivity_merged.csv,0,1440,1.0,viernes,baja,False
4388161847,2016-04-02,0,0.0,0.0,0.0,0.0,0.0,0.0,0.0,0,0,0,1440,1878,3.12.16-4.11.16,data/raw/mturkfitbit_export_3.12.16-4.11.16/Fitabase Data 3.12.16-4.11.16/dailyActivity_merged.csv,0,1440,1.0,sábado,baja,False
4388161847,2016-04-03,0,0.0,0.0,0.0,0.0,0.0,0.0,0.0,0,0,0,1440,1878,3.12.16-4.11.16,data/raw/mturkfitbit_export_3.12.16-4.11.16/Fitabase Data 3.12.16-4.11.16/dailyActivity_merged.csv,0,1440,1.0,domingo,baja,False
4388161847,2016-04-04,0,0.0,0.0,0.0,0.0,0.0,0.0,0.0,0,0,0,1440,1878,3.12.16-4.11.16,data/raw/mturkfitbit_export_3.12.16-4.11.16/Fitabase Data 3.12.16-4.11.16/dailyActivity_merged.csv,0,1440,1.0,lunes,baja,False
4388161847,2016-04-05,0,0.0,0.0,0.0,0.0,0.0,0.0,0.0,0,0,0,994,1296,3.12.16-4.11.16,data/raw/mturkfitbit_export_3.12.16-4.11.16/Fitabase Data 3.12.16-4.11.16/dailyActivity_merged.csv,0,994,1.0,martes,baja,False
4445114986,2016-03-29,2303,1.54999995231628,1.54999995231628,0.0,0.0,0.0,1.54999995231628,0.0,0,0,155,807,2010,3.12.16-4.11.16,data/raw/mturkfitbit_export_3.12.16-4.11.16/Fitabase Data 3.12.16-4.11.16/dailyActivity_merged.csv,155,962,0.8389,martes,baja,False
4445114986,2016-03-30,2600,1.74000000953674,1.74000000953674,0.0,0.0,0.0,1.74000000953674,0.0,0,0,163,1277,2032,3.12.16-4.11.16,data/raw/mturkfitbit_export_3.12.16-4.11.16/Fitabase Data 3.12.16-4.11.16/dailyActivity_merged.csv,163,1440,0.8868,miércoles,baja,False
4445114986,2016-03-31,4804,3.22000002861023,3.22000002861023,0.0,0.0,0.0,3.22000002861023,0.0,0,0,238,786,2227,3.12.16-4.11.16,data/raw/mturkfitbit_export_3.12.16-4.11.16/Fitabase Data 3.12.16-4.11.16/dailyActivity_merged.csv,238,1024,0.7676,jueves,baja,False
4445114986,2016-04-01,3271,2.19000005722046,2.19000005722046,0.0,0.0,0.0,2.19000005722046,0.0,0,0,205,898,2133,3.12.16-4.11.16,data/raw/mturkfitbit_export_3.12.16-4.11.16/Fitabase Data 3.12.16-4.11.16/dailyActivity_merged.csv,205,1103,0.8141,viernes,baja,False
4445114986,2016-04-02,5406,3.63000011444092,3.63000011444092,0.0,0.0,0.0,3.60999989509583,0.0,0,0,273,672,2317,3.12.16-4.11.16,data/raw/mturkfitbit_export_3.12.16-4.11.16/Fitabase Data 3.12.16-4.11.16/dailyActivity_merged.csv,273,945,0.7111,sábado,ligera,False
4445114986,2016-04-03,3146,2.10999989509583,2.10999989509583,0.0,0.0,0.0,2.10999989509583,0.0,0,0,171,1269,2058,3.12.16-4.11.16,data/raw/mturkfitbit_export_3.12.16-4.11.16/Fitabase Data 3.12.16-4.11.16/dailyActivity_merged.csv,171,1440,0.8812,domingo,baja,False
4445114986,2016-04-04,2422,1.62999999523163,1.62999999523163,0.0,0.0,0.0,1.62999999523163,0.0,0,0,110,1330,1935,3.12.16-4.11.16,data/raw/mturkfitbit_export_3.12.16-4.11.16/Fitabase Data 3.12.16-4.11.16/dailyActivity_merged.csv,110,1440,0.9236,lunes,baja,False
4445114986,2016-04-05,4239,2.83999991416931,2.83999991416931,0.0,0.0599999986588955,0.239999994635582,2.52999997138977,0.0,1,6,235,702,2217,3.12.16-4.11.16,data/raw/mturkfitbit_export_3.12.16-4.11.16/Fitabase Data 3.12.16-4.11.16/dailyActivity_merged.csv,242,944,0.7436,martes,baja,False
4445114986,2016-04-06,6911,4.78000020980835,4.78000020980835,0.0,2.3199999332428,0.100000001490116,2.35999989509583,0.0,28,2,215,745,2374,3.12.16-4.11.16,data/raw/mturkfitbit_export_3.12.16-4.11.16/Fitabase Data 3.12.16-4.11.16/dailyActivity_merged.csv,245,990,0.7525,miércoles,ligera,False
4445114986,2016-04-07,6667,4.6100001335144,4.6100001335144,0.0,2.01999998092651,0.0500000007450581,2.54999995231628,0.0,24,1,208,939,2335,3.12.16-4.11.16,data/raw/mturkfitbit_export_3.12.16-4.11.16/Fitabase Data 3.12.16-4.11.16/dailyActivity_merged.csv,233,1172,0.8012,jueves,ligera,False
4445114986,2016-04-08,5543,3.72000002861023,3.72000002861023,0.0,0.0,0.0,3.72000002861023,0.0,0,0,266,941,2303,3.12.16-4.11.16,data/raw/mturkfitbit_export_3.12.16-4.11.16/Fitabase Data 3.12.16-4.11.16/dailyActivity_merged.csv,266,1207,0.7796,viernes,ligera,False
4445114986,2016-04-09,4195,2.80999994277954,2.80999994277954,0.0,0.0,0.0,2.80999994277954,0.0,0,0,239,758,2210,3.12.16-4.11.16,data/raw/mturkfitbit_export_3.12.16-4.11.16/Fitabase Data 3.12.16-4.11.16/dailyActivity_merged.csv,239,997,0.7603,sábado,baja,False
4445114986,2016-04-10,6625,4.44999980926514,4.44999980926514,0.0,0.0,0.0,4.44999980926514,0.0,0,0,316,755,2424,3.12.16-4.11.16,data/raw/mturkfitbit_export_3.12.16-4.11.16/Fitabase Data 3.12.16-4.11.16/dailyActivity_merged.csv,316,1071,0.7049,domingo,ligera,False
4445114986,2016-04-11,5986,4.13000011444092,4.13000011444092,0.0,1.95000004768372,0.230000004172325,1.95000004768372,0.0,23,5,195,789,2297,3.12.16-4.11.16,data/raw/mturkfitbit_export_3.12.16-4.11.16/Fitabase Data 3.12.16-4.11.16/dailyActivity_merged.csv,223,1012,0.7796,lunes,ligera,False
4445114986,2016-04-12,278,0.189999997615814,0.189999997615814,0.0,0.0,0.0,0.189999997615814,0.0,0,0,20,253,745,3.12.16-4.11.16,data/raw/mturkfitbit_export_3.12.16-4.11.16/Fitabase Data 3.12.16-4.11.16/dailyActivity_merged.csv,20,273,0.9267,martes,baja,False
4558609924,2016-04-01,5336,3.52999997138977,3.52999997138977,0.0,0.0,0.0,3.52999997138977,0.0,0,0,258,1182,1902,3.12.16-4.11.16,data/raw/mturkfitbit_export_3.12.16-4.11.16/Fitabase Data 3.12.16-4.11.16/dailyActivity_merged.csv,258,1440,0.8208,viernes,ligera,False
4558609924,2016-04-02,3183,2.09999990463257,2.09999990463257,0.0,0.0,0.0,2.09999990463257,0.0,0,0,173,1180,1680,3.12.16-4.11.16,data/raw/mturkfitbit_export_3.12.16-4.11.16/Fitabase Data 3.12.16-4.11.16/dailyActivity_merged.csv,173,1353,0.8721,sábado,baja,False
4558609924,2016-04-03,6176,4.07999992370605,4.07999992370605,0.0,0.0700000002980232,0.259999990463257,3.75,0.0,1,7,269,886,1901,3.12.16-4.11.16,data/raw/mturkfitbit_export_3.12.16-4.11.16/Fitabase Data 3.12.16-4.11.16/dailyActivity_merged.csv,277,1163,0.7618,domingo,ligera,False
4558609924,2016-04-04,8205,5.42000007629395,5.42000007629395,0.0,0.0,0.0,5.42000007629395,0.0,0,0,367,1073,2078,3.12.16-4.11.16,data/raw/mturkfitbit_export_3.12.16-4.11.16/Fitabase Data 3.12.16-4.11.16/dailyActivity_merged.csv,367,1440,0.7451,lunes,activa,False
4558609924,2016-04-05,6799,4.48999977111816,4.48999977111816,0.0,1.5900000333786,0.860000014305115,2.03999996185303,0.0,24,14,185,1217,1876,3.12.16-4.11.16,data/raw/mturkfitbit_export_3.12.16-4.11.16/Fitabase Data 3.12.16-4.11.16/dailyActivity_merged.csv,223,1440,0.8451,martes,ligera,False
4558609924,2016-04-06,5668,3.75,3.75,0.0,0.0,0.0,3.75,0.0,0,0,259,1181,1853,3.12.16-4.11.16,data/raw/mturkfitbit_export_3.12.16-4.11.16/Fitabase Data 3.12.16-4.11.16/dailyActivity_merged.csv,259,1440,0.8201,miércoles,ligera,False
4558609924,2016-04-07,7998,5.28999996185303,5.28999996185303,0.0,0.509999990463257,0.25,4.53000020980835,0.0,27,12,296,1105,2235,3.12.16-4.11.16,data/raw/mturkfitbit_export_3.12.16-4.11.16/Fitabase Data 3.12.16-4.11.16/dailyActivity_merged.csv,335,1440,0.7674,jueves,activa,False
4558609924,2016-04-08,4195,2.76999998092651,2.76999998092651,0.0,0.0,0.0,2.76999998092651,0.0,0,0,241,1199,1778,3.12.16-4.11.16,data/raw/mturkfitbit_export_3.12.16-4.11.16/Fitabase Data 3.12.16-4.11.16/dailyActivity_merged.csv,241,1440,0.8326,viernes,baja,False
4558609924,2016-04-09,5512,3.64000010490417,3.64000010490417,0.0,0.0,0.0,3.64000010490417,0.0,0,0,276,1164,1882,3.12.16-4.11.16,data/raw/mturkfitbit_export_3.12.16-4.11.16/Fitabase Data 3.12.16-4.11.16/dailyActivity_merged.csv,276,1440,0.8083,sábado,ligera,False
4558609924,2016-04-10,6263,4.1399998664856,4.1399998664856,0.0,0.0,0.0,4.13000011444092,0.0,0,0,290,1150,1906,3.12.16-4.11.16,data/raw/mturkfitbit_export_3.12.16-4.11.16/Fitabase Data 3.12.16-4.11.16/dailyActivity_merged.csv,290,1440,0.7986,domingo,ligera,False
4558609924,2016-04-11,8828,5.84000015258789,5.84000015258789,0.0,0.0,0.0,5.84000015258789,0.0,0,0,308,1132,2149,3.12.16-4.11.16,data/raw/mturkfitbit_export_3.12.16-4.11.16/Fitabase Data 3.12.16-4.11.16/dailyActivity_merged.csv,308,1440,0.7861,lunes,activa,False
4558609924,2016-04-12,1260,0.829999983310699,0.829999983310699,0.0,0.0,0.0,0.819999992847443,0.0,0,0,76,555,722,3.12.16-4.11.16,data/raw/mturkfitbit_export_3.12.16-4.11.16/Fitabase Data 3.12.16-4.11.16/dailyActivity_merged.csv,76,631,0.8796,martes,baja,False
4702921684,2016-03-29,6506,5.28000020980835,5.28000020980835,0.0,0.330000013113022,0.270000010728836,4.67000007629395,0.0,4,5,241,760,2886,3.12.16-4.11.16,data/raw/mturkfitbit_export_3.12.16-4.11.16/Fitabase Data 3.12.16-4.11.16/dailyActivity_merged.csv,250,1010,0.7525,martes,ligera,False
4702921684,2016-03-30,7583,6.15000009536743,6.15000009536743,0.0,0.25,0.550000011920929,5.34999990463257,0.0,3,13,227,742,2915,3.12.16-4.11.16,data/raw/mturkfitbit_export_3.12.16-4.11.16/Fitabase Data 3.12.16-4.11.16/dailyActivity_merged.csv,243,985,0.7533,miércoles,activa,False
4702921684,2016-03-31,6963,5.65000009536743,5.65000009536743,0.0,0.0,0.0,5.65000009536743,0.0,0,0,256,759,2895,3.12.16-4.11.16,data/raw/mturkfitbit_export_3.12.16-4.11.16/Fitabase Data 3.12.16-4.11.16/dailyActivity_merged.csv,256,1015,0.7478,jueves,ligera,False
4702921684,2016-04-01,7165,5.80999994277954,5.80999994277954,0.0,0.0,0.370000004768372,5.44000005722046,0.0,0,9,248,708,2923,3.12.16-4.11.16,data/raw/mturkfitbit_export_3.12.16-4.11.16/Fitabase Data 3.12.16-4.11.16/dailyActivity_merged.csv,257,965,0.7337,viernes,ligera,False
4702921684,2016-04-02,10328,8.38000011444092,8.38000011444092,0.0,0.0,1.46000003814697,6.92000007629395,0.0,0,32,367,475,3323,3.12.16-4.11.16,data/raw/mturkfitbit_export_3.12.16-4.11.16/Fitabase Data 3.12.16-4.11.16/dailyActivity_merged.csv,399,874,0.5435,sábado,muy_activa,True
4702921684,2016-04-03,12116,9.82999992370605,9.82999992370605,0.0,0.25,2.84999990463257,6.71999979019165,0.0,3,57,323,471,3357,3.12.16-4.11.16,data/raw/mturkfitbit_export_3.12.16-4.11.16/Fitabase Data 3.12.16-4.11.16/dailyActivity_merged.csv,383,854,0.5515,domingo,muy_activa,True
4702921684,2016-04-04,7810,6.3600001335144,6.3600001335144,0.0,0.479999989271164,1.20000004768372,4.67999982833862,0.0,6,27,216,746,2931,3.12.16-4.11.16,data/raw/mturkfitbit_export_3.12.16-4.11.16/Fitabase Data 3.12.16-4.11.16/dailyActivity_merged.csv,249,995,0.7497,lunes,activa,False
4702921684,2016-04-05,6670,5.40999984741211,5.40999984741211,0.0,1.24000000953674,0.800000011920929,3.36999988555908,0.0,15,16,199,770,2848,3.12.16-4.11.16,data/raw/mturkfitbit_export_3.12.16-4.11.16/Fitabase Data 3.12.16-4.11.16/dailyActivity_merged.csv,230,1000,0.77,martes,ligera,False
4702921684,2016-04-06,7605,6.17999982833862,6.17999982833862,0.0,0.330000013113022,0.209999993443489,5.63000011444092,0.0,4,4,248,708,2943,3.12.16-4.11.16,data/raw/mturkfitbit_export_3.12.16-4.11.16/Fitabase Data 3.12.16-4.11.16/dailyActivity_merged.csv,256,964,0.7344,miércoles,activa,False
4702921684,2016-04-07,6585,5.34000015258789,5.34000015258789,0.0,0.0,0.0,5.34000015258789,0.0,0,0,210,770,2822,3.12.16-4.11.16,data/raw/mturkfitbit_export_3.12.16-4.11.16/Fitabase Data 3.12.16-4.11.16/dailyActivity_merged.csv,210,980,0.7857,jueves,ligera,False
4702921684,2016-04-08,8184,6.6399998664856,6.6399998664856,0.0,0.0,0.620000004768372,5.94999980926514,0.0,0,15,247,808,2981,3.12.16-4.11.16,data/raw/mturkfitbit_export_3.12.16-4.11.16/Fitabase Data 3.12.16-4.11.16/dailyActivity_merged.csv,262,1070,0.7551,viernes,activa,False
4702921684,2016-04-09,14002,11.3599996566772,11.3599996566772,0.0,0.610000014305115,2.6800000667572,8.0600004196167,0.0,8,56,381,407,3597,3.12.16-4.11.16,data/raw/mturkfitbit_export_3.12.16-4.11.16/Fitabase Data 3.12.16-4.11.16/dailyActivity_merged.csv,445,852,0.4777,sábado,muy_activa,True
4702921684,2016-04-10,11135,9.02999973297119,9.02999973297119,0.0,0.0799999982118607,1.1599999666214,7.78999996185303,0.0,1,25,331,528,3224,3.12.16-4.11.16,data/raw/mturkfitbit_export_3.12.16-4.11.16/Fitabase Data 3.12.16-4.11.16/dailyActivity_merged.csv,357,885,0.5966,domingo,muy_activa,True
4702921684,2016-04-11,6499,5.26999998092651,5.26999998092651,0.0,0.0,0.0,5.26999998092651,0.0,0,0,207,809,2677,3.12.16-4.11.16,data/raw/mturkfitbit_export_3.12.16-4.11.16/Fitabase Data 3.12.16-4.11.16/dailyActivity_merged.csv,207,1016,0.7963,lunes,ligera,False
4702921684,2016-04-12,0,0.0,0.0,0.0,0.0,0.0,0.0,0.0,0,0,0,1440,0,3.12.16-4.11.16,data/raw/mturkfitbit_export_3.12.16-4.11.16/Fitabase Data 3.12.16-4.11.16/dailyActivity_merged.csv,0,1440,1.0,martes,baja,False
5553957443,2016-04-01,12409,8.10000038146973,8.10000038146973,0.0,2.90000009536743,0.629999995231628,4.57999992370605,0.0,51,12,235,782,2142,3.12.16-4.11.16,data/raw/mturkfitbit_export_3.12.16-4.11.16/Fitabase Data 3.12.16-4.11.16/dailyActivity_merged.csv,298,1080,0.7241,viernes,muy_activa,True
5553957443,2016-04-02,2937,1.91999995708466,1.91999995708466,0.0,0.0,0.0,1.9099999666214,0.0,0,0,181,356,1615,3.12.16-4.11.16,data/raw/mturkfitbit_export_3.12.16-4.11.16/Fitabase Data 3.12.16-4.11.16/dailyActivity_merged.csv,181,537,0.6629,sábado,baja,False
5553957443,2016-04-03,1515,0.990000009536743,0.990000009536743,0.0,0.0,0.0,0.990000009536743,0.0,0,0,93,507,1481,3.12.16-4.11.16,data/raw/mturkfitbit_export_3.12.16-4.11.16/Fitabase Data 3.12.16-4.11.16/dailyActivity_merged.csv,93,600,0.845,domingo,baja,False
5553957443,2016-04-04,8921,5.88000011444092,5.88000011444092,0.0,2.0699999332428,0.439999997615814,3.35999989509583,0.0,27,8,198,754,1892,3.12.16-4.11.16,data/raw/mturkfitbit_export_3.12.16-4.11.16/Fitabase Data 3.12.16-4.11.16/dailyActivity_merged.csv,233,987,0.7639,lunes,activa,False
5553957443,2016-04-05,11306,7.38000011444092,7.38000011444092,0.0,2.30999994277954,0.980000019073486,4.09000015258789,0.0,40,26,218,772,2086,3.12.16-4.11.16,data/raw/mturkfitbit_export_3.12.16-4.11.16/Fitabase Data 3.12.16-4.11.16/dailyActivity_merged.csv,284,1056,0.7311,martes,muy_activa,True
5553957443,2016-04-06,12252,8.0,8.0,0.0,2.41000008583069,1.70000004768372,3.89000010490417,0.0,33,28,229,745,2044,3.12.16-4.11.16,data/raw/mturkfitbit_export_3.12.16-4.11.16/Fitabase Data 3.12.16-4.11.16/dailyActivity_merged.csv,290,1035,0.7198,miércoles,muy_activa,True
5553957443,2016-04-07,15444,10.0799999237061,10.0799999237061,0.0,3.26999998092651,1.73000001907349,5.07999992370605,0.0,51,39,243,731,2249,3.12.16-4.11.16,data/raw/mturkfitbit_export_3.12.16-4.11.16/Fitabase Data 3.12.16-4.11.16/dailyActivity_merged.csv,333,1064,0.687,jueves,muy_activa,True
5553957443,2016-04-08,9938,6.48999977111816,6.48999977111816,0.0,2.14000010490417,1.27999997138977,3.07999992370605,0.0,38,24,193,767,2019,3.12.16-4.11.16,data/raw/mturkfitbit_export_3.12.16-4.11.16/Fitabase Data 3.12.16-4.11.16/dailyActivity_merged.csv,255,1022,0.7505,viernes,activa,False
5553957443,2016-04-09,4599,3.0,3.0,0.0,0.0,0.0,3.0,0.0,0,0,176,578,1692,3.12.16-4.11.16,data/raw/mturkfitbit_export_3.12.16-4.11.16/Fitabase Data 3.12.16-4.11.16/dailyActivity_merged.csv,176,754,0.7666,sábado,baja,False
5553957443,2016-04-10,5594,3.65000009536743,3.65000009536743,0.0,0.280000001192093,1.48000001907349,1.88999998569489,0.0,4,25,150,552,1712,3.12.16-4.11.16,data/raw/mturkfitbit_export_3.12.16-4.11.16/Fitabase Data 3.12.16-4.11.16/dailyActivity_merged.csv,179,731,0.7551,domingo,ligera,False
5553957443,2016-04-11,11906,7.76999998092651,7.76999998092651,0.0,2.25999999046326,1.51999998092651,3.99000000953674,0.0,32,27,234,688,2065,3.12.16-4.11.16,data/raw/mturkfitbit_export_3.12.16-4.11.16/Fitabase Data 3.12.16-4.11.16/dailyActivity_merged.csv,293,981,0.7013,lunes,muy_activa,True
5553957443,2016-04-12,3436,2.24000000953674,2.24000000953674,0.0,0.5,0.670000016689301,1.04999995231628,0.0,7,11,50,61,633,3.12.16-4.11.16,data/raw/mturkfitbit_export_3.12.16-4.11.16/Fitabase Data 3.12.16-4.11.16/dailyActivity_merged.csv,68,129,0.4729,martes,baja,False
5577150313,2016-04-01,10461,7.86999988555908,7.86999988555908,0.0,4.76000022888184,0.850000023841858,2.25,0.0,99,31,142,721,3625,3.12.16-4.11.16,data/raw/mturkfitbit_export_3.12.16-4.11.16/Fitabase Data 3.12.16-4.11.16/dailyActivity_merged.csv,272,993,0.7261,viernes,muy_activa,True
5577150313,2016-04-02,14873,11.1099996566772,11.1099996566772,0.0,8.1899995803833,0.600000023841858,2.30999994277954,0.0,202,36,153,663,4430,3.12.16-4.11.16,data/raw/mturkfitbit_export_3.12.16-4.11.16/Fitabase Data 3.12.16-4.11.16/dailyActivity_merged.csv,391,1054,0.629,sábado,muy_activa,True
5577150313,2016-04-03,9917,7.40999984741211,7.40999984741211,0.0,1.99000000953674,0.970000028610229,4.44000005722046,0.0,58,27,240,700,3427,3.12.16-4.11.16,data/raw/mturkfitbit_export_3.12.16-4.11.16/Fitabase Data 3.12.16-4.11.16/dailyActivity_merged.csv,325,1025,0.6829,domingo,activa,False
5577150313,2016-04-04,7401,5.55999994277954,5.55999994277954,0.0,2.3199999332428,0.360000014305115,2.88000011444092,0.0,70,19,204,689,3492,3.12.16-4.11.16,data/raw/mturkfitbit_export_3.12.16-4.11.16/Fitabase Data 3.12.16-4.11.16/dailyActivity_merged.csv,293,982,0.7016,lunes,ligera,False
5577150313,2016-04-05,8964,6.69999980926514,6.69999980926514,0.0,3.97000002861023,0.189999997615814,2.52999997138977,0.0,107,18,145,756,3597,3.12.16-4.11.16,data/raw/mturkfitbit_export_3.12.16-4.11.16/Fitabase Data 3.12.16-4.11.16/dailyActivity_merged.csv,270,1026,0.7368,martes,activa,False
5577150313,2016-04-06,11080,8.30000019073486,8.30000019073486,0.0,3.13000011444092,1.37000000476837,3.80999994277954,0.0,83,52,190,695,3765,3.12.16-4.11.16,data/raw/mturkfitbit_export_3.12.16-4.11.16/Fitabase Data 3.12.16-4.11.16/dailyActivity_merged.csv,325,1020,0.6814,miércoles,muy_activa,True
5577150313,2016-04-07,4499,3.35999989509583,3.35999989509583,0.0,0.889999985694885,0.259999990463257,2.21000003814697,0.0,31,11,146,756,2775,3.12.16-4.11.16,data/raw/mturkfitbit_export_3.12.16-4.11.16/Fitabase Data 3.12.16-4.11.16/dailyActivity_merged.csv,188,944,0.8008,jueves,baja,False
5577150313,2016-04-08,4363,3.25999999046326,3.25999999046326,0.0,0.129999995231628,0.0599999986588955,3.07999992370605,0.0,8,2,156,813,2486,3.12.16-4.11.16,data/raw/mturkfitbit_export_3.12.16-4.11.16/Fitabase Data 3.12.16-4.11.16/dailyActivity_merged.csv,166,979,0.8304,viernes,baja,False
5577150313,2016-04-09,10494,7.84000015258789,7.84000015258789,0.0,4.90999984741211,0.779999971389771,2.15000009536743,0.0,123,62,138,601,3817,3.12.16-4.11.16,data/raw/mturkfitbit_export_3.12.16-4.11.16/Fitabase Data 3.12.16-4.11.16/dailyActivity_merged.csv,323,924,0.6504,sábado,muy_activa,True
5577150313,2016-04-10,9776,7.38000011444092,7.38000011444092,0.0,2.9300000667572,1.42999994754791,3.01999998092651,0.0,80,35,162,721,3378,3.12.16-4.11.16,data/raw/mturkfitbit_export_3.12.16-4.11.16/Fitabase Data 3.12.16-4.11.16/dailyActivity_merged.csv,277,998,0.7224,domingo,activa,False
5577150313,2016-04-11,2862,2.14000010490417,2.14000010490417,0.0,1.03999996185303,0.25,0.839999973773956,0.0,39,17,54,209,1511,3.12.16-4.11.16,data/raw/mturkfitbit_export_3.12.16-4.11.16/Fitabase Data 3.12.16-4.11.16/dailyActivity_merged.csv,110,319,0.6552,lunes,baja,False
6117666160,2016-04-01,7444,5.61999988555908,5.61999988555908,0.0,0.0,0.0,5.61999988555908,0.0,0,0,286,568,2210,3.12.16-4.11.16,data/raw/mturkfitbit_export_3.12.16-4.11.16/Fitabase Data 3.12.16-4.11.16/dailyActivity_merged.csv,286,854,0.6651,viernes,ligera,False
6117666160,2016-04-02,19658,14.8400001525879,14.8400001525879,0.0,0.239999994635582,2.08999991416931,12.5100002288818,0.0,3,30,475,466,2884,3.12.16-4.11.16,data/raw/mturkfitbit_export_3.12.16-4.11.16/Fitabase Data 3.12.16-4.11.16/dailyActivity_merged.csv,508,974,0.4784,sábado,muy_activa,True
6117666160,2016-04-03,0,0.0,0.0,0.0,0.0,0.0,0.0,0.0,0,0,0,1440,1496,3.12.16-4.11.16,data/raw/mturkfitbit_export_3.12.16-4.11.16/Fitabase Data 3.12.16-4.11.16/dailyActivity_merged.csv,0,1440,1.0,domingo,baja,False
6117666160,2016-04-04,8468,6.3899998664856,6.3899998664856,0.0,0.180000007152557,0.639999985694885,5.57000017166138,0.0,2,11,279,1148,2262,3.12.16-4.11.16,data/raw/mturkfitbit_export_3.12.16-4.11.16/Fitabase Data 3.12.16-4.11.16/dailyActivity_merged.csv,292,1440,0.7972,lunes,activa,False
6117666160,2016-04-05,9910,7.48000001907349,7.48000001907349,0.0,0.0,0.0,7.48000001907349,0.0,0,0,384,990,2445,3.12.16-4.11.16,data/raw/mturkfitbit_export_3.12.16-4.11.16/Fitabase Data 3.12.16-4.11.16/dailyActivity_merged.csv,384,1374,0.7205,martes,activa,False
6117666160,2016-04-06,12409,9.36999988555908,9.36999988555908,0.0,0.0,0.0,9.36999988555908,0.0,0,0,491,388,2694,3.12.16-4.11.16,data/raw/mturkfitbit_export_3.12.16-4.11.16/Fitabase Data 3.12.16-4.11.16/dailyActivity_merged.csv,491,879,0.4414,miércoles,muy_activa,True
6117666160,2016-04-07,4853,3.66000008583069,3.66000008583069,0.0,0.0,0.0,3.66000008583069,0.0,0,0,156,770,1903,3.12.16-4.11.16,data/raw/mturkfitbit_export_3.12.16-4.11.16/Fitabase Data 3.12.16-4.11.16/dailyActivity_merged.csv,156,926,0.8315,jueves,baja,False
6117666160,2016-04-08,8955,6.76000022888184,6.76000022888184,0.0,0.0,0.0,6.73000001907349,0.0,0,0,422,1018,2482,3.12.16-4.11.16,data/raw/mturkfitbit_export_3.12.16-4.11.16/Fitabase Data 3.12.16-4.11.16/dailyActivity_merged.csv,422,1440,0.7069,viernes,activa,False
6117666160,2016-04-09,10789,8.14999961853027,8.14999961853027,0.0,0.0,0.0,8.14999961853027,0.0,0,0,506,413,2617,3.12.16-4.11.16,data/raw/mturkfitbit_export_3.12.16-4.11.16/Fitabase Data 3.12.16-4.11.16/dailyActivity_merged.csv,506,919,0.4494,sábado,muy_activa,True
6117666160,2016-04-10,0,0.0,0.0,0.0,0.0,0.0,0.0,0.0,0,0,0,1440,0,3.12.16-4.11.16,data/raw/mturkfitbit_export_3.12.16-4.11.16/Fitabase Data 3.12.16-4.11.16/dailyActivity_merged.csv,0,1440,1.0,domingo,baja,False
6290855005,2016-04-01,6633,5.01000022888184,5.01000022888184,0.0,0.0,0.0,5.01000022888184,0.0,0,0,280,1160,2778,3.12.16-4.11.16,data/raw/mturkfitbit_export_3.12.16-4.11.16/Fitabase Data 3.12.16-4.11.16/dailyActivity_merged.csv,280,1440,0.8056,viernes,ligera,False
6290855005,2016-04-02,9548,7.21999979019165,7.21999979019165,0.0,2.01999998092651,3.6800000667572,1.51999998092651,0.0,25,107,113,1195,3119,3.12.16-4.11.16,data/raw/mturkfitbit_export_3.12.16-4.11.16/Fitabase Data 3.12.16-4.11.16/dailyActivity_merged.csv,245,1440,0.8299,sábado,activa,False
6290855005,2016-04-03,0,0.0,0.0,0.0,0.0,0.0,0.0,0.0,33,0,0,1407,2664,3.12.16-4.11.16,data/raw/mturkfitbit_export_3.12.16-4.11.16/Fitabase Data 3.12.16-4.11.16/dailyActivity_merged.csv,33,1440,0.9771,domingo,baja,False
6290855005,2016-04-04,0,0.0,0.0,0.0,0.0,0.0,0.0,0.0,0,0,0,1440,2060,3.12.16-4.11.16,data/raw/mturkfitbit_export_3.12.16-4.11.16/Fitabase Data 3.12.16-4.11.16/dailyActivity_merged.csv,0,1440,1.0,lunes,baja,False
6290855005,2016-04-05,0,0.0,0.0,0.0,0.0,0.0,0.0,0.0,0,0,0,1440,2060,3.12.16-4.11.16,data/raw/mturkfitbit_export_3.12.16-4.11.16/Fitabase Data 3.12.16-4.11.16/dailyActivity_merged.csv,0,1440,1.0,martes,baja,False
6290855005,2016-04-06,0,0.0,0.0,0.0,0.0,0.0,0.0,0.0,0,0,0,1440,2060,3.12.16-4.11.16,data/raw/mturkfitbit_export_3.12.16-4.11.16/Fitabase Data 3.12.16-4.11.16/dailyActivity_merged.csv,0,1440,1.0,miércoles,baja,False
6290855005,2016-04-07,0,0.0,0.0,0.0,0.0,0.0,0.0,0.0,0,0,0,1440,2060,3.12.16-4.11.16,data/raw/mturkfitbit_export_3.12.16-4.11.16/Fitabase Data 3.12.16-4.11.16/dailyActivity_merged.csv,0,1440,1.0,jueves,baja,False
6290855005,2016-04-08,0,0.0,0.0,0.0,0.0,0.0,0.0,0.0,0,0,0,1440,2060,3.12.16-4.11.16,data/raw/mturkfitbit_export_3.12.16-4.11.16/Fitabase Data 3.12.16-4.11.16/dailyActivity_merged.csv,0,1440,1.0,viernes,baja,False
6290855005,2016-04-09,0,0.0,0.0,0.0,0.0,0.0,0.0,0.0,0,0,0,1440,2060,3.12.16-4.11.16,data/raw/mturkfitbit_export_3.12.16-4.11.16/Fitabase Data 3.12.16-4.11.16/dailyActivity_merged.csv,0,1440,1.0,sábado,baja,False
6290855005,2016-04-10,0,0.0,0.0,0.0,0.0,0.0,0.0,0.0,20,0,0,494,735,3.12.16-4.11.16,data/raw/mturkfitbit_export_3.12.16-4.11.16/Fitabase Data 3.12.16-4.11.16/dailyActivity_merged.csv,20,514,0.9611,domingo,baja,False
6391747486,2016-04-01,0,0.0,0.0,0.0,0.0,0.0,0.0,0.0,0,0,0,1440,1820,3.12.16-4.11.16,data/raw/mturkfitbit_export_3.12.16-4.11.16/Fitabase Data 3.12.16-4.11.16/dailyActivity_merged.csv,0,1440,1.0,viernes,baja,False
6391747486,2016-04-02,2101,2.02999997138977,0.0,2.02777290344238,2.02999997138977,0.0,0.0,0.0,46,0,0,1394,2224,3.12.16-4.11.16,data/raw/mturkfitbit_export_3.12.16-4.11.16/Fitabase Data 3.12.16-4.11.16/dailyActivity_merged.csv,46,1440,0.9681,sábado,baja,False
6391747486,2016-04-03,0,0.0,0.0,0.0,0.0,0.0,0.0,0.0,0,0,0,1440,1820,3.12.16-4.11.16,data/raw/mturkfitbit_export_3.12.16-4.11.16/Fitabase Data 3.12.16-4.11.16/dailyActivity_merged.csv,0,1440,1.0,domingo,baja,False
6391747486,2016-04-04,0,0.0,0.0,0.0,0.0,0.0,0.0,0.0,0,0,0,1440,1820,3.12.16-4.11.16,data/raw/mturkfitbit_export_3.12.16-4.11.16/Fitabase Data 3.12.16-4.11.16/dailyActivity_merged.csv,0,1440,1.0,lunes,baja,False
6391747486,2016-04-05,9766,7.51000022888184,0.779999971389771,6.72705698013306,0.0,0.0500000007450581,7.46000003814697,0.0,0,6,301,1133,2442,3.12.16-4.11.16,data/raw/mturkfitbit_export_3.12.16-4.11.16/Fitabase Data 3.12.16-4.11.16/dailyActivity_merged.csv,307,1440,0.7868,martes,activa,False
6391747486,2016-04-06,165,0.129999995231628,0.129999995231628,0.0,0.0,0.0,0.129999995231628,0.0,0,0,8,1432,1849,3.12.16-4.11.16,data/raw/mturkfitbit_export_3.12.16-4.11.16/Fitabase Data 3.12.16-4.11.16/dailyActivity_merged.csv,8,1440,0.9944,miércoles,baja,False
6391747486,2016-04-07,0,0.0,0.0,0.0,0.0,0.0,0.0,0.0,0,0,0,1440,1822,3.12.16-4.11.16,data/raw/mturkfitbit_export_3.12.16-4.11.16/Fitabase Data 3.12.16-4.11.16/dailyActivity_merged.csv,0,1440,1.0,jueves,baja,False
6391747486,2016-04-08,0,0.0,0.0,0.0,0.0,0.0,0.0,0.0,0,0,0,1440,1820,3.12.16-4.11.16,data/raw/mturkfitbit_export_3.12.16-4.11.16/Fitabase Data 3.12.16-4.11.16/dailyActivity_merged.csv,0,1440,1.0,viernes,baja,False
6391747486,2016-04-09,0,0.0,0.0,0.0,0.0,0.0,0.0,0.0,0,0,0,198,251,3.12.16-4.11.16,data/raw/mturkfitbit_export_3.12.16-4.11.16/Fitabase Data 3.12.16-4.11.16/dailyActivity_merged.csv,0,198,1.0,sábado,baja,False
6775888955,2016-04-01,7225,5.17999982833862,5.17999982833862,0.0,1.73000001907349,1.26999998092651,2.1800000667572,0.0,25,50,163,1189,3065,3.12.16-4.11.16,data/raw/mturkfitbit_export_3.12.16-4.11.16/Fitabase Data 3.12.16-4.11.16/dailyActivity_merged.csv,238,1427,0.8332,viernes,ligera,False
6775888955,2016-04-02,1988,1.42999994754791,1.42999994754791,0.0,0.0,0.0,1.42999994754791,0.0,0,0,79,909,2207,3.12.16-4.11.16,data/raw/mturkfitbit_export_3.12.16-4.11.16/Fitabase Data 3.12.16-4.11.16/dailyActivity_merged.csv,79,988,0.92,sábado,baja,False
6775888955,2016-04-03,1577,1.12999999523163,1.12999999523163,0.0,0.0700000002980232,0.889999985694885,0.170000001788139,0.0,1,17,8,1414,1977,3.12.16-4.11.16,data/raw/mturkfitbit_export_3.12.16-4.11.16/Fitabase Data 3.12.16-4.11.16/dailyActivity_merged.csv,26,1440,0.9819,domingo,baja,False
6775888955,2016-04-04,0,0.0,0.0,0.0,0.0,0.0,0.0,0.0,0,0,0,1440,1841,3.12.16-4.11.16,data/raw/mturkfitbit_export_3.12.16-4.11.16/Fitabase Data 3.12.16-4.11.16/dailyActivity_merged.csv,0,1440,1.0,lunes,baja,False
6775888955,2016-04-05,9348,6.69999980926514,6.69999980926514,0.0,1.12999999523163,2.03999996185303,3.14000010490417,0.0,56,133,240,1011,4286,3.12.16-4.11.16,data/raw/mturkfitbit_export_3.12.16-4.11.16/Fitabase Data 3.12.16-4.11.16/dailyActivity_merged.csv,429,1440,0.7021,martes,activa,False
6775888955,2016-04-06,11761,8.43000030517578,8.43000030517578,0.0,1.30999994277954,2.44000005722046,4.67999982833862,0.0,24,99,300,550,3920,3.12.16-4.11.16,data/raw/mturkfitbit_export_3.12.16-4.11.16/Fitabase Data 3.12.16-4.11.16/dailyActivity_merged.csv,423,973,0.5653,miércoles,muy_activa,True
6775888955,2016-04-07,13987,10.0299997329712,10.0299997329712,0.0,2.86999988555908,3.33999991416931,3.8199999332428,0.0,46,114,250,739,3856,3.12.16-4.11.16,data/raw/mturkfitbit_export_3.12.16-4.11.16/Fitabase Data 3.12.16-4.11.16/dailyActivity_merged.csv,410,1149,0.6432,jueves,muy_activa,True
6775888955,2016-04-08,4131,2.96000003814697,2.96000003814697,0.0,1.37000000476837,0.610000014305115,0.980000019073486,0.0,27,30,75,1308,2584,3.12.16-4.11.16,data/raw/mturkfitbit_export_3.12.16-4.11.16/Fitabase Data 3.12.16-4.11.16/dailyActivity_merged.csv,132,1440,0.9083,viernes,baja,False
6775888955,2016-04-09,14,0.0099999997764825,0.0099999997764825,0.0,0.0,0.0,0.0099999997764825,0.0,0,0,1,601,787,3.12.16-4.11.16,data/raw/mturkfitbit_export_3.12.16-4.11.16/Fitabase Data 3.12.16-4.11.16/dailyActivity_merged.csv,1,602,0.9983,sábado,baja,False
6962181067,2016-03-30,15491,10.2399997711182,10.2399997711182,0.0,1.28999996185303,4.48999977111816,4.46000003814697,0.0,18,77,272,641,2244,3.12.16-4.11.16,data/raw/mturkfitbit_export_3.12.16-4.11.16/Fitabase Data 3.12.16-4.11.16/dailyActivity_merged.csv,367,1008,0.6359,miércoles,muy_activa,True
6962181067,2016-03-31,14097,9.31999969482422,9.31999969482422,0.0,3.5,1.91999995708466,3.90000009536743,0.0,50,32,234,595,2188,3.12.16-4.11.16,data/raw/mturkfitbit_export_3.12.16-4.11.16/Fitabase Data 3.12.16-4.11.16/dailyActivity_merged.csv,316,911,0.6531,jueves,muy_activa,True
6962181067,2016-04-01,10467,6.98000001907349,6.98000001907349,0.0,0.699999988079071,2.4300000667572,3.84999990463257,0.0,9,45,252,602,2014,3.12.16-4.11.16,data/raw/mturkfitbit_export_3.12.16-4.11.16/Fitabase Data 3.12.16-4.11.16/dailyActivity_merged.csv,306,908,0.663,viernes,muy_activa,True
6962181067,2016-04-02,12437,8.30000019073486,8.30000019073486,0.0,3.75999999046326,1.28999996185303,3.24000000953674,0.0,50,24,219,732,2115,3.12.16-4.11.16,data/raw/mturkfitbit_export_3.12.16-4.11.16/Fitabase Data 3.12.16-4.11.16/dailyActivity_merged.csv,293,1025,0.7141,sábado,muy_activa,True
6962181067,2016-04-03,12307,8.14000034332275,8.14000034332275,0.0,1.00999999046326,3.25999999046326,3.86999988555908,0.0,14,51,218,589,2055,3.12.16-4.11.16,data/raw/mturkfitbit_export_3.12.16-4.11.16/Fitabase Data 3.12.16-4.11.16/dailyActivity_merged.csv,283,872,0.6755,domingo,muy_activa,True
6962181067,2016-04-04,18952,12.8000001907349,12.8000001907349,0.0,5.90999984741211,1.23000001907349,5.65999984741211,0.0,73,20,327,570,2437,3.12.16-4.11.16,data/raw/mturkfitbit_export_3.12.16-4.11.16/Fitabase Data 3.12.16-4.11.16/dailyActivity_merged.csv,420,990,0.5758,lunes,muy_activa,True
6962181067,2016-04-05,12010,7.94000005722046,7.94000005722046,0.0,2.38000011444092,0.949999988079071,4.6100001335144,0.0,38,17,287,692,2158,3.12.16-4.11.16,data/raw/mturkfitbit_export_3.12.16-4.11.16/Fitabase Data 3.12.16-4.11.16/dailyActivity_merged.csv,342,1034,0.6692,martes,muy_activa,True
6962181067,2016-04-06,12480,8.85999965667725,8.25,3.97279500961304,4.17999982833862,0.689999997615814,4.0,0.0,55,14,276,593,2170,3.12.16-4.11.16,data/raw/mturkfitbit_export_3.12.16-4.11.16/Fitabase Data 3.12.16-4.11.16/dailyActivity_merged.csv,345,938,0.6322,miércoles,muy_activa,True
6962181067,2016-04-07,13417,9.64999961853027,8.86999988555908,1.92630195617676,3.39000010490417,1.25,4.90999984741211,0.100000001490116,45,16,284,665,2244,3.12.16-4.11.16,data/raw/mturkfitbit_export_3.12.16-4.11.16/Fitabase Data 3.12.16-4.11.16/dailyActivity_merged.csv,345,1010,0.6584,jueves,muy_activa,True
6962181067,2016-04-08,14400,10.8800001144409,9.52000045776367,5.45686388015747,2.47000002861023,2.88000011444092,5.53000020980835,0.0,27,37,276,697,2188,3.12.16-4.11.16,data/raw/mturkfitbit_export_3.12.16-4.11.16/Fitabase Data 3.12.16-4.11.16/dailyActivity_merged.csv,340,1037,0.6721,viernes,muy_activa,True
6962181067,2016-04-09,12495,8.26000022888184,8.26000022888184,0.0,2.21000003814697,1.0900000333786,4.96000003814697,0.0,33,19,324,609,2231,3.12.16-4.11.16,data/raw/mturkfitbit_export_3.12.16-4.11.16/Fitabase Data 3.12.16-4.11.16/dailyActivity_merged.csv,376,985,0.6183,sábado,muy_activa,True
6962181067,2016-04-10,10148,6.71000003814697,6.71000003814697,0.0,1.36000001430511,0.219999998807907,5.13000011444092,0.0,19,7,306,679,2100,3.12.16-4.11.16,data/raw/mturkfitbit_export_3.12.16-4.11.16/Fitabase Data 3.12.16-4.11.16/dailyActivity_merged.csv,332,1011,0.6716,domingo,muy_activa,True
6962181067,2016-04-11,12362,9.09000015258789,8.17000007629395,2.69645500183105,1.0900000333786,2.73000001907349,5.26999998092651,0.0,21,38,297,678,2188,3.12.16-4.11.16,data/raw/mturkfitbit_export_3.12.16-4.11.16/Fitabase Data 3.12.16-4.11.16/dailyActivity_merged.csv,356,1034,0.6557,lunes,muy_activa,True
6962181067,2016-04-12,5893,3.90000009536743,3.90000009536743,0.0,2.88000011444092,0.560000002384186,0.46000000834465,0.0,43,9,48,146,917,3.12.16-4.11.16,data/raw/mturkfitbit_export_3.12.16-4.11.16/Fitabase Data 3.12.16-4.11.16/dailyActivity_merged.csv,100,246,0.5935,martes,ligera,False
7007744171,2016-04-01,11680,9.0600004196167,7.80999994277954,4.901282787323,4.48999977111816,0.330000013113022,4.23999977111816,0.0,50,7,244,1139,2573,3.12.16-4.11.16,data/raw/mturkfitbit_export_3.12.16-4.11.16/Fitabase Data 3.12.16-4.11.16/dailyActivity_merged.csv,301,1440,0.791,viernes,muy_activa,True
7007744171,2016-04-02,10976,7.34000015258789,7.34000015258789,0.0,0.550000011920929,0.670000016689301,6.13000011444092,0.0,9,16,271,1075,2575,3.12.16-4.11.16,data/raw/mturkfitbit_export_3.12.16-4.11.16/Fitabase Data 3.12.16-4.11.16/dailyActivity_merged.csv,296,1371,0.7841,sábado,muy_activa,True
7007744171,2016-04-03,16806,11.2399997711182,11.2399997711182,0.0,6.40999984741211,1.37000000476837,3.47000002861023,0.0,104,31,230,1002,3086,3.12.16-4.11.16,data/raw/mturkfitbit_export_3.12.16-4.11.16/Fitabase Data 3.12.16-4.11.16/dailyActivity_merged.csv,365,1367,0.733,domingo,muy_activa,True
7007744171,2016-04-04,15266,11.3999996185303,10.210000038147,5.18984985351563,5.80000019073486,0.759999990463257,4.78999996185303,0.0500000007450581,70,21,292,1057,2886,3.12.16-4.11.16,data/raw/mturkfitbit_export_3.12.16-4.11.16/Fitabase Data 3.12.16-4.11.16/dailyActivity_merged.csv,383,1440,0.734,lunes,muy_activa,True
7007744171,2016-04-05,12084,9.14000034332275,8.07999992370605,4.83638000488281,4.3899998664856,0.46000000834465,4.28999996185303,0.0,50,6,284,1030,2676,3.12.16-4.11.16,data/raw/mturkfitbit_export_3.12.16-4.11.16/Fitabase Data 3.12.16-4.11.16/dailyActivity_merged.csv,340,1370,0.7518,martes,muy_activa,True
7007744171,2016-04-06,13513,10.25,9.06999969482422,4.83572006225586,5.34999990463257,0.330000013113022,4.55999994277954,0.0,64,8,270,1098,2811,3.12.16-4.11.16,data/raw/mturkfitbit_export_3.12.16-4.11.16/Fitabase Data 3.12.16-4.11.16/dailyActivity_merged.csv,342,1440,0.7625,miércoles,muy_activa,True
7007744171,2016-04-07,14100,10.5799999237061,9.43000030517578,4.87598991394043,5.09999990463257,1.19000005722046,4.28000020980835,0.0,61,33,265,1015,2840,3.12.16-4.11.16,data/raw/mturkfitbit_export_3.12.16-4.11.16/Fitabase Data 3.12.16-4.11.16/dailyActivity_merged.csv,359,1374,0.7387,jueves,muy_activa,True
7007744171,2016-04-08,12627,9.64999961853027,8.44999980926514,4.84231996536255,4.69999980926514,0.740000009536743,4.21000003814697,0.0,54,22,301,1063,2871,3.12.16-4.11.16,data/raw/mturkfitbit_export_3.12.16-4.11.16/Fitabase Data 3.12.16-4.11.16/dailyActivity_merged.csv,377,1440,0.7382,viernes,muy_activa,True
7007744171,2016-04-09,10345,6.92000007629395,6.92000007629395,0.0,0.0700000002980232,0.270000010728836,6.57999992370605,0.0,2,6,358,1074,2613,3.12.16-4.11.16,data/raw/mturkfitbit_export_3.12.16-4.11.16/Fitabase Data 3.12.16-4.11.16/dailyActivity_merged.csv,366,1440,0.7458,sábado,muy_activa,True
7007744171,2016-04-10,10146,6.78999996185303,6.78999996185303,0.0,0.0700000002980232,0.610000014305115,6.1100001335144,0.0,1,12,397,1030,2700,3.12.16-4.11.16,data/raw/mturkfitbit_export_3.12.16-4.11.16/Fitabase Data 3.12.16-4.11.16/dailyActivity_merged.csv,410,1440,0.7153,domingo,muy_activa,True
7007744171,2016-04-11,12168,8.14000034332275,8.14000034332275,0.0,1.04999995231628,0.790000021457672,6.28999996185303,0.0,18,27,375,1020,2871,3.12.16-4.11.16,data/raw/mturkfitbit_export_3.12.16-4.11.16/Fitabase Data 3.12.16-4.11.16/dailyActivity_merged.csv,420,1440,0.7083,lunes,muy_activa,True
7007744171,2016-04-12,7413,5.76999998092651,4.96000003814697,4.8697829246521,4.5,0.340000003576279,0.939999997615814,0.0,53,6,43,405,1023,3.12.16-4.11.16,data/raw/mturkfitbit_export_3.12.16-4.11.16/Fitabase Data 3.12.16-4.11.16/dailyActivity_merged.csv,102,507,0.7988,martes,ligera,False
7086361926,2016-04-01,11463,7.67000007629395,7.67000007629395,0.0,2.82999992370605,1.88999998569489,2.9300000667572,0.0,38,30,154,777,2496,3.12.16-4.11.16,data/raw/mturkfitbit_export_3.12.16-4.11.16/Fitabase Data 3.12.16-4.11.16/dailyActivity_merged.csv,222,999,0.7778,viernes,muy_activa,True
7086361926,2016-04-02,87,0.0199999995529652,0.0199999995529652,0.0,0.0,0.0,0.0099999997764825,0.0,0,0,2,872,1641,3.12.16-4.11.16,data/raw/mturkfitbit_export_3.12.16-4.11.16/Fitabase Data 3.12.16-4.11.16/dailyActivity_merged.csv,2,874,0.9977,sábado,baja,False
7086361926,2016-04-03,1949,1.30999994277954,1.30999994277954,0.0,0.230000004172325,0.349999994039536,0.730000019073486,0.0,3,6,27,1404,1794,3.12.16-4.11.16,data/raw/mturkfitbit_export_3.12.16-4.11.16/Fitabase Data 3.12.16-4.11.16/dailyActivity_merged.csv,36,1440,0.975,domingo,baja,False
7086361926,2016-04-04,6101,3.86999988555908,3.86999988555908,0.0,0.529999971389771,0.230000004172325,3.09999990463257,0.0,31,24,138,1247,2421,3.12.16-4.11.16,data/raw/mturkfitbit_export_3.12.16-4.11.16/Fitabase Data 3.12.16-4.11.16/dailyActivity_merged.csv,193,1440,0.866,lunes,ligera,False
7086361926,2016-04-05,7478,4.98999977111816,4.98999977111816,0.0,1.79999995231628,0.529999971389771,2.60999989509583,0.0299999993294477,25,33,132,1159,2439,3.12.16-4.11.16,data/raw/mturkfitbit_export_3.12.16-4.11.16/Fitabase Data 3.12.16-4.11.16/dailyActivity_merged.csv,190,1349,0.8592,martes,ligera,False
7086361926,2016-04-06,7352,4.73000001907349,4.73000001907349,0.0,1.4099999666214,0.779999971389771,2.52999997138977,0.0,19,14,124,814,2233,3.12.16-4.11.16,data/raw/mturkfitbit_export_3.12.16-4.11.16/Fitabase Data 3.12.16-4.11.16/dailyActivity_merged.csv,157,971,0.8383,miércoles,ligera,False
7086361926,2016-04-07,14604,10.8199996948242,10.8199996948242,0.0,7.23000001907349,1.12000000476837,2.4300000667572,0.0299999993294477,76,30,127,695,2862,3.12.16-4.11.16,data/raw/mturkfitbit_export_3.12.16-4.11.16/Fitabase Data 3.12.16-4.11.16/dailyActivity_merged.csv,233,928,0.7489,jueves,muy_activa,True
7086361926,2016-04-08,9634,6.51999998092651,6.51999998092651,0.0,2.5,1.39999997615814,2.58999991416931,0.0,50,48,140,797,2752,3.12.16-4.11.16,data/raw/mturkfitbit_export_3.12.16-4.11.16/Fitabase Data 3.12.16-4.11.16/dailyActivity_merged.csv,238,1035,0.77,viernes,activa,False
7086361926,2016-04-09,7338,4.67000007629395,4.67000007629395,0.0,1.08000004291534,0.129999995231628,3.46000003814697,0.0,27,5,204,717,2519,3.12.16-4.11.16,data/raw/mturkfitbit_export_3.12.16-4.11.16/Fitabase Data 3.12.16-4.11.16/dailyActivity_merged.csv,236,953,0.7524,sábado,ligera,False
7086361926,2016-04-10,569,0.349999994039536,0.349999994039536,0.0,0.0,0.0,0.340000003576279,0.0,0,0,27,1368,1799,3.12.16-4.11.16,data/raw/mturkfitbit_export_3.12.16-4.11.16/Fitabase Data 3.12.16-4.11.16/dailyActivity_merged.csv,27,1395,0.9806,domingo,baja,False
7086361926,2016-04-11,6242,3.92000007629395,3.92000007629395,0.0,0.740000009536743,0.230000004172325,2.9300000667572,0.0,46,22,126,741,2543,3.12.16-4.11.16,data/raw/mturkfitbit_export_3.12.16-4.11.16/Fitabase Data 3.12.16-4.11.16/dailyActivity_merged.csv,194,935,0.7925,lunes,ligera,False
7086361926,2016-04-12,430,0.259999990463257,0.259999990463257,0.0,0.0,0.0,0.259999990463257,0.0,0,0,14,75,625,3.12.16-4.11.16,data/raw/mturkfitbit_export_3.12.16-4.11.16/Fitabase Data 3.12.16-4.11.16/dailyActivity_merged.csv,14,89,0.8427,martes,baja,False
8053475328,2016-04-02,20188,15.6199998855591,15.6199998855591,0.0,12.0600004196167,0.850000023841858,2.71000003814697,0.0,124,19,172,1125,3377,3.12.16-4.11.16,data/raw/mturkfitbit_export_3.12.16-4.11.16/Fitabase Data 3.12.16-4.11.16/dailyActivity_merged.csv,315,1440,0.7812,sábado,muy_activa,True
8053475328,2016-04-03,25701,20.1399993896484,20.1399993896484,0.0,16.8199996948242,1.62999999523163,1.69000005722046,0.0,165,36,97,1142,3697,3.12.16-4.11.16,data/raw/mturkfitbit_export_3.12.16-4.11.16/Fitabase Data 3.12.16-4.11.16/dailyActivity_merged.csv,298,1440,0.7931,domingo,muy_activa,True
8053475328,2016-04-04,17395,13.210000038147,13.210000038147,0.0,9.67000007629395,0.180000007152557,3.34999990463257,0.0,100,4,213,1123,3209,3.12.16-4.11.16,data/raw/mturkfitbit_export_3.12.16-4.11.16/Fitabase Data 3.12.16-4.11.16/dailyActivity_merged.csv,317,1440,0.7799,lunes,muy_activa,True
8053475328,2016-04-05,17167,13.4099998474121,13.4099998474121,0.0,9.96000003814697,0.310000002384186,3.14000010490417,0.0,98,8,184,1150,3167,3.12.16-4.11.16,data/raw/mturkfitbit_export_3.12.16-4.11.16/Fitabase Data 3.12.16-4.11.16/dailyActivity_merged.csv,290,1440,0.7986,martes,muy_activa,True
8053475328,2016-04-06,16435,12.4200000762939,12.4200000762939,0.0,8.96000003814697,0.550000011920929,2.91000008583069,0.0,100,14,191,1135,3122,3.12.16-4.11.16,data/raw/mturkfitbit_export_3.12.16-4.11.16/Fitabase Data 3.12.16-4.11.16/dailyActivity_merged.csv,305,1440,0.7882,miércoles,muy_activa,True
8053475328,2016-04-07,17078,13.1999998092651,13.1999998092651,0.0,9.97000026702881,0.239999994635582,2.99000000953674,0.0,101,6,190,1143,3176,3.12.16-4.11.16,data/raw/mturkfitbit_export_3.12.16-4.11.16/Fitabase Data 3.12.16-4.11.16/dailyActivity_merged.csv,297,1440,0.7938,jueves,muy_activa,True
8053475328,2016-04-08,11693,9.53999996185303,9.53999996185303,0.0,6.76999998092651,0.259999990463257,2.5,0.0,60,6,153,1221,2790,3.12.16-4.11.16,data/raw/mturkfitbit_export_3.12.16-4.11.16/Fitabase Data 3.12.16-4.11.16/dailyActivity_merged.csv,219,1440,0.8479,viernes,muy_activa,True
8053475328,2016-04-09,11159,9.14000034332275,9.14000034332275,0.0,6.69000005722046,0.25,2.19000005722046,0.0,59,6,120,1255,2715,3.12.16-4.11.16,data/raw/mturkfitbit_export_3.12.16-4.11.16/Fitabase Data 3.12.16-4.11.16/dailyActivity_merged.csv,185,1440,0.8715,sábado,muy_activa,True
8053475328,2016-04-10,10118,7.73000001907349,7.73000001907349,0.0,3.04999995231628,0.800000011920929,3.88000011444092,0.0,30,18,207,1185,2684,3.12.16-4.11.16,data/raw/mturkfitbit_export_3.12.16-4.11.16/Fitabase Data 3.12.16-4.11.16/dailyActivity_merged.csv,255,1440,0.8229,domingo,muy_activa,True
8053475328,2016-04-11,16064,12.7200002670288,12.7200002670288,0.0,9.97999954223633,0.360000014305115,2.38000011444092,0.0,96,8,155,1181,3097,3.12.16-4.11.16,data/raw/mturkfitbit_export_3.12.16-4.11.16/Fitabase Data 3.12.16-4.11.16/dailyActivity_merged.csv,259,1440,0.8201,lunes,muy_activa,True
8053475328,2016-04-12,290,0.209999993443489,0.209999993443489,0.0,0.0,0.0,0.209999993443489,0.0,0,0,16,599,791,3.12.16-4.11.16,data/raw/mturkfitbit_export_3.12.16-4.11.16/Fitabase Data 3.12.16-4.11.16/dailyActivity_merged.csv,16,615,0.974,martes,baja,False
8253242879,2016-04-01,0,0.0,0.0,0.0,0.0,0.0,0.0,0.0,0,0,0,1440,1429,3.12.16-4.11.16,data/raw/mturkfitbit_export_3.12.16-4.11.16/Fitabase Data 3.12.16-4.11.16/dailyActivity_merged.csv,0,1440,1.0,viernes,baja,False
8253242879,2016-04-02,0,0.0,0.0,0.0,0.0,0.0,0.0,0.0,0,0,0,1440,1429,3.12.16-4.11.16,data/raw/mturkfitbit_export_3.12.16-4.11.16/Fitabase Data 3.12.16-4.11.16/dailyActivity_merged.csv,0,1440,1.0,sábado,baja,False
8253242879,2016-04-03,0,0.0,0.0,0.0,0.0,0.0,0.0,0.0,0,0,0,1440,1429,3.12.16-4.11.16,data/raw/mturkfitbit_export_3.12.16-4.11.16/Fitabase Data 3.12.16-4.11.16/dailyActivity_merged.csv,0,1440,1.0,domingo,baja,False
8253242879,2016-04-04,0,0.0,0.0,0.0,0.0,0.0,0.0,0.0,0,0,0,1440,1429,3.12.16-4.11.16,data/raw/mturkfitbit_export_3.12.16-4.11.16/Fitabase Data 3.12.16-4.11.16/dailyActivity_merged.csv,0,1440,1.0,lunes,baja,False
8253242879,2016-04-05,0,0.0,0.0,0.0,0.0,0.0,0.0,0.0,0,0,0,1440,1429,3.12.16-4.11.16,data/raw/mturkfitbit_export_3.12.16-4.11.16/Fitabase Data 3.12.16-4.11.16/dailyActivity_merged.csv,0,1440,1.0,martes,baja,False
8253242879,2016-04-06,1931,1.27999997138977,1.27999997138977,0.0,0.0,0.0,1.27999997138977,0.0,0,0,94,1346,1607,3.12.16-4.11.16,data/raw/mturkfitbit_export_3.12.16-4.11.16/Fitabase Data 3.12.16-4.11.16/dailyActivity_merged.csv,94,1440,0.9347,miércoles,baja,False
8253242879,2016-04-07,5181,3.42000007629395,3.42000007629395,0.0,1.0,0.910000026226044,1.50999999046326,0.0099999997764825,15,15,107,1303,1776,3.12.16-4.11.16,data/raw/mturkfitbit_export_3.12.16-4.11.16/Fitabase Data 3.12.16-4.11.16/dailyActivity_merged.csv,137,1440,0.9049,jueves,ligera,False
8253242879,2016-04-08,12026,9.14999961853027,9.14999961853027,0.0,5.69999980926514,0.930000007152557,2.50999999046326,0.0,47,13,150,1230,2162,3.12.16-4.11.16,data/raw/mturkfitbit_export_3.12.16-4.11.16/Fitabase Data 3.12.16-4.11.16/dailyActivity_merged.csv,210,1440,0.8542,viernes,muy_activa,True
8253242879,2016-04-09,5360,3.53999996185303,3.53999996185303,0.0,0.540000021457672,1.54999995231628,1.46000003814697,0.0,8,28,148,1256,1832,3.12.16-4.11.16,data/raw/mturkfitbit_export_3.12.16-4.11.16/Fitabase Data 3.12.16-4.11.16/dailyActivity_merged.csv,184,1440,0.8722,sábado,ligera,False
8253242879,2016-04-10,2545,1.67999994754791,1.67999994754791,0.0,0.0,0.0,1.66999995708466,0.0199999995529652,0,0,126,1314,1657,3.12.16-4.11.16,data/raw/mturkfitbit_export_3.12.16-4.11.16/Fitabase Data 3.12.16-4.11.16/dailyActivity_merged.csv,126,1440,0.9125,domingo,baja,False
8253242879,2016-04-11,1636,1.08000004291534,1.08000004291534,0.0,0.0,0.0,1.08000004291534,0.0,0,0,86,1139,1377,3.12.16-4.11.16,data/raw/mturkfitbit_export_3.12.16-4.11.16/Fitabase Data 3.12.16-4.11.16/dailyActivity_merged.csv,86,1225,0.9298,lunes,baja,False
8253242879,2016-04-12,0,0.0,0.0,0.0,0.0,0.0,0.0,0.0,0,0,0,1440,0,3.12.16-4.11.16,data/raw/mturkfitbit_export_3.12.16-4.11.16/Fitabase Data 3.12.16-4.11.16/dailyActivity_merged.csv,0,1440,1.0,martes,baja,False
8378563200,2016-04-01,14179,11.2399997711182,11.2399997711182,0.0,6.23000001907349,1.05999994277954,3.96000003814697,0.0,73,21,195,719,3669,3.12.16-4.11.16,data/raw/mturkfitbit_export_3.12.16-4.11.16/Fitabase Data 3.12.16-4.11.16/dailyActivity_merged.csv,289,1008,0.7133,viernes,muy_activa,True
8378563200,2016-04-02,3358,2.66000008583069,2.66000008583069,0.0,0.0,0.0,2.66000008583069,0.0,0,0,144,657,2702,3.12.16-4.11.16,data/raw/mturkfitbit_export_3.12.16-4.11.16/Fitabase Data 3.12.16-4.11.16/dailyActivity_merged.csv,144,801,0.8202,sábado,baja,False
8378563200,2016-04-03,9152,7.26000022888184,7.26000022888184,0.0,1.99000000953674,0.819999992847443,4.44999980926514,0.0,25,13,243,600,3304,3.12.16-4.11.16,data/raw/mturkfitbit_export_3.12.16-4.11.16/Fitabase Data 3.12.16-4.11.16/dailyActivity_merged.csv,281,881,0.681,domingo,activa,False
8378563200,2016-04-04,13935,11.0500001907349,11.0500001907349,2.0921471118927,4.09000015258789,0.790000021457672,6.17000007629395,0.0,105,16,220,658,4234,3.12.16-4.11.16,data/raw/mturkfitbit_export_3.12.16-4.11.16/Fitabase Data 3.12.16-4.11.16/dailyActivity_merged.csv,341,999,0.6587,lunes,muy_activa,True
8378563200,2016-04-05,12846,10.1899995803833,10.1899995803833,2.25308108329773,5.0,0.75,4.44000005722046,0.0,113,15,189,686,4128,3.12.16-4.11.16,data/raw/mturkfitbit_export_3.12.16-4.11.16/Fitabase Data 3.12.16-4.11.16/dailyActivity_merged.csv,317,1003,0.6839,martes,muy_activa,True
8378563200,2016-04-06,9124,7.23999977111816,7.23999977111816,2.0921471118927,0.0,0.25,6.98999977111816,0.0,55,6,230,728,3798,3.12.16-4.11.16,data/raw/mturkfitbit_export_3.12.16-4.11.16/Fitabase Data 3.12.16-4.11.16/dailyActivity_merged.csv,291,1019,0.7144,miércoles,activa,False
8378563200,2016-04-07,9725,7.71000003814697,7.71000003814697,2.25308108329773,2.41000008583069,0.529999971389771,4.76999998092651,0.0,83,11,181,670,3839,3.12.16-4.11.16,data/raw/mturkfitbit_export_3.12.16-4.11.16/Fitabase Data 3.12.16-4.11.16/dailyActivity_merged.csv,275,945,0.709,jueves,activa,False
8378563200,2016-04-08,8350,6.61999988555908,6.61999988555908,2.0921471118927,1.49000000953674,0.529999971389771,4.6100001335144,0.0,72,10,167,868,3713,3.12.16-4.11.16,data/raw/mturkfitbit_export_3.12.16-4.11.16/Fitabase Data 3.12.16-4.11.16/dailyActivity_merged.csv,249,1117,0.7771,viernes,activa,False
8378563200,2016-04-09,2240,1.77999997138977,1.77999997138977,0.0,0.0,0.0,1.77999997138977,0.0,0,0,110,843,2606,3.12.16-4.11.16,data/raw/mturkfitbit_export_3.12.16-4.11.16/Fitabase Data 3.12.16-4.11.16/dailyActivity_merged.csv,110,953,0.8846,sábado,baja,False
8378563200,2016-04-10,2631,2.08999991416931,2.08999991416931,0.0,0.0,0.0,2.08999991416931,0.0,0,0,117,727,2624,3.12.16-4.11.16,data/raw/mturkfitbit_export_3.12.16-4.11.16/Fitabase Data 3.12.16-4.11.16/dailyActivity_merged.csv,117,844,0.8614,domingo,baja,False
8378563200,2016-04-11,8837,7.01000022888184,7.01000022888184,2.0921471118927,1.53999996185303,0.879999995231628,4.59000015258789,0.0,74,17,182,811,3775,3.12.16-4.11.16,data/raw/mturkfitbit_export_3.12.16-4.11.16/Fitabase Data 3.12.16-4.11.16/dailyActivity_merged.csv,273,1084,0.7482,lunes,activa,False
8378563200,2016-04-12,3246,2.5699999332428,2.5699999332428,2.25308108329773,0.829999983310699,0.709999978542328,1.02999997138977,0.0,65,15,49,243,1882,3.12.16-4.11.16,data/raw/mturkfitbit_export_3.12.16-4.11.16/Fitabase Data 3.12.16-4.11.16/dailyActivity_merged.csv,129,372,0.6532,martes,baja,False
8583815059,2016-04-01,2174,1.70000004768372,1.70000004768372,0.0,0.0,0.0,1.70000004768372,0.0,0,0,112,1328,2360,3.12.16-4.11.16,data/raw/mturkfitbit_export_3.12.16-4.11.16/Fitabase Data 3.12.16-4.11.16/dailyActivity_merged.csv,112,1440,0.9222,viernes,baja,False
8583815059,2016-04-02,3494,2.73000001907349,2.73000001907349,0.0,0.0,0.0,2.69000005722046,0.0,0,0,166,1274,2517,3.12.16-4.11.16,data/raw/mturkfitbit_export_3.12.16-4.11.16/Fitabase Data 3.12.16-4.11.16/dailyActivity_merged.csv,166,1440,0.8847,sábado,baja,False
8583815059,2016-04-03,2380,1.86000001430511,1.86000001430511,0.0,0.0,0.0,1.86000001430511,0.0,0,0,131,1309,2400,3.12.16-4.11.16,data/raw/mturkfitbit_export_3.12.16-4.11.16/Fitabase Data 3.12.16-4.11.16/dailyActivity_merged.csv,131,1440,0.909,domingo,baja,False
8583815059,2016-04-04,3159,2.46000003814697,2.46000003814697,0.0,0.0,0.0,2.46000003814697,0.0,0,0,147,1293,2462,3.12.16-4.11.16,data/raw/mturkfitbit_export_3.12.16-4.11.16/Fitabase Data 3.12.16-4.11.16/dailyActivity_merged.csv,147,1440,0.8979,lunes,baja,False
8583815059,2016-04-05,6835,5.32999992370605,5.32999992370605,0.0,0.370000004768372,0.730000019073486,4.23999977111816,0.0,5,15,212,1208,2786,3.12.16-4.11.16,data/raw/mturkfitbit_export_3.12.16-4.11.16/Fitabase Data 3.12.16-4.11.16/dailyActivity_merged.csv,232,1440,0.8389,martes,ligera,False
8583815059,2016-04-06,2098,1.63999998569489,1.63999998569489,0.0,0.0,0.0,1.62999999523163,0.0,0,0,112,1328,2354,3.12.16-4.11.16,data/raw/mturkfitbit_export_3.12.16-4.11.16/Fitabase Data 3.12.16-4.11.16/dailyActivity_merged.csv,112,1440,0.9222,miércoles,baja,False
8583815059,2016-04-07,2816,2.20000004768372,2.20000004768372,0.0,0.0,0.0,2.20000004768372,0.0,0,0,138,1302,2437,3.12.16-4.11.16,data/raw/mturkfitbit_export_3.12.16-4.11.16/Fitabase Data 3.12.16-4.11.16/dailyActivity_merged.csv,138,1440,0.9042,jueves,baja,False
8583815059,2016-04-08,1408,1.10000002384186,1.10000002384186,0.0,0.0,0.0,1.10000002384186,0.0,0,0,79,1052,1814,3.12.16-4.11.16,data/raw/mturkfitbit_export_3.12.16-4.11.16/Fitabase Data 3.12.16-4.11.16/dailyActivity_merged.csv,79,1131,0.9302,viernes,baja,False
8792009665,2016-04-01,4592,2.94000005722046,2.94000005722046,0.0,0.100000001490116,0.140000000596046,2.70000004768372,0.0,4,8,176,748,2260,3.12.16-4.11.16,data/raw/mturkfitbit_export_3.12.16-4.11.16/Fitabase Data 3.12.16-4.11.16/dailyActivity_merged.csv,188,936,0.7991,viernes,baja,False
8792009665,2016-04-02,8452,5.40999984741211,5.40999984741211,0.0,0.259999990463257,0.389999985694885,4.76000022888184,0.0,9,24,328,1079,3004,3.12.16-4.11.16,data/raw/mturkfitbit_export_3.12.16-4.11.16/Fitabase Data 3.12.16-4.11.16/dailyActivity_merged.csv,361,1440,0.7493,sábado,activa,False
8792009665,2016-04-03,7238,4.63000011444092,4.63000011444092,0.0,0.109999999403954,0.230000004172325,4.28999996185303,0.0,2,6,279,636,2667,3.12.16-4.11.16,data/raw/mturkfitbit_export_3.12.16-4.11.16/Fitabase Data 3.12.16-4.11.16/dailyActivity_merged.csv,287,923,0.6891,domingo,ligera,False
8792009665,2016-04-04,3821,2.45000004768372,2.45000004768372,0.0,0.0,0.219999998807907,2.23000001907349,0.0,0,9,161,675,2229,3.12.16-4.11.16,data/raw/mturkfitbit_export_3.12.16-4.11.16/Fitabase Data 3.12.16-4.11.16/dailyActivity_merged.csv,170,845,0.7988,lunes,baja,False
8792009665,2016-04-05,2332,1.49000000953674,1.49000000953674,0.0,0.0099999997764825,0.180000007152557,1.29999995231628,0.0,1,10,111,904,2100,3.12.16-4.11.16,data/raw/mturkfitbit_export_3.12.16-4.11.16/Fitabase Data 3.12.16-4.11.16/dailyActivity_merged.csv,122,1026,0.8811,martes,baja,False
8792009665,2016-04-06,2121,1.36000001430511,1.36000001430511,0.0,0.0,0.0,1.36000001430511,0.0,0,0,122,855,2114,3.12.16-4.11.16,data/raw/mturkfitbit_export_3.12.16-4.11.16/Fitabase Data 3.12.16-4.11.16/dailyActivity_merged.csv,122,977,0.8751,miércoles,baja,False
8792009665,2016-04-07,1291,0.829999983310699,0.829999983310699,0.0,0.0,0.0,0.829999983310699,0.0,0,0,77,888,1961,3.12.16-4.11.16,data/raw/mturkfitbit_export_3.12.16-4.11.16/Fitabase Data 3.12.16-4.11.16/dailyActivity_merged.csv,77,965,0.9202,jueves,baja,False
8792009665,2016-04-08,1467,0.939999997615814,0.939999997615814,0.0,0.100000001490116,0.209999993443489,0.629999995231628,0.0,2,8,71,912,1953,3.12.16-4.11.16,data/raw/mturkfitbit_export_3.12.16-4.11.16/Fitabase Data 3.12.16-4.11.16/dailyActivity_merged.csv,81,993,0.9184,viernes,baja,False
8792009665,2016-04-09,1022,0.649999976158142,0.649999976158142,0.0,0.0,0.0,0.649999976158142,0.0,0,0,63,739,1890,3.12.16-4.11.16,data/raw/mturkfitbit_export_3.12.16-4.11.16/Fitabase Data 3.12.16-4.11.16/dailyActivity_merged.csv,63,802,0.9214,sábado,baja,False
8792009665,2016-04-10,4605,2.95000004768372,2.95000004768372,0.0,0.0,0.0,2.95000004768372,0.0,0,0,179,1261,2253,3.12.16-4.11.16,data/raw/mturkfitbit_export_3.12.16-4.11.16/Fitabase Data 3.12.16-4.11.16/dailyActivity_merged.csv,179,1440,0.8757,domingo,baja,False
8792009665,2016-04-11,178,0.109999999403954,0.109999999403954,0.0,0.0,0.0,0.109999999403954,0.0,0,0,12,1428,1725,3.12.16-4.11.16,data/raw/mturkfitbit_export_3.12.16-4.11.16/Fitabase Data 3.12.16-4.11.16/dailyActivity_merged.csv,12,1440,0.9917,lunes,baja,False
8792009665,2016-04-12,20,0.0099999997764825,0.0099999997764825,0.0,0.0,0.0,0.0099999997764825,0.0,0,0,6,598,728,3.12.16-4.11.16,data/raw/mturkfitbit_export_3.12.16-4.11.16/Fitabase Data 3.12.16-4.11.16/dailyActivity_merged.csv,6,604,0.9901,martes,baja,False
8877689391,2016-04-01,18700,15.8199996948242,15.8199996948242,0.0,8.69999980926514,0.159999996423721,6.90999984741211,0.0,67,3,247,1123,3527,3.12.16-4.11.16,data/raw/mturkfitbit_export_3.12.16-4.11.16/Fitabase Data 3.12.16-4.11.16/dailyActivity_merged.csv,317,1440,0.7799,viernes,muy_activa,True
8877689391,2016-04-02,27572,23.3899993896484,23.3899993896484,0.0,14.7200002670288,1.21000003814697,7.34000015258789,0.0099999997764825,116,24,260,1040,4220,3.12.16-4.11.16,data/raw/mturkfitbit_export_3.12.16-4.11.16/Fitabase Data 3.12.16-4.11.16/dailyActivity_merged.csv,400,1440,0.7222,sábado,muy_activa,True
8877689391,2016-04-03,15260,8.1899995803833,8.1899995803833,0.0,1.79999995231628,0.75,5.57000017166138,0.0,106,17,259,1058,3864,3.12.16-4.11.16,data/raw/mturkfitbit_export_3.12.16-4.11.16/Fitabase Data 3.12.16-4.11.16/dailyActivity_merged.csv,382,1440,0.7347,domingo,muy_activa,True
8877689391,2016-04-04,20779,18.4099998474121,18.4099998474121,0.0,11.7299995422363,0.649999976158142,6.0,0.0,78,16,208,1138,3662,3.12.16-4.11.16,data/raw/mturkfitbit_export_3.12.16-4.11.16/Fitabase Data 3.12.16-4.11.16/dailyActivity_merged.csv,302,1440,0.7903,lunes,muy_activa,True
8877689391,2016-04-05,10695,8.11999988555908,8.11999988555908,0.0,0.769999980926514,0.180000007152557,7.09000015258789,0.0099999997764825,10,3,246,1181,2834,3.12.16-4.11.16,data/raw/mturkfitbit_export_3.12.16-4.11.16/Fitabase Data 3.12.16-4.11.16/dailyActivity_merged.csv,259,1440,0.8201,martes,muy_activa,True
8877689391,2016-04-06,24136,20.9099998474121,20.9099998474121,0.0,12.2200002670288,0.540000021457672,8.07999992370605,0.0,87,16,318,1019,4039,3.12.16-4.11.16,data/raw/mturkfitbit_export_3.12.16-4.11.16/Fitabase Data 3.12.16-4.11.16/dailyActivity_merged.csv,421,1440,0.7076,miércoles,muy_activa,True
8877689391,2016-04-07,10910,8.42000007629395,8.42000007629395,0.0,2.96000003814697,0.389999985694885,5.03000020980835,0.0,32,11,212,1185,2947,3.12.16-4.11.16,data/raw/mturkfitbit_export_3.12.16-4.11.16/Fitabase Data 3.12.16-4.11.16/dailyActivity_merged.csv,255,1440,0.8229,jueves,muy_activa,True
8877689391,2016-04-08,23014,20.3899993896484,20.3899993896484,0.0,11.1000003814697,0.629999995231628,8.61999988555908,0.0,70,29,359,982,4196,3.12.16-4.11.16,data/raw/mturkfitbit_export_3.12.16-4.11.16/Fitabase Data 3.12.16-4.11.16/dailyActivity_merged.csv,458,1440,0.6819,viernes,muy_activa,True
8877689391,2016-04-09,16470,8.06999969482422,8.06999969482422,0.0,0.0,0.0199999995529652,8.02000045776367,0.0,90,9,289,1052,3841,3.12.16-4.11.16,data/raw/mturkfitbit_export_3.12.16-4.11.16/Fitabase Data 3.12.16-4.11.16/dailyActivity_merged.csv,388,1440,0.7306,sábado,muy_activa,True
8877689391,2016-04-10,28497,27.5300006866455,27.5300006866455,0.0,21.9200000762939,1.12000000476837,4.46000003814697,0.0,128,46,211,1055,4526,3.12.16-4.11.16,data/raw/mturkfitbit_export_3.12.16-4.11.16/Fitabase Data 3.12.16-4.11.16/dailyActivity_merged.csv,385,1440,0.7326,domingo,muy_activa,True
8877689391,2016-04-11,10622,8.0600004196167,8.0600004196167,0.0,1.47000002861023,0.150000005960464,6.36999988555908,0.0099999997764825,18,7,225,1190,2820,3.12.16-4.11.16,data/raw/mturkfitbit_export_3.12.16-4.11.16/Fitabase Data 3.12.16-4.11.16/dailyActivity_merged.csv,250,1440,0.8264,lunes,muy_activa,True
8877689391,2016-04-12,2350,1.77999997138977,1.77999997138977,0.0,0.0,0.0,1.77999997138977,0.0,0,0,58,531,938,3.12.16-4.11.16,data/raw/mturkfitbit_export_3.12.16-4.11.16/Fitabase Data 3.12.16-4.11.16/dailyActivity_merged.csv,58,589,0.9015,martes,baja,False
1503960366,2016-04-13,10735,6.96999979019165,6.96999979019165,0.0,1.57000005245209,0.689999997615814,4.71000003814697,0.0,21,19,217,776,1797,4.12.16-5.12.16,data/raw/mturkfitbit_export_4.12.16-5.12.16/Fitabase Data 4.12.16-5.12.16/dailyActivity_merged.csv,257,1033,0.7512,miércoles,muy_activa,True
1503960366,2016-04-14,10460,6.73999977111816,6.73999977111816,0.0,2.44000005722046,0.400000005960464,3.91000008583069,0.0,30,11,181,1218,1776,4.12.16-5.12.16,data/raw/mturkfitbit_export_4.12.16-5.12.16/Fitabase Data 4.12.16-5.12.16/dailyActivity_merged.csv,222,1440,0.8458,jueves,muy_activa,True
1503960366,2016-04-15,9762,6.28000020980835,6.28000020980835,0.0,2.14000010490417,1.25999999046326,2.82999992370605,0.0,29,34,209,726,1745,4.12.16-5.12.16,data/raw/mturkfitbit_export_4.12.16-5.12.16/Fitabase Data 4.12.16-5.12.16/dailyActivity_merged.csv,272,998,0.7275,viernes,activa,False
1503960366,2016-04-16,12669,8.15999984741211,8.15999984741211,0.0,2.71000003814697,0.409999996423721,5.03999996185303,0.0,36,10,221,773,1863,4.12.16-5.12.16,data/raw/mturkfitbit_export_4.12.16-5.12.16/Fitabase Data 4.12.16-5.12.16/dailyActivity_merged.csv,267,1040,0.7433,sábado,muy_activa,True
1503960366,2016-04-17,9705,6.48000001907349,6.48000001907349,0.0,3.19000005722046,0.779999971389771,2.50999999046326,0.0,38,20,164,539,1728,4.12.16-5.12.16,data/raw/mturkfitbit_export_4.12.16-5.12.16/Fitabase Data 4.12.16-5.12.16/dailyActivity_merged.csv,222,761,0.7083,domingo,activa,False
1503960366,2016-04-18,13019,8.59000015258789,8.59000015258789,0.0,3.25,0.639999985694885,4.71000003814697,0.0,42,16,233,1149,1921,4.12.16-5.12.16,data/raw/mturkfitbit_export_4.12.16-5.12.16/Fitabase Data 4.12.16-5.12.16/dailyActivity_merged.csv,291,1440,0.7979,lunes,muy_activa,True
1503960366,2016-04-19,15506,9.88000011444092,9.88000011444092,0.0,3.52999997138977,1.32000005245209,5.03000020980835,0.0,50,31,264,775,2035,4.12.16-5.12.16,data/raw/mturkfitbit_export_4.12.16-5.12.16/Fitabase Data 4.12.16-5.12.16/dailyActivity_merged.csv,345,1120,0.692,martes,muy_activa,True
1503960366,2016-04-20,10544,6.67999982833862,6.67999982833862,0.0,1.96000003814697,0.479999989271164,4.23999977111816,0.0,28,12,205,818,1786,4.12.16-5.12.16,data/raw/mturkfitbit_export_4.12.16-5.12.16/Fitabase Data 4.12.16-5.12.16/dailyActivity_merged.csv,245,1063,0.7695,miércoles,muy_activa,True
1503960366,2016-04-21,9819,6.34000015258789,6.34000015258789,0.0,1.3400000333786,0.349999994039536,4.65000009536743,0.0,19,8,211,838,1775,4.12.16-5.12.16,data/raw/mturkfitbit_export_4.12.16-5.12.16/Fitabase Data 4.12.16-5.12.16/dailyActivity_merged.csv,238,1076,0.7788,jueves,activa,False
1503960366,2016-04-22,12764,8.13000011444092,8.13000011444092,0.0,4.76000022888184,1.12000000476837,2.24000000953674,0.0,66,27,130,1217,1827,4.12.16-5.12.16,data/raw/mturkfitbit_export_4.12.16-5.12.16/Fitabase Data 4.12.16-5.12.16/dailyActivity_merged.csv,223,1440,0.8451,viernes,muy_activa,True
1503960366,2016-04-23,14371,9.03999996185303,9.03999996185303,0.0,2.80999994277954,0.870000004768372,5.3600001335144,0.0,41,21,262,732,1949,4.12.16-5.12.16,data/raw/mturkfitbit_export_4.12.16-5.12.16/Fitabase Data 4.12.16-5.12.16/dailyActivity_merged.csv,324,1056,0.6932,sábado,muy_activa,True
1503960366,2016-04-24,10039,6.40999984741211,6.40999984741211,0.0,2.92000007629395,0.209999993443489,3.27999997138977,0.0,39,5,238,709,1788,4.12.16-5.12.16,data/raw/mturkfitbit_export_4.12.16-5.12.16/Fitabase Data 4.12.16-5.12.16/dailyActivity_merged.csv,282,991,0.7154,domingo,muy_activa,True
1503960366,2016-04-25,15355,9.80000019073486,9.80000019073486,0.0,5.28999996185303,0.569999992847443,3.94000005722046,0.0,73,14,216,814,2013,4.12.16-5.12.16,data/raw/mturkfitbit_export_4.12.16-5.12.16/Fitabase Data 4.12.16-5.12.16/dailyActivity_merged.csv,303,1117,0.7287,lunes,muy_activa,True
1503960366,2016-04-26,13755,8.78999996185303,8.78999996185303,0.0,2.32999992370605,0.920000016689301,5.53999996185303,0.0,31,23,279,833,1970,4.12.16-5.12.16,data/raw/mturkfitbit_export_4.12.16-5.12.16/Fitabase Data 4.12.16-5.12.16/dailyActivity_merged.csv,333,1166,0.7144,martes,muy_activa,True
1503960366,2016-04-27,18134,12.210000038147,12.210000038147,0.0,6.40000009536743,0.409999996423721,5.40999984741211,0.0,78,11,243,1108,2159,4.12.16-5.12.16,data/raw/mturkfitbit_export_4.12.16-5.12.16/Fitabase Data 4.12.16-5.12.16/dailyActivity_merged.csv,332,1440,0.7694,miércoles,muy_activa,True
1503960366,2016-04-28,13154,8.52999973297119,8.52999973297119,0.0,3.53999996185303,1.1599999666214,3.78999996185303,0.0,48,28,189,782,1898,4.12.16-5.12.16,data/raw/mturkfitbit_export_4.12.16-5.12.16/Fitabase Data 4.12.16-5.12.16/dailyActivity_merged.csv,265,1047,0.7469,jueves,muy_activa,True
1503960366,2016-04-29,11181,7.15000009536743,7.15000009536743,0.0,1.05999994277954,0.5,5.57999992370605,0.0,16,12,243,815,1837,4.12.16-5.12.16,data/raw/mturkfitbit_export_4.12.16-5.12.16/Fitabase Data 4.12.16-5.12.16/dailyActivity_merged.csv,271,1086,0.7505,viernes,muy_activa,True
1503960366,2016-04-30,14673,9.25,9.25,0.0,3.55999994277954,1.41999995708466,4.26999998092651,0.0,52,34,217,712,1947,4.12.16-5.12.16,data/raw/mturkfitbit_export_4.12.16-5.12.16/Fitabase Data 4.12.16-5.12.16/dailyActivity_merged.csv,303,1015,0.7015,sábado,muy_activa,True
1503960366,2016-05-01,10602,6.80999994277954,6.80999994277954,0.0,2.28999996185303,1.60000002384186,2.92000007629395,0.0,33,35,246,730,1820,4.12.16-5.12.16,data/raw/mturkfitbit_export_4.12.16-5.12.16/Fitabase Data 4.12.16-5.12.16/dailyActivity_merged.csv,314,1044,0.6992,domingo,muy_activa,True
1503960366,2016-05-02,14727,9.71000003814697,9.71000003814697,0.0,3.21000003814697,0.569999992847443,5.92000007629395,0.0,41,15,277,798,2004,4.12.16-5.12.16,data/raw/mturkfitbit_export_4.12.16-5.12.16/Fitabase Data 4.12.16-5.12.16/dailyActivity_merged.csv,333,1131,0.7056,lunes,muy_activa,True
1503960366,2016-05-03,15103,9.65999984741211,9.65999984741211,0.0,3.73000001907349,1.04999995231628,4.88000011444092,0.0,50,24,254,816,1990,4.12.16-5.12.16,data/raw/mturkfitbit_export_4.12.16-5.12.16/Fitabase Data 4.12.16-5.12.16/dailyActivity_merged.csv,328,1144,0.7133,martes,muy_activa,True
1503960366,2016-05-04,11100,7.15000009536743,7.15000009536743,0.0,2.46000003814697,0.870000004768372,3.8199999332428,0.0,36,22,203,1179,1819,4.12.16-5.12.16,data/raw/mturkfitbit_export_4.12.16-5.12.16/Fitabase Data 4.12.16-5.12.16/dailyActivity_merged.csv,261,1440,0.8188,miércoles,muy_activa,True
1503960366,2016-05-05,14070,8.89999961853027,8.89999961853027,0.0,2.92000007629395,1.08000004291534,4.88000011444092,0.0,45,24,250,857,1959,4.12.16-5.12.16,data/raw/mturkfitbit_export_4.12.16-5.12.16/Fitabase Data 4.12.16-5.12.16/dailyActivity_merged.csv,319,1176,0.7287,jueves,muy_activa,True
1503960366,2016-05-06,12159,8.02999973297119,8.02999973297119,0.0,1.97000002861023,0.25,5.80999994277954,0.0,24,6,289,754,1896,4.12.16-5.12.16,data/raw/mturkfitbit_export_4.12.16-5.12.16/Fitabase Data 4.12.16-5.12.16/dailyActivity_merged.csv,319,1073,0.7027,viernes,muy_activa,True
1503960366,2016-05-07,11992,7.71000003814697,7.71000003814697,0.0,2.46000003814697,2.11999988555908,3.13000011444092,0.0,37,46,175,833,1821,4.12.16-5.12.16,data/raw/mturkfitbit_export_4.12.16-5.12.16/Fitabase Data 4.12.16-5.12.16/dailyActivity_merged.csv,258,1091,0.7635,sábado,muy_activa,True
1503960366,2016-05-08,10060,6.57999992370605,6.57999992370605,0.0,3.52999997138977,0.319999992847443,2.73000001907349,0.0,44,8,203,574,1740,4.12.16-5.12.16,data/raw/mturkfitbit_export_4.12.16-5.12.16/Fitabase Data 4.12.16-5.12.16/dailyActivity_merged.csv,255,829,0.6924,domingo,muy_activa,True
1503960366,2016-05-09,12022,7.71999979019165,7.71999979019165,0.0,3.45000004768372,0.529999971389771,3.74000000953674,0.0,46,11,206,835,1819,4.12.16-5.12.16,data/raw/mturkfitbit_export_4.12.16-5.12.16/Fitabase Data 4.12.16-5.12.16/dailyActivity_merged.csv,263,1098,0.7605,lunes,muy_activa,True
1503960366,2016-05-10,12207,7.76999998092651,7.76999998092651,0.0,3.34999990463257,1.1599999666214,3.25999999046326,0.0,46,31,214,746,1859,4.12.16-5.12.16,data/raw/mturkfitbit_export_4.12.16-5.12.16/Fitabase Data 4.12.16-5.12.16/dailyActivity_merged.csv,291,1037,0.7194,martes,muy_activa,True
1503960366,2016-05-11,12770,8.13000011444092,8.13000011444092,0.0,2.55999994277954,1.00999999046326,4.55000019073486,0.0,36,23,251,669,1783,4.12.16-5.12.16,data/raw/mturkfitbit_export_4.12.16-5.12.16/Fitabase Data 4.12.16-5.12.16/dailyActivity_merged.csv,310,979,0.6834,miércoles,muy_activa,True
1503960366,2016-05-12,0,0.0,0.0,0.0,0.0,0.0,0.0,0.0,0,0,0,1440,0,4.12.16-5.12.16,data/raw/mturkfitbit_export_4.12.16-5.12.16/Fitabase Data 4.12.16-5.12.16/dailyActivity_merged.csv,0,1440,1.0,jueves,baja,False
1624580081,2016-04-13,7007,4.55000019073486,4.55000019073486,0.0,0.0,0.0,4.55000019073486,0.0,0,0,148,1292,1411,4.12.16-5.12.16,data/raw/mturkfitbit_export_4.12.16-5.12.16/Fitabase Data 4.12.16-5.12.16/dailyActivity_merged.csv,148,1440,0.8972,miércoles,ligera,False
1624580081,2016-04-14,9107,5.92000007629395,5.92000007629395,0.0,0.0,0.0,5.90999984741211,0.0099999997764825,0,0,236,1204,1572,4.12.16-5.12.16,data/raw/mturkfitbit_export_4.12.16-5.12.16/Fitabase Data 4.12.16-5.12.16/dailyActivity_merged.csv,236,1440,0.8361,jueves,activa,False
1624580081,2016-04-15,1510,0.980000019073486,0.980000019073486,0.0,0.0,0.0,0.970000028610229,0.0,0,0,96,1344,1344,4.12.16-5.12.16,data/raw/mturkfitbit_export_4.12.16-5.12.16/Fitabase Data 4.12.16-5.12.16/dailyActivity_merged.csv,96,1440,0.9333,viernes,baja,False
1624580081,2016-04-16,5370,3.49000000953674,3.49000000953674,0.0,0.0,0.0,3.49000000953674,0.0,0,0,176,1264,1463,4.12.16-5.12.16,data/raw/mturkfitbit_export_4.12.16-5.12.16/Fitabase Data 4.12.16-5.12.16/dailyActivity_merged.csv,176,1440,0.8778,sábado,ligera,False
1624580081,2016-04-17,6175,4.05999994277954,4.05999994277954,0.0,1.02999997138977,1.51999998092651,1.49000000953674,0.0099999997764825,15,22,127,1276,1554,4.12.16-5.12.16,data/raw/mturkfitbit_export_4.12.16-5.12.16/Fitabase Data 4.12.16-5.12.16/dailyActivity_merged.csv,164,1440,0.8861,domingo,ligera,False
1624580081,2016-04-18,10536,7.40999984741211,7.40999984741211,0.0,2.15000009536743,0.620000004768372,4.61999988555908,0.0099999997764825,17,7,202,1214,1604,4.12.16-5.12.16,data/raw/mturkfitbit_export_4.12.16-5.12.16/Fitabase Data 4.12.16-5.12.16/dailyActivity_merged.csv,226,1440,0.8431,lunes,muy_activa,True
1624580081,2016-04-19,2916,1.89999997615814,1.89999997615814,0.0,0.0,0.0,1.89999997615814,0.0,0,0,141,1299,1435,4.12.16-5.12.16,data/raw/mturkfitbit_export_4.12.16-5.12.16/Fitabase Data 4.12.16-5.12.16/dailyActivity_merged.csv,141,1440,0.9021,martes,baja,False
1624580081,2016-04-20,4974,3.23000001907349,3.23000001907349,0.0,0.0,0.0,3.23000001907349,0.0,0,0,151,1289,1446,4.12.16-5.12.16,data/raw/mturkfitbit_export_4.12.16-5.12.16/Fitabase Data 4.12.16-5.12.16/dailyActivity_merged.csv,151,1440,0.8951,miércoles,baja,False
1624580081,2016-04-21,6349,4.13000011444092,4.13000011444092,0.0,0.0,0.0,4.1100001335144,0.0199999995529652,0,0,186,1254,1467,4.12.16-5.12.16,data/raw/mturkfitbit_export_4.12.16-5.12.16/Fitabase Data 4.12.16-5.12.16/dailyActivity_merged.csv,186,1440,0.8708,jueves,ligera,False
1624580081,2016-04-22,4026,2.61999988555908,2.61999988555908,0.0,0.0,0.0,2.59999990463257,0.0,0,0,199,1241,1470,4.12.16-5.12.16,data/raw/mturkfitbit_export_4.12.16-5.12.16/Fitabase Data 4.12.16-5.12.16/dailyActivity_merged.csv,199,1440,0.8618,viernes,baja,False
1624580081,2016-04-23,8538,5.55000019073486,5.55000019073486,0.0,0.0,0.0,5.53999996185303,0.0099999997764825,0,0,227,1213,1562,4.12.16-5.12.16,data/raw/mturkfitbit_export_4.12.16-5.12.16/Fitabase Data 4.12.16-5.12.16/dailyActivity_merged.csv,227,1440,0.8424,sábado,activa,False
1624580081,2016-04-24,6076,3.95000004768372,3.95000004768372,0.0,1.14999997615814,0.910000026226044,1.88999998569489,0.0,16,18,185,1221,1617,4.12.16-5.12.16,data/raw/mturkfitbit_export_4.12.16-5.12.16/Fitabase Data 4.12.16-5.12.16/dailyActivity_merged.csv,219,1440,0.8479,domingo,ligera,False
1624580081,2016-04-25,6497,4.21999979019165,4.21999979019165,0.0,0.0,0.0,4.19999980926514,0.0199999995529652,0,0,202,1238,1492,4.12.16-5.12.16,data/raw/mturkfitbit_export_4.12.16-5.12.16/Fitabase Data 4.12.16-5.12.16/dailyActivity_merged.csv,202,1440,0.8597,lunes,ligera,False
1624580081,2016-04-26,2826,1.8400000333786,1.8400000333786,0.0,0.0,0.0,1.83000004291534,0.0099999997764825,0,0,140,1300,1402,4.12.16-5.12.16,data/raw/mturkfitbit_export_4.12.16-5.12.16/Fitabase Data 4.12.16-5.12.16/dailyActivity_merged.csv,140,1440,0.9028,martes,baja,False
1624580081,2016-04-27,8367,5.44000005722046,5.44000005722046,0.0,1.11000001430511,1.87000000476837,2.46000003814697,0.0,17,36,154,1233,1670,4.12.16-5.12.16,data/raw/mturkfitbit_export_4.12.16-5.12.16/Fitabase Data 4.12.16-5.12.16/dailyActivity_merged.csv,207,1440,0.8562,miércoles,activa,False
1624580081,2016-04-28,2759,1.78999996185303,1.78999996185303,0.0,0.0,0.200000002980232,1.60000002384186,0.0,0,5,115,1320,1401,4.12.16-5.12.16,data/raw/mturkfitbit_export_4.12.16-5.12.16/Fitabase Data 4.12.16-5.12.16/dailyActivity_merged.csv,120,1440,0.9167,jueves,baja,False
1624580081,2016-04-29,2390,1.54999995231628,1.54999995231628,0.0,0.0,0.0,1.54999995231628,0.0,0,0,150,1290,1404,4.12.16-5.12.16,data/raw/mturkfitbit_export_4.12.16-5.12.16/Fitabase Data 4.12.16-5.12.16/dailyActivity_merged.csv,150,1440,0.8958,viernes,baja,False
1624580081,2016-04-30,6474,4.30000019073486,4.30000019073486,0.0,0.899999976158142,1.27999997138977,2.11999988555908,0.0099999997764825,11,23,224,1182,1655,4.12.16-5.12.16,data/raw/mturkfitbit_export_4.12.16-5.12.16/Fitabase Data 4.12.16-5.12.16/dailyActivity_merged.csv,258,1440,0.8208,sábado,ligera,False
1624580081,2016-05-01,36019,28.0300006866455,28.0300006866455,0.0,21.9200000762939,4.19000005722046,1.9099999666214,0.0199999995529652,186,63,171,1020,2690,4.12.16-5.12.16,data/raw/mturkfitbit_export_4.12.16-5.12.16/Fitabase Data 4.12.16-5.12.16/dailyActivity_merged.csv,420,1440,0.7083,domingo,muy_activa,True
1624580081,2016-05-02,7155,4.92999982833862,4.92999982833862,0.0,0.860000014305115,0.589999973773956,3.47000002861023,0.0,7,6,166,1261,1497,4.12.16-5.12.16,data/raw/mturkfitbit_export_4.12.16-5.12.16/Fitabase Data 4.12.16-5.12.16/dailyActivity_merged.csv,179,1440,0.8757,lunes,ligera,False
1624580081,2016-05-03,2100,1.37000000476837,1.37000000476837,0.0,0.0,0.0,1.3400000333786,0.0199999995529652,0,0,96,1344,1334,4.12.16-5.12.16,data/raw/mturkfitbit_export_4.12.16-5.12.16/Fitabase Data 4.12.16-5.12.16/dailyActivity_merged.csv,96,1440,0.9333,martes,baja,False
1624580081,2016-05-04,2193,1.42999994754791,1.42999994754791,0.0,0.0,0.0,1.41999995708466,0.0,0,0,118,1322,1368,4.12.16-5.12.16,data/raw/mturkfitbit_export_4.12.16-5.12.16/Fitabase Data 4.12.16-5.12.16/dailyActivity_merged.csv,118,1440,0.9181,miércoles,baja,False
1624580081,2016-05-05,2470,1.61000001430511,1.61000001430511,0.0,0.0,0.0,1.58000004291534,0.0199999995529652,0,0,117,1323,1370,4.12.16-5.12.16,data/raw/mturkfitbit_export_4.12.16-5.12.16/Fitabase Data 4.12.16-5.12.16/dailyActivity_merged.csv,117,1440,0.9188,jueves,baja,False
1624580081,2016-05-06,1727,1.12000000476837,1.12000000476837,0.0,0.0,0.0,1.12000000476837,0.0099999997764825,0,0,102,1338,1341,4.12.16-5.12.16,data/raw/mturkfitbit_export_4.12.16-5.12.16/Fitabase Data 4.12.16-5.12.16/dailyActivity_merged.csv,102,1440,0.9292,viernes,baja,False
1624580081,2016-05-07,2104,1.37000000476837,1.37000000476837,0.0,0.0,0.0,1.37000000476837,0.0,0,0,182,1258,1474,4.12.16-5.12.16,data/raw/mturkfitbit_export_4.12.16-5.12.16/Fitabase Data 4.12.16-5.12.16/dailyActivity_merged.csv,182,1440,0.8736,sábado,baja,False
1624580081,2016-05-08,3427,2.23000001907349,2.23000001907349,0.0,0.0,0.0,2.22000002861023,0.0,0,0,152,1288,1427,4.12.16-5.12.16,data/raw/mturkfitbit_export_4.12.16-5.12.16/Fitabase Data 4.12.16-5.12.16/dailyActivity_merged.csv,152,1440,0.8944,domingo,baja,False
1624580081,2016-05-09,1732,1.12999999523163,1.12999999523163,0.0,0.0,0.0,1.12999999523163,0.0,0,0,91,1349,1328,4.12.16-5.12.16,data/raw/mturkfitbit_export_4.12.16-5.12.16/Fitabase Data 4.12.16-5.12.16/dailyActivity_merged.csv,91,1440,0.9368,lunes,baja,False
1624580081,2016-05-10,2969,1.92999994754791,1.92999994754791,0.0,0.0,0.0,1.91999995708466,0.0099999997764825,0,0,139,1301,1393,4.12.16-5.12.16,data/raw/mturkfitbit_export_4.12.16-5.12.16/Fitabase Data 4.12.16-5.12.16/dailyActivity_merged.csv,139,1440,0.9035,martes,baja,False
1624580081,2016-05-11,3134,2.03999996185303,2.03999996185303,0.0,0.0,0.0,2.03999996185303,0.0,0,0,112,1328,1359,4.12.16-5.12.16,data/raw/mturkfitbit_export_4.12.16-5.12.16/Fitabase Data 4.12.16-5.12.16/dailyActivity_merged.csv,112,1440,0.9222,miércoles,baja,False
1624580081,2016-05-12,2971,1.92999994754791,1.92999994754791,0.0,0.0,0.0,1.91999995708466,0.0099999997764825,0,0,107,890,1002,4.12.16-5.12.16,data/raw/mturkfitbit_export_4.12.16-5.12.16/Fitabase Data 4.12.16-5.12.16/dailyActivity_merged.csv,107,997,0.8927,jueves,baja,False
1644430081,2016-04-12,10694,7.76999998092651,7.76999998092651,0.0,0.140000000596046,2.29999995231628,5.32999992370605,0.0,2,51,256,1131,3199,4.12.16-5.12.16,data/raw/mturkfitbit_export_4.12.16-5.12.16/Fitabase Data 4.12.16-5.12.16/dailyActivity_merged.csv,309,1440,0.7854,martes,muy_activa,True
1644430081,2016-04-13,8001,5.82000017166138,5.82000017166138,0.0,2.27999997138977,0.899999976158142,2.64000010490417,0.0,30,16,135,1259,2902,4.12.16-5.12.16,data/raw/mturkfitbit_export_4.12.16-5.12.16/Fitabase Data 4.12.16-5.12.16/dailyActivity_merged.csv,181,1440,0.8743,miércoles,activa,False
1644430081,2016-04-14,11037,8.02000045776367,8.02000045776367,0.0,0.360000014305115,2.55999994277954,5.09999990463257,0.0,5,58,252,1125,3226,4.12.16-5.12.16,data/raw/mturkfitbit_export_4.12.16-5.12.16/Fitabase Data 4.12.16-5.12.16/dailyActivity_merged.csv,315,1440,0.7812,jueves,muy_activa,True
1644430081,2016-04-15,5263,3.82999992370605,3.82999992370605,0.0,0.219999998807907,0.150000005960464,3.45000004768372,0.0,3,4,170,1263,2750,4.12.16-5.12.16,data/raw/mturkfitbit_export_4.12.16-5.12.16/Fitabase Data 4.12.16-5.12.16/dailyActivity_merged.csv,177,1440,0.8771,viernes,ligera,False
1644430081,2016-04-16,15300,11.1199998855591,11.1199998855591,0.0,4.09999990463257,1.87999999523163,5.09000015258789,0.0,51,42,212,1135,3493,4.12.16-5.12.16,data/raw/mturkfitbit_export_4.12.16-5.12.16/Fitabase Data 4.12.16-5.12.16/dailyActivity_merged.csv,305,1440,0.7882,sábado,muy_activa,True
1644430081,2016-04-17,8757,6.36999988555908,6.36999988555908,0.0,2.25,0.569999992847443,3.54999995231628,0.0,29,13,186,1212,3011,4.12.16-5.12.16,data/raw/mturkfitbit_export_4.12.16-5.12.16/Fitabase Data 4.12.16-5.12.16/dailyActivity_merged.csv,228,1440,0.8417,domingo,activa,False
1644430081,2016-04-18,7132,5.19000005722046,5.19000005722046,0.0,1.07000005245209,1.66999995708466,2.45000004768372,0.0,15,33,121,1271,2806,4.12.16-5.12.16,data/raw/mturkfitbit_export_4.12.16-5.12.16/Fitabase Data 4.12.16-5.12.16/dailyActivity_merged.csv,169,1440,0.8826,lunes,ligera,False
1644430081,2016-04-19,11256,8.18000030517578,8.18000030517578,0.0,0.360000014305115,2.52999997138977,5.30000019073486,0.0,5,58,278,1099,3300,4.12.16-5.12.16,data/raw/mturkfitbit_export_4.12.16-5.12.16/Fitabase Data 4.12.16-5.12.16/dailyActivity_merged.csv,341,1440,0.7632,martes,muy_activa,True
1644430081,2016-04-20,2436,1.76999998092651,1.76999998092651,0.0,0.0,0.0,1.75999999046326,0.0099999997764825,0,0,125,1315,2430,4.12.16-5.12.16,data/raw/mturkfitbit_export_4.12.16-5.12.16/Fitabase Data 4.12.16-5.12.16/dailyActivity_merged.csv,125,1440,0.9132,miércoles,baja,False
1644430081,2016-04-21,1223,0.889999985694885,0.889999985694885,0.0,0.0,0.0,0.879999995231628,0.0099999997764825,0,0,38,1402,2140,4.12.16-5.12.16,data/raw/mturkfitbit_export_4.12.16-5.12.16/Fitabase Data 4.12.16-5.12.16/dailyActivity_merged.csv,38,1440,0.9736,jueves,baja,False
1644430081,2016-04-22,3673,2.67000007629395,2.67000007629395,0.0,0.0,0.0,2.66000008583069,0.0099999997764825,0,0,86,1354,2344,4.12.16-5.12.16,data/raw/mturkfitbit_export_4.12.16-5.12.16/Fitabase Data 4.12.16-5.12.16/dailyActivity_merged.csv,86,1440,0.9403,viernes,baja,False
1644430081,2016-04-23,6637,4.82999992370605,4.82999992370605,0.0,0.0,0.579999983310699,4.25,0.0,0,15,160,1265,2677,4.12.16-5.12.16,data/raw/mturkfitbit_export_4.12.16-5.12.16/Fitabase Data 4.12.16-5.12.16/dailyActivity_merged.csv,175,1440,0.8785,sábado,ligera,False
1644430081,2016-04-24,3321,2.41000008583069,2.41000008583069,0.0,0.0,0.0,2.41000008583069,0.0,0,0,89,1351,2413,4.12.16-5.12.16,data/raw/mturkfitbit_export_4.12.16-5.12.16/Fitabase Data 4.12.16-5.12.16/dailyActivity_merged.csv,89,1440,0.9382,domingo,baja,False
1644430081,2016-04-25,3580,2.59999990463257,2.59999990463257,0.0,0.589999973773956,0.0599999986588955,1.95000004768372,0.0,8,1,94,1337,2497,4.12.16-5.12.16,data/raw/mturkfitbit_export_4.12.16-5.12.16/Fitabase Data 4.12.16-5.12.16/dailyActivity_merged.csv,103,1440,0.9285,lunes,baja,False
1644430081,2016-04-26,9919,7.21000003814697,7.21000003814697,0.0,0.800000011920929,1.72000002861023,4.69000005722046,0.0,11,41,223,1165,3123,4.12.16-5.12.16,data/raw/mturkfitbit_export_4.12.16-5.12.16/Fitabase Data 4.12.16-5.12.16/dailyActivity_merged.csv,275,1440,0.809,martes,activa,False
1644430081,2016-04-27,3032,2.20000004768372,2.20000004768372,0.0,0.0,0.0,2.20000004768372,0.0,0,0,118,1322,2489,4.12.16-5.12.16,data/raw/mturkfitbit_export_4.12.16-5.12.16/Fitabase Data 4.12.16-5.12.16/dailyActivity_merged.csv,118,1440,0.9181,miércoles,baja,False
1644430081,2016-04-28,9405,6.84000015258789,6.84000015258789,0.0,0.200000002980232,2.3199999332428,4.30999994277954,0.0,3,53,227,1157,3108,4.12.16-5.12.16,data/raw/mturkfitbit_export_4.12.16-5.12.16/Fitabase Data 4.12.16-5.12.16/dailyActivity_merged.csv,283,1440,0.8035,jueves,activa,False
1644430081,2016-04-29,3176,2.30999994277954,2.30999994277954,0.0,0.0,0.0,2.30999994277954,0.0,0,0,120,1193,2498,4.12.16-5.12.16,data/raw/mturkfitbit_export_4.12.16-5.12.16/Fitabase Data 4.12.16-5.12.16/dailyActivity_merged.csv,120,1313,0.9086,viernes,baja,False
1644430081,2016-04-30,18213,13.2399997711182,13.2399997711182,0.0,0.629999995231628,3.14000010490417,9.46000003814697,0.0,9,71,402,816,3846,4.12.16-5.12.16,data/raw/mturkfitbit_export_4.12.16-5.12.16/Fitabase Data 4.12.16-5.12.16/dailyActivity_merged.csv,482,1298,0.6287,sábado,muy_activa,True
1644430081,2016-05-01,6132,4.46000003814697,4.46000003814697,0.0,0.239999994635582,0.990000009536743,3.23000001907349,0.0,3,24,146,908,2696,4.12.16-5.12.16,data/raw/mturkfitbit_export_4.12.16-5.12.16/Fitabase Data 4.12.16-5.12.16/dailyActivity_merged.csv,173,1081,0.84,domingo,ligera,False
1644430081,2016-05-02,3758,2.73000001907349,2.73000001907349,0.0,0.0700000002980232,0.310000002384186,2.34999990463257,0.0,1,7,148,682,2580,4.12.16-5.12.16,data/raw/mturkfitbit_export_4.12.16-5.12.16/Fitabase Data 4.12.16-5.12.16/dailyActivity_merged.csv,156,838,0.8138,lunes,baja,False
1644430081,2016-05-03,12850,9.34000015258789,9.34000015258789,0.0,0.720000028610229,4.09000015258789,4.53999996185303,0.0,10,94,221,1115,3324,4.12.16-5.12.16,data/raw/mturkfitbit_export_4.12.16-5.12.16/Fitabase Data 4.12.16-5.12.16/dailyActivity_merged.csv,325,1440,0.7743,martes,muy_activa,True
1644430081,2016-05-04,2309,1.67999994754791,1.67999994754791,0.0,0.0,0.0,1.6599999666214,0.0199999995529652,0,0,52,1388,2222,4.12.16-5.12.16,data/raw/mturkfitbit_export_4.12.16-5.12.16/Fitabase Data 4.12.16-5.12.16/dailyActivity_merged.csv,52,1440,0.9639,miércoles,baja,False
1644430081,2016-05-05,4363,3.19000005722046,3.19000005722046,0.0,0.519999980926514,0.540000021457672,2.13000011444092,0.0099999997764825,6,12,81,1341,2463,4.12.16-5.12.16,data/raw/mturkfitbit_export_4.12.16-5.12.16/Fitabase Data 4.12.16-5.12.16/dailyActivity_merged.csv,99,1440,0.9312,jueves,baja,False
1644430081,2016-05-06,9787,7.11999988555908,7.11999988555908,0.0,0.819999992847443,0.270000010728836,6.01000022888184,0.0199999995529652,11,6,369,1054,3328,4.12.16-5.12.16,data/raw/mturkfitbit_export_4.12.16-5.12.16/Fitabase Data 4.12.16-5.12.16/dailyActivity_merged.csv,386,1440,0.7319,viernes,activa,False
1644430081,2016-05-07,13372,9.72000026702881,9.72000026702881,0.0,3.25999999046326,0.790000021457672,5.67000007629395,0.0099999997764825,41,17,243,1139,3404,4.12.16-5.12.16,data/raw/mturkfitbit_export_4.12.16-5.12.16/Fitabase Data 4.12.16-5.12.16/dailyActivity_merged.csv,301,1440,0.791,sábado,muy_activa,True
1644430081,2016-05-08,6724,4.8899998664856,4.8899998664856,0.0,0.0,0.0,4.88000011444092,0.0,0,0,295,991,2987,4.12.16-5.12.16,data/raw/mturkfitbit_export_4.12.16-5.12.16/Fitabase Data 4.12.16-5.12.16/dailyActivity_merged.csv,295,1286,0.7706,domingo,ligera,False
1644430081,2016-05-09,6643,4.82999992370605,4.82999992370605,0.0,2.39000010490417,0.349999994039536,2.08999991416931,0.0099999997764825,32,6,303,1099,3008,4.12.16-5.12.16,data/raw/mturkfitbit_export_4.12.16-5.12.16/Fitabase Data 4.12.16-5.12.16/dailyActivity_merged.csv,341,1440,0.7632,lunes,ligera,False
1644430081,2016-05-10,9167,6.65999984741211,6.65999984741211,0.0,0.879999995231628,0.810000002384186,4.96999979019165,0.0099999997764825,12,19,155,1254,2799,4.12.16-5.12.16,data/raw/mturkfitbit_export_4.12.16-5.12.16/Fitabase Data 4.12.16-5.12.16/dailyActivity_merged.csv,186,1440,0.8708,martes,activa,False
1644430081,2016-05-11,1329,0.970000028610229,0.970000028610229,0.0,0.0,0.0,0.949999988079071,0.0099999997764825,0,0,49,713,1276,4.12.16-5.12.16,data/raw/mturkfitbit_export_4.12.16-5.12.16/Fitabase Data 4.12.16-5.12.16/dailyActivity_merged.csv,49,762,0.9357,miércoles,baja,False
1844505072,2016-04-13,4929,3.25999999046326,3.25999999046326,0.0,0.0,0.0,3.25999999046326,0.0,0,0,248,1192,1860,4.12.16-5.12.16,data/raw/mturkfitbit_export_4.12.16-5.12.16/Fitabase Data 4.12.16-5.12.16/dailyActivity_merged.csv,248,1440,0.8278,miércoles,baja,False
1844505072,2016-04-14,7937,5.25,5.25,0.0,0.0,0.0,5.23000001907349,0.0,0,0,373,843,2130,4.12.16-5.12.16,data/raw/mturkfitbit_export_4.12.16-5.12.16/Fitabase Data 4.12.16-5.12.16/dailyActivity_merged.csv,373,1216,0.6933,jueves,activa,False
1844505072,2016-04-15,3844,2.53999996185303,2.53999996185303,0.0,0.0,0.0,2.53999996185303,0.0,0,0,176,527,1725,4.12.16-5.12.16,data/raw/mturkfitbit_export_4.12.16-5.12.16/Fitabase Data 4.12.16-5.12.16/dailyActivity_merged.csv,176,703,0.7496,viernes,baja,False
1844505072,2016-04-16,3414,2.25999999046326,2.25999999046326,0.0,0.0,0.0,2.25999999046326,0.0,0,0,147,1293,1657,4.12.16-5.12.16,data/raw/mturkfitbit_export_4.12.16-5.12.16/Fitabase Data 4.12.16-5.12.16/dailyActivity_merged.csv,147,1440,0.8979,sábado,baja,False
1844505072,2016-04-17,4525,2.99000000953674,2.99000000953674,0.0,0.140000000596046,0.259999990463257,2.58999991416931,0.0,2,8,199,1231,1793,4.12.16-5.12.16,data/raw/mturkfitbit_export_4.12.16-5.12.16/Fitabase Data 4.12.16-5.12.16/dailyActivity_merged.csv,209,1440,0.8549,domingo,baja,False
1844505072,2016-04-18,4597,3.03999996185303,3.03999996185303,0.0,0.0,0.479999989271164,2.55999994277954,0.0,0,12,217,1211,1814,4.12.16-5.12.16,data/raw/mturkfitbit_export_4.12.16-5.12.16/Fitabase Data 4.12.16-5.12.16/dailyActivity_merged.csv,229,1440,0.841,lunes,baja,False
1844505072,2016-04-19,197,0.129999995231628,0.129999995231628,0.0,0.0,0.0,0.129999995231628,0.0,0,0,10,1430,1366,4.12.16-5.12.16,data/raw/mturkfitbit_export_4.12.16-5.12.16/Fitabase Data 4.12.16-5.12.16/dailyActivity_merged.csv,10,1440,0.9931,martes,baja,False
1844505072,2016-04-20,8,0.0099999997764825,0.0099999997764825,0.0,0.0,0.0,0.0099999997764825,0.0,0,0,1,1439,1349,4.12.16-5.12.16,data/raw/mturkfitbit_export_4.12.16-5.12.16/Fitabase Data 4.12.16-5.12.16/dailyActivity_merged.csv,1,1440,0.9993,miércoles,baja,False
1844505072,2016-04-21,8054,5.32000017166138,5.32000017166138,0.0,0.119999997317791,0.519999980926514,4.67999982833862,0.0,2,13,308,1117,2062,4.12.16-5.12.16,data/raw/mturkfitbit_export_4.12.16-5.12.16/Fitabase Data 4.12.16-5.12.16/dailyActivity_merged.csv,323,1440,0.7757,jueves,activa,False
1844505072,2016-04-22,5372,3.54999995231628,3.54999995231628,0.0,0.0,0.0,3.54999995231628,0.0,0,0,220,1220,1827,4.12.16-5.12.16,data/raw/mturkfitbit_export_4.12.16-5.12.16/Fitabase Data 4.12.16-5.12.16/dailyActivity_merged.csv,220,1440,0.8472,viernes,ligera,False
1844505072,2016-04-23,3570,2.35999989509583,2.35999989509583,0.0,0.0,0.0,2.35999989509583,0.0,0,0,139,1301,1645,4.12.16-5.12.16,data/raw/mturkfitbit_export_4.12.16-5.12.16/Fitabase Data 4.12.16-5.12.16/dailyActivity_merged.csv,139,1440,0.9035,sábado,baja,False
1844505072,2016-04-24,0,0.0,0.0,0.0,0.0,0.0,0.0,0.0,0,0,0,1440,1347,4.12.16-5.12.16,data/raw/mturkfitbit_export_4.12.16-5.12.16/Fitabase Data 4.12.16-5.12.16/dailyActivity_merged.csv,0,1440,1.0,domingo,baja,False
1844505072,2016-04-25,0,0.0,0.0,0.0,0.0,0.0,0.0,0.0,0,0,0,1440,1347,4.12.16-5.12.16,data/raw/mturkfitbit_export_4.12.16-5.12.16/Fitabase Data 4.12.16-5.12.16/dailyActivity_merged.csv,0,1440,1.0,lunes,baja,False
1844505072,2016-04-26,0,0.0,0.0,0.0,0.0,0.0,0.0,0.0,0,0,0,1440,1347,4.12.16-5.12.16,data/raw/mturkfitbit_export_4.12.16-5.12.16/Fitabase Data 4.12.16-5.12.16/dailyActivity_merged.csv,0,1440,1.0,martes,baja,False
1844505072,2016-04-27,4,0.0,0.0,0.0,0.0,0.0,0.0,0.0,0,0,1,1439,1348,4.12.16-5.12.16,data/raw/mturkfitbit_export_4.12.16-5.12.16/Fitabase Data 4.12.16-5.12.16/dailyActivity_merged.csv,1,1440,0.9993,miércoles,baja,False
1844505072,2016-04-28,6907,4.57000017166138,4.57000017166138,0.0,0.0,0.0,4.55999994277954,0.0,0,0,302,1138,1992,4.12.16-5.12.16,data/raw/mturkfitbit_export_4.12.16-5.12.16/Fitabase Data 4.12.16-5.12.16/dailyActivity_merged.csv,302,1440,0.7903,jueves,ligera,False
1844505072,2016-04-29,4920,3.25,3.25,0.0,0.0,0.0,3.25,0.0,0,0,247,1082,1856,4.12.16-5.12.16,data/raw/mturkfitbit_export_4.12.16-5.12.16/Fitabase Data 4.12.16-5.12.16/dailyActivity_merged.csv,247,1329,0.8141,viernes,baja,False
1844505072,2016-04-30,4014,2.67000007629395,2.67000007629395,0.0,0.0,0.0,2.65000009536743,0.0,0,0,184,218,1763,4.12.16-5.12.16,data/raw/mturkfitbit_export_4.12.16-5.12.16/Fitabase Data 4.12.16-5.12.16/dailyActivity_merged.csv,184,402,0.5423,sábado,baja,False
1844505072,2016-05-01,2573,1.70000004768372,1.70000004768372,0.0,0.0,0.259999990463257,1.45000004768372,0.0,0,7,75,585,1541,4.12.16-5.12.16,data/raw/mturkfitbit_export_4.12.16-5.12.16/Fitabase Data 4.12.16-5.12.16/dailyActivity_merged.csv,82,667,0.8771,domingo,baja,False
1844505072,2016-05-02,0,0.0,0.0,0.0,0.0,0.0,0.0,0.0,0,0,0,1440,1348,4.12.16-5.12.16,data/raw/mturkfitbit_export_4.12.16-5.12.16/Fitabase Data 4.12.16-5.12.16/dailyActivity_merged.csv,0,1440,1.0,lunes,baja,False
1844505072,2016-05-03,4059,2.6800000667572,2.6800000667572,0.0,0.0,0.0,2.6800000667572,0.0,0,0,184,1256,1742,4.12.16-5.12.16,data/raw/mturkfitbit_export_4.12.16-5.12.16/Fitabase Data 4.12.16-5.12.16/dailyActivity_merged.csv,184,1440,0.8722,martes,baja,False
1844505072,2016-05-04,2080,1.37000000476837,1.37000000476837,0.0,0.0,0.0,1.37000000476837,0.0,0,0,87,1353,1549,4.12.16-5.12.16,data/raw/mturkfitbit_export_4.12.16-5.12.16/Fitabase Data 4.12.16-5.12.16/dailyActivity_merged.csv,87,1440,0.9396,miércoles,baja,False
1844505072,2016-05-05,2237,1.48000001907349,1.48000001907349,0.0,0.0,0.0,1.48000001907349,0.0,0,0,120,1320,1589,4.12.16-5.12.16,data/raw/mturkfitbit_export_4.12.16-5.12.16/Fitabase Data 4.12.16-5.12.16/dailyActivity_merged.csv,120,1440,0.9167,jueves,baja,False
1844505072,2016-05-06,44,0.0299999993294477,0.0299999993294477,0.0,0.0,0.0,0.0299999993294477,0.0,0,0,2,1438,1351,4.12.16-5.12.16,data/raw/mturkfitbit_export_4.12.16-5.12.16/Fitabase Data 4.12.16-5.12.16/dailyActivity_merged.csv,2,1440,0.9986,viernes,baja,False
1844505072,2016-05-07,0,0.0,0.0,0.0,0.0,0.0,0.0,0.0,0,0,0,1440,1347,4.12.16-5.12.16,data/raw/mturkfitbit_export_4.12.16-5.12.16/Fitabase Data 4.12.16-5.12.16/dailyActivity_merged.csv,0,1440,1.0,sábado,baja,False
1844505072,2016-05-08,0,0.0,0.0,0.0,0.0,0.0,0.0,0.0,0,0,0,1440,1347,4.12.16-5.12.16,data/raw/mturkfitbit_export_4.12.16-5.12.16/Fitabase Data 4.12.16-5.12.16/dailyActivity_merged.csv,0,1440,1.0,domingo,baja,False
1844505072,2016-05-09,0,0.0,0.0,0.0,0.0,0.0,0.0,0.0,0,0,0,1440,1347,4.12.16-5.12.16,data/raw/mturkfitbit_export_4.12.16-5.12.16/Fitabase Data 4.12.16-5.12.16/dailyActivity_merged.csv,0,1440,1.0,lunes,baja,False
1844505072,2016-05-10,0,0.0,0.0,0.0,0.0,0.0,0.0,0.0,0,0,0,1440,1347,4.12.16-5.12.16,data/raw/mturkfitbit_export_4.12.16-5.12.16/Fitabase Data 4.12.16-5.12.16/dailyActivity_merged.csv,0,1440,1.0,martes,baja,False
1844505072,2016-05-11,0,0.0,0.0,0.0,0.0,0.0,0.0,0.0,0,0,0,1440,1347,4.12.16-5.12.16,data/raw/mturkfitbit_export_4.12.16-5.12.16/Fitabase Data 4.12.16-5.12.16/dailyActivity_merged.csv,0,1440,1.0,miércoles,baja,False
1844505072,2016-05-12,0,0.0,0.0,0.0,0.0,0.0,0.0,0.0,0,0,0,711,665,4.12.16-5.12.16,data/raw/mturkfitbit_export_4.12.16-5.12.16/Fitabase Data 4.12.16-5.12.16/dailyActivity_merged.csv,0,711,1.0,jueves,baja,False
1927972279,2016-04-13,356,0.25,0.25,0.0,0.0,0.0,0.25,0.0,0,0,32,986,2151,4.12.16-5.12.16,data/raw/mturkfitbit_export_4.12.16-5.12.16/Fitabase Data 4.12.16-5.12.16/dailyActivity_merged.csv,32,1018,0.9686,miércoles,baja,False
1927972279,2016-04-14,2163,1.5,1.5,0.0,0.0,0.400000005960464,1.10000002384186,0.0,0,9,88,1292,2383,4.12.16-5.12.16,data/raw/mturkfitbit_export_4.12.16-5.12.16/Fitabase Data 4.12.16-5.12.16/dailyActivity_merged.csv,97,1389,0.9302,jueves,baja,False
1927972279,2016-04-15,980,0.680000007152557,0.680000007152557,0.0,0.0,0.0,0.680000007152557,0.0,0,0,51,941,2221,4.12.16-5.12.16,data/raw/mturkfitbit_export_4.12.16-5.12.16/Fitabase Data 4.12.16-5.12.16/dailyActivity_merged.csv,51,992,0.9486,viernes,baja,False
1927972279,2016-04-16,0,0.0,0.0,0.0,0.0,0.0,0.0,0.0,0,0,0,1440,2064,4.12.16-5.12.16,data/raw/mturkfitbit_export_4.12.16-5.12.16/Fitabase Data 4.12.16-5.12.16/dailyActivity_merged.csv,0,1440,1.0,sábado,baja,False
1927972279,2016-04-17,0,0.0,0.0,0.0,0.0,0.0,0.0,0.0,0,0,0,1440,2063,4.12.16-5.12.16,data/raw/mturkfitbit_export_4.12.16-5.12.16/Fitabase Data 4.12.16-5.12.16/dailyActivity_merged.csv,0,1440,1.0,domingo,baja,False
1927972279,2016-04-18,244,0.170000001788139,0.170000001788139,0.0,0.0,0.0,0.170000001788139,0.0,0,0,17,1423,2111,4.12.16-5.12.16,data/raw/mturkfitbit_export_4.12.16-5.12.16/Fitabase Data 4.12.16-5.12.16/dailyActivity_merged.csv,17,1440,0.9882,lunes,baja,False
1927972279,2016-04-19,0,0.0,0.0,0.0,0.0,0.0,0.0,0.0,0,0,0,1440,2063,4.12.16-5.12.16,data/raw/mturkfitbit_export_4.12.16-5.12.16/Fitabase Data 4.12.16-5.12.16/dailyActivity_merged.csv,0,1440,1.0,martes,baja,False
1927972279,2016-04-20,0,0.0,0.0,0.0,0.0,0.0,0.0,0.0,0,0,0,1440,2063,4.12.16-5.12.16,data/raw/mturkfitbit_export_4.12.16-5.12.16/Fitabase Data 4.12.16-5.12.16/dailyActivity_merged.csv,0,1440,1.0,miércoles,baja,False
1927972279,2016-04-21,0,0.0,0.0,0.0,0.0,0.0,0.0,0.0,0,0,0,1440,2064,4.12.16-5.12.16,data/raw/mturkfitbit_export_4.12.16-5.12.16/Fitabase Data 4.12.16-5.12.16/dailyActivity_merged.csv,0,1440,1.0,jueves,baja,False
1927972279,2016-04-22,149,0.100000001490116,0.100000001490116,0.0,0.0,0.0,0.100000001490116,0.0,0,0,10,1430,2093,4.12.16-5.12.16,data/raw/mturkfitbit_export_4.12.16-5.12.16/Fitabase Data 4.12.16-5.12.16/dailyActivity_merged.csv,10,1440,0.9931,viernes,baja,False
1927972279,2016-04-23,2945,2.03999996185303,2.03999996185303,0.0,0.0,0.0,2.03999996185303,0.0,0,0,145,1295,2499,4.12.16-5.12.16,data/raw/mturkfitbit_export_4.12.16-5.12.16/Fitabase Data 4.12.16-5.12.16/dailyActivity_merged.csv,145,1440,0.8993,sábado,baja,False
1927972279,2016-04-24,2090,1.45000004768372,1.45000004768372,0.0,0.0700000002980232,0.239999994635582,1.13999998569489,0.0,1,6,75,1358,2324,4.12.16-5.12.16,data/raw/mturkfitbit_export_4.12.16-5.12.16/Fitabase Data 4.12.16-5.12.16/dailyActivity_merged.csv,82,1440,0.9431,domingo,baja,False
1927972279,2016-04-25,152,0.109999999403954,0.109999999403954,0.0,0.0,0.0,0.109999999403954,0.0,0,0,12,1303,2100,4.12.16-5.12.16,data/raw/mturkfitbit_export_4.12.16-5.12.16/Fitabase Data 4.12.16-5.12.16/dailyActivity_merged.csv,12,1315,0.9909,lunes,baja,False
1927972279,2016-04-26,3761,2.59999990463257,2.59999990463257,0.0,0.0,0.0,2.59999990463257,0.0,0,0,192,1058,2638,4.12.16-5.12.16,data/raw/mturkfitbit_export_4.12.16-5.12.16/Fitabase Data 4.12.16-5.12.16/dailyActivity_merged.csv,192,1250,0.8464,martes,baja,False
1927972279,2016-04-27,0,0.0,0.0,0.0,0.0,0.0,0.0,0.0,0,0,0,1440,2063,4.12.16-5.12.16,data/raw/mturkfitbit_export_4.12.16-5.12.16/Fitabase Data 4.12.16-5.12.16/dailyActivity_merged.csv,0,1440,1.0,miércoles,baja,False
1927972279,2016-04-28,1675,1.1599999666214,1.1599999666214,0.0,0.0,0.0,1.1599999666214,0.0,0,0,95,1167,2351,4.12.16-5.12.16,data/raw/mturkfitbit_export_4.12.16-5.12.16/Fitabase Data 4.12.16-5.12.16/dailyActivity_merged.csv,95,1262,0.9247,jueves,baja,False
1927972279,2016-04-29,0,0.0,0.0,0.0,0.0,0.0,0.0,0.0,0,0,0,1440,2063,4.12.16-5.12.16,data/raw/mturkfitbit_export_4.12.16-5.12.16/Fitabase Data 4.12.16-5.12.16/dailyActivity_merged.csv,0,1440,1.0,viernes,baja,False
1927972279,2016-04-30,0,0.0,0.0,0.0,0.0,0.0,0.0,0.0,0,0,0,1440,2064,4.12.16-5.12.16,data/raw/mturkfitbit_export_4.12.16-5.12.16/Fitabase Data 4.12.16-5.12.16/dailyActivity_merged.csv,0,1440,1.0,sábado,baja,False
1927972279,2016-05-01,2704,1.87000000476837,1.87000000476837,0.0,1.00999999046326,0.0299999993294477,0.829999983310699,0.0,14,1,70,1355,2411,4.12.16-5.12.16,data/raw/mturkfitbit_export_4.12.16-5.12.16/Fitabase Data 4.12.16-5.12.16/dailyActivity_merged.csv,85,1440,0.941,domingo,baja,False
1927972279,2016-05-02,3790,2.61999988555908,2.61999988555908,0.0,1.1599999666214,0.300000011920929,1.1599999666214,0.0,16,8,94,1322,2505,4.12.16-5.12.16,data/raw/mturkfitbit_export_4.12.16-5.12.16/Fitabase Data 4.12.16-5.12.16/dailyActivity_merged.csv,118,1440,0.9181,lunes,baja,False
1927972279,2016-05-03,1326,0.920000016689301,0.920000016689301,0.0,0.730000019073486,0.0,0.180000007152557,0.0,10,0,17,1413,2195,4.12.16-5.12.16,data/raw/mturkfitbit_export_4.12.16-5.12.16/Fitabase Data 4.12.16-5.12.16/dailyActivity_merged.csv,27,1440,0.9812,martes,baja,False
1927972279,2016-05-04,1786,1.24000000953674,1.24000000953674,0.0,0.0,0.0,1.24000000953674,0.0,0,0,87,1353,2338,4.12.16-5.12.16,data/raw/mturkfitbit_export_4.12.16-5.12.16/Fitabase Data 4.12.16-5.12.16/dailyActivity_merged.csv,87,1440,0.9396,miércoles,baja,False
1927972279,2016-05-05,0,0.0,0.0,0.0,0.0,0.0,0.0,0.0,0,0,0,1440,2063,4.12.16-5.12.16,data/raw/mturkfitbit_export_4.12.16-5.12.16/Fitabase Data 4.12.16-5.12.16/dailyActivity_merged.csv,0,1440,1.0,jueves,baja,False
1927972279,2016-05-06,2091,1.45000004768372,1.45000004768372,0.0,0.0,0.0,1.45000004768372,0.0,0,0,108,1332,2383,4.12.16-5.12.16,data/raw/mturkfitbit_export_4.12.16-5.12.16/Fitabase Data 4.12.16-5.12.16/dailyActivity_merged.csv,108,1440,0.925,viernes,baja,False
1927972279,2016-05-07,1510,1.03999996185303,1.03999996185303,0.0,0.0,0.0,1.03999996185303,0.0,0,0,48,1392,2229,4.12.16-5.12.16,data/raw/mturkfitbit_export_4.12.16-5.12.16/Fitabase Data 4.12.16-5.12.16/dailyActivity_merged.csv,48,1440,0.9667,sábado,baja,False
1927972279,2016-05-08,0,0.0,0.0,0.0,0.0,0.0,0.0,0.0,0,0,0,1440,2063,4.12.16-5.12.16,data/raw/mturkfitbit_export_4.12.16-5.12.16/Fitabase Data 4.12.16-5.12.16/dailyActivity_merged.csv,0,1440,1.0,domingo,baja,False
1927972279,2016-05-09,0,0.0,0.0,0.0,0.0,0.0,0.0,0.0,0,0,0,1440,2063,4.12.16-5.12.16,data/raw/mturkfitbit_export_4.12.16-5.12.16/Fitabase Data 4.12.16-5.12.16/dailyActivity_merged.csv,0,1440,1.0,lunes,baja,False
1927972279,2016-05-10,0,0.0,0.0,0.0,0.0,0.0,0.0,0.0,0,0,0,1440,2063,4.12.16-5.12.16,data/raw/mturkfitbit_export_4.12.16-5.12.16/Fitabase Data 4.12.16-5.12.16/dailyActivity_merged.csv,0,1440,1.0,martes,baja,False
1927972279,2016-05-11,0,0.0,0.0,0.0,0.0,0.0,0.0,0.0,0,0,0,1440,2063,4.12.16-5.12.16,data/raw/mturkfitbit_export_4.12.16-5.12.16/Fitabase Data 4.12.16-5.12.16/dailyActivity_merged.csv,0,1440,1.0,miércoles,baja,False
1927972279,2016-05-12,0,0.0,0.0,0.0,0.0,0.0,0.0,0.0,0,0,0,966,1383,4.12.16-5.12.16,data/raw/mturkfitbit_export_4.12.16-5.12.16/Fitabase Data 4.12.16-5.12.16/dailyActivity_merged.csv,0,966,1.0,jueves,baja,False
2022484408,2016-04-13,12024,8.5,8.5,0.0,2.99000000953674,0.100000001490116,5.40999984741211,0.0,43,5,292,1100,2601,4.12.16-5.12.16,data/raw/mturkfitbit_export_4.12.16-5.12.16/Fitabase Data 4.12.16-5.12.16/dailyActivity_merged.csv,340,1440,0.7639,miércoles,muy_activa,True
2022484408,2016-04-14,10690,7.5,7.5,0.0,2.48000001907349,0.209999993443489,4.82000017166138,0.0,32,3,257,1148,2312,4.12.16-5.12.16,data/raw/mturkfitbit_export_4.12.16-5.12.16/Fitabase Data 4.12.16-5.12.16/dailyActivity_merged.csv,292,1440,0.7972,jueves,muy_activa,True
2022484408,2016-04-15,11034,8.02999973297119,8.02999973297119,0.0,1.94000005722046,0.310000002384186,5.78000020980835,0.0,27,9,282,1122,2525,4.12.16-5.12.16,data/raw/mturkfitbit_export_4.12.16-5.12.16/Fitabase Data 4.12.16-5.12.16/dailyActivity_merged.csv,318,1440,0.7792,viernes,muy_activa,True
2022484408,2016-04-16,10100,7.09000015258789,7.09000015258789,0.0,3.15000009536743,0.550000011920929,3.39000010490417,0.0,41,11,151,1237,2177,4.12.16-5.12.16,data/raw/mturkfitbit_export_4.12.16-5.12.16/Fitabase Data 4.12.16-5.12.16/dailyActivity_merged.csv,203,1440,0.859,sábado,muy_activa,True
2022484408,2016-04-17,15112,11.3999996185303,11.3999996185303,0.0,3.86999988555908,0.660000026226044,6.88000011444092,0.0,28,29,331,1052,2782,4.12.16-5.12.16,data/raw/mturkfitbit_export_4.12.16-5.12.16/Fitabase Data 4.12.16-5.12.16/dailyActivity_merged.csv,388,1440,0.7306,domingo,muy_activa,True
2022484408,2016-04-18,14131,10.0699996948242,10.0699996948242,0.0,3.64000010490417,0.119999997317791,6.30000019073486,0.0,48,3,311,1078,2770,4.12.16-5.12.16,data/raw/mturkfitbit_export_4.12.16-5.12.16/Fitabase Data 4.12.16-5.12.16/dailyActivity_merged.csv,362,1440,0.7486,lunes,muy_activa,True
2022484408,2016-04-19,11548,8.52999973297119,8.52999973297119,0.0,3.28999996185303,0.239999994635582,5.0,0.0,31,7,250,1152,2489,4.12.16-5.12.16,data/raw/mturkfitbit_export_4.12.16-5.12.16/Fitabase Data 4.12.16-5.12.16/dailyActivity_merged.csv,288,1440,0.8,martes,muy_activa,True
2022484408,2016-04-20,15112,10.6700000762939,10.6700000762939,0.0,3.33999991416931,1.92999994754791,5.40000009536743,0.0,48,63,276,1053,2897,4.12.16-5.12.16,data/raw/mturkfitbit_export_4.12.16-5.12.16/Fitabase Data 4.12.16-5.12.16/dailyActivity_merged.csv,387,1440,0.7312,miércoles,muy_activa,True
2022484408,2016-04-21,12453,8.73999977111816,8.73999977111816,0.0,3.32999992370605,1.11000001430511,4.30999994277954,0.0,104,53,255,1028,3158,4.12.16-5.12.16,data/raw/mturkfitbit_export_4.12.16-5.12.16/Fitabase Data 4.12.16-5.12.16/dailyActivity_merged.csv,412,1440,0.7139,jueves,muy_activa,True
2022484408,2016-04-22,12954,9.32999992370605,9.32999992370605,0.0,4.42999982833862,0.419999986886978,4.46999979019165,0.0,52,10,273,1105,2638,4.12.16-5.12.16,data/raw/mturkfitbit_export_4.12.16-5.12.16/Fitabase Data 4.12.16-5.12.16/dailyActivity_merged.csv,335,1440,0.7674,viernes,muy_activa,True
2022484408,2016-04-23,6001,4.21000003814697,4.21000003814697,0.0,0.0,0.0,4.21000003814697,0.0,0,0,249,1191,2069,4.12.16-5.12.16,data/raw/mturkfitbit_export_4.12.16-5.12.16/Fitabase Data 4.12.16-5.12.16/dailyActivity_merged.csv,249,1440,0.8271,sábado,ligera,False
2022484408,2016-04-24,13481,10.2799997329712,10.2799997329712,0.0,4.55000019073486,1.14999997615814,4.57999992370605,0.0,37,26,216,1161,2529,4.12.16-5.12.16,data/raw/mturkfitbit_export_4.12.16-5.12.16/Fitabase Data 4.12.16-5.12.16/dailyActivity_merged.csv,279,1440,0.8062,domingo,muy_activa,True
2022484408,2016-04-25,11369,8.01000022888184,8.01000022888184,0.0,3.32999992370605,0.219999998807907,4.46000003814697,0.0,44,8,217,1171,2470,4.12.16-5.12.16,data/raw/mturkfitbit_export_4.12.16-5.12.16/Fitabase Data 4.12.16-5.12.16/dailyActivity_merged.csv,269,1440,0.8132,lunes,muy_activa,True
2022484408,2016-04-26,10119,7.19000005722046,7.19000005722046,0.0,1.42999994754791,0.660000026226044,5.1100001335144,0.0,55,24,275,1086,2793,4.12.16-5.12.16,data/raw/mturkfitbit_export_4.12.16-5.12.16/Fitabase Data 4.12.16-5.12.16/dailyActivity_merged.csv,354,1440,0.7542,martes,muy_activa,True
2022484408,2016-04-27,10159,7.13000011444092,7.13000011444092,0.0,1.03999996185303,0.970000028610229,5.11999988555908,0.0,19,20,282,1119,2463,4.12.16-5.12.16,data/raw/mturkfitbit_export_4.12.16-5.12.16/Fitabase Data 4.12.16-5.12.16/dailyActivity_merged.csv,321,1440,0.7771,miércoles,muy_activa,True
2022484408,2016-04-28,10140,7.11999988555908,7.11999988555908,0.0,0.409999996423721,1.33000004291534,5.3899998664856,0.0,6,20,291,1123,2296,4.12.16-5.12.16,data/raw/mturkfitbit_export_4.12.16-5.12.16/Fitabase Data 4.12.16-5.12.16/dailyActivity_merged.csv,317,1440,0.7799,jueves,muy_activa,True
2022484408,2016-04-29,10245,7.19000005722046,7.19000005722046,0.0,0.479999989271164,1.21000003814697,5.5,0.0,21,40,281,1098,2611,4.12.16-5.12.16,data/raw/mturkfitbit_export_4.12.16-5.12.16/Fitabase Data 4.12.16-5.12.16/dailyActivity_merged.csv,342,1440,0.7625,viernes,muy_activa,True
2022484408,2016-04-30,18387,12.9099998474121,12.9099998474121,0.0,0.939999997615814,1.39999997615814,10.5699996948242,0.0,13,23,361,1043,2732,4.12.16-5.12.16,data/raw/mturkfitbit_export_4.12.16-5.12.16/Fitabase Data 4.12.16-5.12.16/dailyActivity_merged.csv,397,1440,0.7243,sábado,muy_activa,True
2022484408,2016-05-01,10538,7.40000009536743,7.40000009536743,0.0,1.94000005722046,0.959999978542328,4.5,0.0,25,28,245,1142,2380,4.12.16-5.12.16,data/raw/mturkfitbit_export_4.12.16-5.12.16/Fitabase Data 4.12.16-5.12.16/dailyActivity_merged.csv,298,1440,0.7931,domingo,muy_activa,True
2022484408,2016-05-02,10379,7.28999996185303,7.28999996185303,0.0,2.60999989509583,0.340000003576279,4.32999992370605,0.0,36,8,277,1119,2473,4.12.16-5.12.16,data/raw/mturkfitbit_export_4.12.16-5.12.16/Fitabase Data 4.12.16-5.12.16/dailyActivity_merged.csv,321,1440,0.7771,lunes,muy_activa,True
2022484408,2016-05-03,12183,8.73999977111816,8.73999977111816,0.0,3.99000000953674,0.46000000834465,4.28000020980835,0.0,72,14,250,1104,2752,4.12.16-5.12.16,data/raw/mturkfitbit_export_4.12.16-5.12.16/Fitabase Data 4.12.16-5.12.16/dailyActivity_merged.csv,336,1440,0.7667,martes,muy_activa,True
2022484408,2016-05-04,11768,8.28999996185303,8.28999996185303,0.0,2.50999999046326,0.930000007152557,4.84999990463257,0.0,36,27,272,1105,2649,4.12.16-5.12.16,data/raw/mturkfitbit_export_4.12.16-5.12.16/Fitabase Data 4.12.16-5.12.16/dailyActivity_merged.csv,335,1440,0.7674,miércoles,muy_activa,True
2022484408,2016-05-05,11895,8.35000038146973,8.35000038146973,0.0,2.78999996185303,0.860000014305115,4.69999980926514,0.0,55,20,253,1112,2609,4.12.16-5.12.16,data/raw/mturkfitbit_export_4.12.16-5.12.16/Fitabase Data 4.12.16-5.12.16/dailyActivity_merged.csv,328,1440,0.7722,jueves,muy_activa,True
2022484408,2016-05-06,10227,7.17999982833862,7.17999982833862,0.0,1.87000000476837,0.670000016689301,4.6399998664856,0.0,24,17,295,1104,2498,4.12.16-5.12.16,data/raw/mturkfitbit_export_4.12.16-5.12.16/Fitabase Data 4.12.16-5.12.16/dailyActivity_merged.csv,336,1440,0.7667,viernes,muy_activa,True
2022484408,2016-05-07,6708,4.71000003814697,4.71000003814697,0.0,1.61000001430511,0.0799999982118607,3.01999998092651,0.0,20,2,149,1269,1995,4.12.16-5.12.16,data/raw/mturkfitbit_export_4.12.16-5.12.16/Fitabase Data 4.12.16-5.12.16/dailyActivity_merged.csv,171,1440,0.8812,sábado,ligera,False
2022484408,2016-05-08,3292,2.30999994277954,2.30999994277954,0.0,0.0,0.0,2.30999994277954,0.0,0,0,135,1305,1848,4.12.16-5.12.16,data/raw/mturkfitbit_export_4.12.16-5.12.16/Fitabase Data 4.12.16-5.12.16/dailyActivity_merged.csv,135,1440,0.9062,domingo,baja,False
2022484408,2016-05-09,13379,9.39000034332275,9.39000034332275,0.0,2.11999988555908,1.62999999523163,5.6399998664856,0.0,35,47,297,1061,2709,4.12.16-5.12.16,data/raw/mturkfitbit_export_4.12.16-5.12.16/Fitabase Data 4.12.16-5.12.16/dailyActivity_merged.csv,379,1440,0.7368,lunes,muy_activa,True
2022484408,2016-05-10,12798,8.97999954223633,8.97999954223633,0.0,2.22000002861023,1.21000003814697,5.55999994277954,0.0,57,28,271,1084,2797,4.12.16-5.12.16,data/raw/mturkfitbit_export_4.12.16-5.12.16/Fitabase Data 4.12.16-5.12.16/dailyActivity_merged.csv,356,1440,0.7528,martes,muy_activa,True
2022484408,2016-05-11,13272,9.31999969482422,9.31999969482422,0.0,4.17999982833862,1.14999997615814,3.99000000953674,0.0,58,25,224,1133,2544,4.12.16-5.12.16,data/raw/mturkfitbit_export_4.12.16-5.12.16/Fitabase Data 4.12.16-5.12.16/dailyActivity_merged.csv,307,1440,0.7868,miércoles,muy_activa,True
2022484408,2016-05-12,9117,6.40999984741211,6.40999984741211,0.0,1.27999997138977,0.670000016689301,4.44000005722046,0.0,16,16,236,728,1853,4.12.16-5.12.16,data/raw/mturkfitbit_export_4.12.16-5.12.16/Fitabase Data 4.12.16-5.12.16/dailyActivity_merged.csv,268,996,0.7309,jueves,activa,False
2026352035,2016-04-13,4993,3.09999990463257,3.09999990463257,0.0,0.0,0.0,3.09999990463257,0.0,0,0,238,663,1521,4.12.16-5.12.16,data/raw/mturkfitbit_export_4.12.16-5.12.16/Fitabase Data 4.12.16-5.12.16/dailyActivity_merged.csv,238,901,0.7358,miércoles,baja,False
2026352035,2016-04-14,3335,2.0699999332428,2.0699999332428,0.0,0.0,0.0,2.04999995231628,0.0,0,0,197,653,1431,4.12.16-5.12.16,data/raw/mturkfitbit_export_4.12.16-5.12.16/Fitabase Data 4.12.16-5.12.16/dailyActivity_merged.csv,197,850,0.7682,jueves,baja,False
2026352035,2016-04-15,3821,2.36999988555908,2.36999988555908,0.0,0.0,0.0,2.36999988555908,0.0,0,0,188,687,1444,4.12.16-5.12.16,data/raw/mturkfitbit_export_4.12.16-5.12.16/Fitabase Data 4.12.16-5.12.16/dailyActivity_merged.csv,188,875,0.7851,viernes,baja,False
2026352035,2016-04-16,2547,1.58000004291534,1.58000004291534,0.0,0.0,0.0,1.58000004291534,0.0,0,0,150,728,1373,4.12.16-5.12.16,data/raw/mturkfitbit_export_4.12.16-5.12.16/Fitabase Data 4.12.16-5.12.16/dailyActivity_merged.csv,150,878,0.8292,sábado,baja,False
2026352035,2016-04-17,838,0.519999980926514,0.519999980926514,0.0,0.0,0.0,0.519999980926514,0.0,0,0,60,1053,1214,4.12.16-5.12.16,data/raw/mturkfitbit_export_4.12.16-5.12.16/Fitabase Data 4.12.16-5.12.16/dailyActivity_merged.csv,60,1113,0.9461,domingo,baja,False
2026352035,2016-04-18,3325,2.05999994277954,2.05999994277954,0.0,0.0,0.0,2.05999994277954,0.0,0,0,182,1062,1419,4.12.16-5.12.16,data/raw/mturkfitbit_export_4.12.16-5.12.16/Fitabase Data 4.12.16-5.12.16/dailyActivity_merged.csv,182,1244,0.8537,lunes,baja,False
2026352035,2016-04-19,2424,1.5,1.5,0.0,0.0,0.0,1.5,0.0,0,0,141,785,1356,4.12.16-5.12.16,data/raw/mturkfitbit_export_4.12.16-5.12.16/Fitabase Data 4.12.16-5.12.16/dailyActivity_merged.csv,141,926,0.8477,martes,baja,False
2026352035,2016-04-20,7222,4.48000001907349,4.48000001907349,0.0,0.0,0.0,4.48000001907349,0.0,0,0,327,623,1667,4.12.16-5.12.16,data/raw/mturkfitbit_export_4.12.16-5.12.16/Fitabase Data 4.12.16-5.12.16/dailyActivity_merged.csv,327,950,0.6558,miércoles,ligera,False
2026352035,2016-04-21,2467,1.52999997138977,1.52999997138977,0.0,0.0,0.0,1.52999997138977,0.0,0,0,153,749,1370,4.12.16-5.12.16,data/raw/mturkfitbit_export_4.12.16-5.12.16/Fitabase Data 4.12.16-5.12.16/dailyActivity_merged.csv,153,902,0.8304,jueves,baja,False
2026352035,2016-04-22,2915,1.80999994277954,1.80999994277954,0.0,0.0,0.0,1.80999994277954,0.0,0,0,162,712,1399,4.12.16-5.12.16,data/raw/mturkfitbit_export_4.12.16-5.12.16/Fitabase Data 4.12.16-5.12.16/dailyActivity_merged.csv,162,874,0.8146,viernes,baja,False
2026352035,2016-04-23,12357,7.71000003814697,7.71000003814697,0.0,0.0,0.0,7.71000003814697,0.0,0,0,432,458,1916,4.12.16-5.12.16,data/raw/mturkfitbit_export_4.12.16-5.12.16/Fitabase Data 4.12.16-5.12.16/dailyActivity_merged.csv,432,890,0.5146,sábado,muy_activa,True
2026352035,2016-04-24,3490,2.16000008583069,2.16000008583069,0.0,0.0,0.0,2.16000008583069,0.0,0,0,164,704,1401,4.12.16-5.12.16,data/raw/mturkfitbit_export_4.12.16-5.12.16/Fitabase Data 4.12.16-5.12.16/dailyActivity_merged.csv,164,868,0.8111,domingo,baja,False
2026352035,2016-04-25,6017,3.73000001907349,3.73000001907349,0.0,0.0,0.0,3.73000001907349,0.0,0,0,260,821,1576,4.12.16-5.12.16,data/raw/mturkfitbit_export_4.12.16-5.12.16/Fitabase Data 4.12.16-5.12.16/dailyActivity_merged.csv,260,1081,0.7595,lunes,ligera,False
2026352035,2016-04-26,5933,3.6800000667572,3.6800000667572,0.0,0.0,0.0,3.6800000667572,0.0,0,0,288,1018,1595,4.12.16-5.12.16,data/raw/mturkfitbit_export_4.12.16-5.12.16/Fitabase Data 4.12.16-5.12.16/dailyActivity_merged.csv,288,1306,0.7795,martes,ligera,False
2026352035,2016-04-27,6088,3.76999998092651,3.76999998092651,0.0,0.0,0.0,3.76999998092651,0.0,0,0,286,586,1593,4.12.16-5.12.16,data/raw/mturkfitbit_export_4.12.16-5.12.16/Fitabase Data 4.12.16-5.12.16/dailyActivity_merged.csv,286,872,0.672,miércoles,ligera,False
2026352035,2016-04-28,6375,3.95000004768372,3.95000004768372,0.0,0.0,0.0,3.95000004768372,0.0,0,0,331,626,1649,4.12.16-5.12.16,data/raw/mturkfitbit_export_4.12.16-5.12.16/Fitabase Data 4.12.16-5.12.16/dailyActivity_merged.csv,331,957,0.6541,jueves,ligera,False
2026352035,2016-04-29,7604,4.71000003814697,4.71000003814697,0.0,0.0,0.0,4.71000003814697,0.0,0,0,352,492,1692,4.12.16-5.12.16,data/raw/mturkfitbit_export_4.12.16-5.12.16/Fitabase Data 4.12.16-5.12.16/dailyActivity_merged.csv,352,844,0.5829,viernes,activa,False
2026352035,2016-04-30,4729,2.9300000667572,2.9300000667572,0.0,0.0,0.0,2.9300000667572,0.0,0,0,233,594,1506,4.12.16-5.12.16,data/raw/mturkfitbit_export_4.12.16-5.12.16/Fitabase Data 4.12.16-5.12.16/dailyActivity_merged.csv,233,827,0.7183,sábado,baja,False
2026352035,2016-05-01,3609,2.27999997138977,2.27999997138977,0.0,0.0,0.0,2.27999997138977,0.0,0,0,191,716,1447,4.12.16-5.12.16,data/raw/mturkfitbit_export_4.12.16-5.12.16/Fitabase Data 4.12.16-5.12.16/dailyActivity_merged.csv,191,907,0.7894,domingo,baja,False
2026352035,2016-05-02,7018,4.34999990463257,4.34999990463257,0.0,0.0,0.0,4.34999990463257,0.0,0,0,355,716,1690,4.12.16-5.12.16,data/raw/mturkfitbit_export_4.12.16-5.12.16/Fitabase Data 4.12.16-5.12.16/dailyActivity_merged.csv,355,1071,0.6685,lunes,ligera,False
2026352035,2016-05-03,5992,3.72000002861023,3.72000002861023,0.0,0.0,0.0,3.72000002861023,0.0,0,0,304,981,1604,4.12.16-5.12.16,data/raw/mturkfitbit_export_4.12.16-5.12.16/Fitabase Data 4.12.16-5.12.16/dailyActivity_merged.csv,304,1285,0.7634,martes,ligera,False
2026352035,2016-05-04,6564,4.07000017166138,4.07000017166138,0.0,0.0,0.0,4.07000017166138,0.0,0,0,345,530,1658,4.12.16-5.12.16,data/raw/mturkfitbit_export_4.12.16-5.12.16/Fitabase Data 4.12.16-5.12.16/dailyActivity_merged.csv,345,875,0.6057,miércoles,ligera,False
2026352035,2016-05-05,12167,7.53999996185303,7.53999996185303,0.0,0.0,0.0,7.53999996185303,0.0,0,0,475,479,1926,4.12.16-5.12.16,data/raw/mturkfitbit_export_4.12.16-5.12.16/Fitabase Data 4.12.16-5.12.16/dailyActivity_merged.csv,475,954,0.5021,jueves,muy_activa,True
2026352035,2016-05-06,8198,5.07999992370605,5.07999992370605,0.0,0.0,0.0,5.07999992370605,0.0,0,0,383,511,1736,4.12.16-5.12.16,data/raw/mturkfitbit_export_4.12.16-5.12.16/Fitabase Data 4.12.16-5.12.16/dailyActivity_merged.csv,383,894,0.5716,viernes,activa,False
2026352035,2016-05-07,4193,2.59999990463257,2.59999990463257,0.0,0.0,0.0,2.59999990463257,0.0,0,0,229,665,1491,4.12.16-5.12.16,data/raw/mturkfitbit_export_4.12.16-5.12.16/Fitabase Data 4.12.16-5.12.16/dailyActivity_merged.csv,229,894,0.7438,sábado,baja,False
2026352035,2016-05-08,5528,3.45000004768372,3.45000004768372,0.0,0.0,0.0,3.45000004768372,0.0,0,0,258,610,1555,4.12.16-5.12.16,data/raw/mturkfitbit_export_4.12.16-5.12.16/Fitabase Data 4.12.16-5.12.16/dailyActivity_merged.csv,258,868,0.7028,domingo,ligera,False
2026352035,2016-05-09,10685,6.61999988555908,6.61999988555908,0.0,0.0,0.0,6.59999990463257,0.0,0,0,401,543,1869,4.12.16-5.12.16,data/raw/mturkfitbit_export_4.12.16-5.12.16/Fitabase Data 4.12.16-5.12.16/dailyActivity_merged.csv,401,944,0.5752,lunes,muy_activa,True
2026352035,2016-05-10,254,0.159999996423721,0.159999996423721,0.0,0.0,0.0,0.159999996423721,0.0,0,0,17,1002,1141,4.12.16-5.12.16,data/raw/mturkfitbit_export_4.12.16-5.12.16/Fitabase Data 4.12.16-5.12.16/dailyActivity_merged.csv,17,1019,0.9833,martes,baja,False
2026352035,2016-05-11,8580,5.32000017166138,5.32000017166138,0.0,0.0,0.0,5.32000017166138,0.0,0,0,330,569,1698,4.12.16-5.12.16,data/raw/mturkfitbit_export_4.12.16-5.12.16/Fitabase Data 4.12.16-5.12.16/dailyActivity_merged.csv,330,899,0.6329,miércoles,activa,False
2026352035,2016-05-12,8891,5.51000022888184,5.51000022888184,0.0,0.0,0.0,5.51000022888184,0.0,0,0,343,330,1364,4.12.16-5.12.16,data/raw/mturkfitbit_export_4.12.16-5.12.16/Fitabase Data 4.12.16-5.12.16/dailyActivity_merged.csv,343,673,0.4903,jueves,activa,False
2320127002,2016-04-13,7275,4.90000009536743,4.90000009536743,0.0,0.0,0.0,4.90000009536743,0.0,0,0,335,1105,2003,4.12.16-5.12.16,data/raw/mturkfitbit_export_4.12.16-5.12.16/Fitabase Data 4.12.16-5.12.16/dailyActivity_merged.csv,335,1440,0.7674,miércoles,ligera,False
2320127002,2016-04-14,3973,2.6800000667572,2.6800000667572,0.0,0.0,0.0,2.6800000667572,0.0,0,0,191,1249,1696,4.12.16-5.12.16,data/raw/mturkfitbit_export_4.12.16-5.12.16/Fitabase Data 4.12.16-5.12.16/dailyActivity_merged.csv,191,1440,0.8674,jueves,baja,False
2320127002,2016-04-15,5205,3.50999999046326,3.50999999046326,0.0,0.0,0.0,3.50999999046326,0.0,0,0,245,1195,1801,4.12.16-5.12.16,data/raw/mturkfitbit_export_4.12.16-5.12.16/Fitabase Data 4.12.16-5.12.16/dailyActivity_merged.csv,245,1440,0.8299,viernes,ligera,False
2320127002,2016-04-16,5057,3.41000008583069,3.41000008583069,0.0,0.0,0.0,3.40000009536743,0.0,0,0,195,1245,1724,4.12.16-5.12.16,data/raw/mturkfitbit_export_4.12.16-5.12.16/Fitabase Data 4.12.16-5.12.16/dailyActivity_merged.csv,195,1440,0.8646,sábado,ligera,False
2320127002,2016-04-17,6198,4.17999982833862,4.17999982833862,0.0,0.0,0.0,4.17999982833862,0.0,0,0,249,1191,1852,4.12.16-5.12.16,data/raw/mturkfitbit_export_4.12.16-5.12.16/Fitabase Data 4.12.16-5.12.16/dailyActivity_merged.csv,249,1440,0.8271,domingo,ligera,False
2320127002,2016-04-18,6559,4.42000007629395,4.42000007629395,0.0,0.0,0.259999990463257,4.1399998664856,0.0,0,7,260,1173,1905,4.12.16-5.12.16,data/raw/mturkfitbit_export_4.12.16-5.12.16/Fitabase Data 4.12.16-5.12.16/dailyActivity_merged.csv,267,1440,0.8146,lunes,ligera,False
2320127002,2016-04-19,5997,4.03999996185303,4.03999996185303,0.0,0.0,0.379999995231628,3.66000008583069,0.0,0,11,228,1201,1811,4.12.16-5.12.16,data/raw/mturkfitbit_export_4.12.16-5.12.16/Fitabase Data 4.12.16-5.12.16/dailyActivity_merged.csv,239,1440,0.834,martes,ligera,False
2320127002,2016-04-20,7192,4.84999990463257,4.84999990463257,0.0,0.0,0.490000009536743,4.34000015258789,0.0,0,11,283,1146,1922,4.12.16-5.12.16,data/raw/mturkfitbit_export_4.12.16-5.12.16/Fitabase Data 4.12.16-5.12.16/dailyActivity_merged.csv,294,1440,0.7958,miércoles,ligera,False
2320127002,2016-04-21,3404,2.28999996185303,2.28999996185303,0.0,0.0599999986588955,0.419999986886978,1.80999994277954,0.0,1,10,127,1302,1610,4.12.16-5.12.16,data/raw/mturkfitbit_export_4.12.16-5.12.16/Fitabase Data 4.12.16-5.12.16/dailyActivity_merged.csv,138,1440,0.9042,jueves,baja,False
2320127002,2016-04-22,5583,3.75999999046326,3.75999999046326,0.0,0.0,0.0,3.75999999046326,0.0,0,0,266,1174,1851,4.12.16-5.12.16,data/raw/mturkfitbit_export_4.12.16-5.12.16/Fitabase Data 4.12.16-5.12.16/dailyActivity_merged.csv,266,1440,0.8153,viernes,ligera,False
2320127002,2016-04-23,5079,3.42000007629395,3.42000007629395,0.0,0.0,0.0,3.42000007629395,0.0,0,0,242,1129,1804,4.12.16-5.12.16,data/raw/mturkfitbit_export_4.12.16-5.12.16/Fitabase Data 4.12.16-5.12.16/dailyActivity_merged.csv,242,1371,0.8235,sábado,ligera,False
2320127002,2016-04-24,4165,2.80999994277954,2.80999994277954,0.0,0.0,0.0,2.79999995231628,0.0,0,0,204,1236,1725,4.12.16-5.12.16,data/raw/mturkfitbit_export_4.12.16-5.12.16/Fitabase Data 4.12.16-5.12.16/dailyActivity_merged.csv,204,1440,0.8583,domingo,baja,False
2320127002,2016-04-25,3588,2.42000007629395,2.42000007629395,0.0,0.230000004172325,0.200000002980232,1.99000000953674,0.0,3,5,152,1280,1654,4.12.16-5.12.16,data/raw/mturkfitbit_export_4.12.16-5.12.16/Fitabase Data 4.12.16-5.12.16/dailyActivity_merged.csv,160,1440,0.8889,lunes,baja,False
2320127002,2016-04-26,3409,2.29999995231628,2.29999995231628,0.0,0.0,0.0,2.29999995231628,0.0,0,0,147,1293,1632,4.12.16-5.12.16,data/raw/mturkfitbit_export_4.12.16-5.12.16/Fitabase Data 4.12.16-5.12.16/dailyActivity_merged.csv,147,1440,0.8979,martes,baja,False
2320127002,2016-04-27,1715,1.1599999666214,1.1599999666214,0.0,0.0,0.0,1.1599999666214,0.0,0,0,82,1358,1481,4.12.16-5.12.16,data/raw/mturkfitbit_export_4.12.16-5.12.16/Fitabase Data 4.12.16-5.12.16/dailyActivity_merged.csv,82,1440,0.9431,miércoles,baja,False
2320127002,2016-04-28,1532,1.02999997138977,1.02999997138977,0.0,0.0,0.0,1.02999997138977,0.0,0,0,76,1364,1473,4.12.16-5.12.16,data/raw/mturkfitbit_export_4.12.16-5.12.16/Fitabase Data 4.12.16-5.12.16/dailyActivity_merged.csv,76,1440,0.9472,jueves,baja,False
2320127002,2016-04-29,924,0.620000004768372,0.620000004768372,0.0,0.0,0.0,0.620000004768372,0.0,0,0,45,1395,1410,4.12.16-5.12.16,data/raw/mturkfitbit_export_4.12.16-5.12.16/Fitabase Data 4.12.16-5.12.16/dailyActivity_merged.csv,45,1440,0.9688,viernes,baja,False
2320127002,2016-04-30,4571,3.07999992370605,3.07999992370605,0.0,0.0,0.0,3.0699999332428,0.0,0,0,234,1206,1779,4.12.16-5.12.16,data/raw/mturkfitbit_export_4.12.16-5.12.16/Fitabase Data 4.12.16-5.12.16/dailyActivity_merged.csv,234,1440,0.8375,sábado,baja,False
2320127002,2016-05-01,772,0.519999980926514,0.519999980926514,0.0,0.0,0.0,0.519999980926514,0.0,0,0,40,1400,1403,4.12.16-5.12.16,data/raw/mturkfitbit_export_4.12.16-5.12.16/Fitabase Data 4.12.16-5.12.16/dailyActivity_merged.csv,40,1440,0.9722,domingo,baja,False
2320127002,2016-05-02,3634,2.45000004768372,2.45000004768372,0.0,0.360000014305115,0.209999993443489,1.87999999523163,0.0,5,6,123,1306,1613,4.12.16-5.12.16,data/raw/mturkfitbit_export_4.12.16-5.12.16/Fitabase Data 4.12.16-5.12.16/dailyActivity_merged.csv,134,1440,0.9069,lunes,baja,False
2320127002,2016-05-03,7443,5.01999998092651,5.01999998092651,0.0,1.49000000953674,0.370000004768372,3.16000008583069,0.0,20,10,206,1204,1878,4.12.16-5.12.16,data/raw/mturkfitbit_export_4.12.16-5.12.16/Fitabase Data 4.12.16-5.12.16/dailyActivity_merged.csv,236,1440,0.8361,martes,ligera,False
2320127002,2016-05-04,1201,0.810000002384186,0.810000002384186,0.0,0.0,0.0,0.810000002384186,0.0,0,0,52,1388,1426,4.12.16-5.12.16,data/raw/mturkfitbit_export_4.12.16-5.12.16/Fitabase Data 4.12.16-5.12.16/dailyActivity_merged.csv,52,1440,0.9639,miércoles,baja,False
2320127002,2016-05-05,5202,3.50999999046326,3.50999999046326,0.0,0.0,0.389999985694885,3.10999989509583,0.0,0,11,223,1206,1780,4.12.16-5.12.16,data/raw/mturkfitbit_export_4.12.16-5.12.16/Fitabase Data 4.12.16-5.12.16/dailyActivity_merged.csv,234,1440,0.8375,jueves,ligera,False
2320127002,2016-05-06,4878,3.28999996185303,3.28999996185303,0.0,0.0,0.0,3.28999996185303,0.0,0,0,204,1236,1742,4.12.16-5.12.16,data/raw/mturkfitbit_export_4.12.16-5.12.16/Fitabase Data 4.12.16-5.12.16/dailyActivity_merged.csv,204,1440,0.8583,viernes,baja,False
2320127002,2016-05-07,7379,4.96999979019165,4.96999979019165,0.0,0.0,0.0,4.96999979019165,0.0,0,0,319,1121,1972,4.12.16-5.12.16,data/raw/mturkfitbit_export_4.12.16-5.12.16/Fitabase Data 4.12.16-5.12.16/dailyActivity_merged.csv,319,1440,0.7785,sábado,ligera,False
2320127002,2016-05-08,5161,3.48000001907349,3.48000001907349,0.0,0.0,0.0,3.47000002861023,0.0,0,0,247,1193,1821,4.12.16-5.12.16,data/raw/mturkfitbit_export_4.12.16-5.12.16/Fitabase Data 4.12.16-5.12.16/dailyActivity_merged.csv,247,1440,0.8285,domingo,ligera,False
2320127002,2016-05-09,3090,2.07999992370605,2.07999992370605,0.0,0.0,0.0,2.07999992370605,0.0,0,0,145,1295,1630,4.12.16-5.12.16,data/raw/mturkfitbit_export_4.12.16-5.12.16/Fitabase Data 4.12.16-5.12.16/dailyActivity_merged.csv,145,1440,0.8993,lunes,baja,False
2320127002,2016-05-10,6227,4.19999980926514,4.19999980926514,0.0,0.0,0.0,4.19999980926514,0.0,0,0,290,1150,1899,4.12.16-5.12.16,data/raw/mturkfitbit_export_4.12.16-5.12.16/Fitabase Data 4.12.16-5.12.16/dailyActivity_merged.csv,290,1440,0.7986,martes,ligera,False
2320127002,2016-05-11,6424,4.32999992370605,4.32999992370605,0.0,0.0,0.0,4.32999992370605,0.0,0,0,300,1140,1903,4.12.16-5.12.16,data/raw/mturkfitbit_export_4.12.16-5.12.16/Fitabase Data 4.12.16-5.12.16/dailyActivity_merged.csv,300,1440,0.7917,miércoles,ligera,False
2320127002,2016-05-12,2661,1.78999996185303,1.78999996185303,0.0,0.0,0.0,1.78999996185303,0.0,0,0,128,830,1125,4.12.16-5.12.16,data/raw/mturkfitbit_export_4.12.16-5.12.16/Fitabase Data 4.12.16-5.12.16/dailyActivity_merged.csv,128,958,0.8664,jueves,baja,False
2347167796,2016-04-13,10352,7.01000022888184,7.01000022888184,0.0,1.6599999666214,1.94000005722046,3.41000008583069,0.0,19,32,195,676,2038,4.12.16-5.12.16,data/raw/mturkfitbit_export_4.12.16-5.12.16/Fitabase Data 4.12.16-5.12.16/dailyActivity_merged.csv,246,922,0.7332,miércoles,muy_activa,True
2347167796,2016-04-14,10129,6.69999980926514,6.69999980926514,0.0,0.0199999995529652,2.74000000953674,3.94000005722046,0.0,1,48,206,705,2010,4.12.16-5.12.16,data/raw/mturkfitbit_export_4.12.16-5.12.16/Fitabase Data 4.12.16-5.12.16/dailyActivity_merged.csv,255,960,0.7344,jueves,muy_activa,True
2347167796,2016-04-15,10465,6.92000007629395,6.92000007629395,0.0,0.0700000002980232,1.41999995708466,5.42999982833862,0.0,1,24,284,720,2133,4.12.16-5.12.16,data/raw/mturkfitbit_export_4.12.16-5.12.16/Fitabase Data 4.12.16-5.12.16/dailyActivity_merged.csv,309,1029,0.6997,viernes,muy_activa,True
2347167796,2016-04-16,22244,15.0799999237061,15.0799999237061,0.0,5.44999980926514,4.09999990463257,5.53000020980835,0.0,66,72,268,968,2670,4.12.16-5.12.16,data/raw/mturkfitbit_export_4.12.16-5.12.16/Fitabase Data 4.12.16-5.12.16/dailyActivity_merged.csv,406,1374,0.7045,sábado,muy_activa,True
2347167796,2016-04-17,5472,3.61999988555908,3.61999988555908,0.0,0.0799999982118607,0.280000001192093,3.25999999046326,0.0,1,7,249,508,1882,4.12.16-5.12.16,data/raw/mturkfitbit_export_4.12.16-5.12.16/Fitabase Data 4.12.16-5.12.16/dailyActivity_merged.csv,257,765,0.6641,domingo,ligera,False
2347167796,2016-04-18,8247,5.44999980926514,5.44999980926514,0.0,0.790000021457672,0.860000014305115,3.78999996185303,0.0,11,16,206,678,1944,4.12.16-5.12.16,data/raw/mturkfitbit_export_4.12.16-5.12.16/Fitabase Data 4.12.16-5.12.16/dailyActivity_merged.csv,233,911,0.7442,lunes,activa,False
2347167796,2016-04-19,6711,4.44000005722046,4.44000005722046,0.0,0.0,0.0,4.44000005722046,0.0,0,7,382,648,2346,4.12.16-5.12.16,data/raw/mturkfitbit_export_4.12.16-5.12.16/Fitabase Data 4.12.16-5.12.16/dailyActivity_merged.csv,389,1037,0.6249,martes,ligera,False
2347167796,2016-04-20,10999,7.26999998092651,7.26999998092651,0.0,0.680000007152557,1.80999994277954,4.78000020980835,0.0,11,43,269,1011,2198,4.12.16-5.12.16,data/raw/mturkfitbit_export_4.12.16-5.12.16/Fitabase Data 4.12.16-5.12.16/dailyActivity_merged.csv,323,1334,0.7579,miércoles,muy_activa,True
2347167796,2016-04-21,10080,6.75,6.75,0.0,1.85000002384186,1.52999997138977,3.38000011444092,0.0,23,26,208,761,2048,4.12.16-5.12.16,data/raw/mturkfitbit_export_4.12.16-5.12.16/Fitabase Data 4.12.16-5.12.16/dailyActivity_merged.csv,257,1018,0.7475,jueves,muy_activa,True
2347167796,2016-04-22,7804,5.15999984741211,5.15999984741211,0.0,0.560000002384186,1.67999994754791,2.92000007629395,0.0,9,27,206,781,1946,4.12.16-5.12.16,data/raw/mturkfitbit_export_4.12.16-5.12.16/Fitabase Data 4.12.16-5.12.16/dailyActivity_merged.csv,242,1023,0.7634,viernes,activa,False
2347167796,2016-04-23,16901,11.3699998855591,11.3699998855591,0.0,2.77999997138977,1.45000004768372,7.15000009536743,0.0,32,35,360,591,2629,4.12.16-5.12.16,data/raw/mturkfitbit_export_4.12.16-5.12.16/Fitabase Data 4.12.16-5.12.16/dailyActivity_merged.csv,427,1018,0.5806,sábado,muy_activa,True
2347167796,2016-04-24,9471,6.26000022888184,6.26000022888184,0.0,0.0,0.0,6.26000022888184,0.0,0,0,360,584,2187,4.12.16-5.12.16,data/raw/mturkfitbit_export_4.12.16-5.12.16/Fitabase Data 4.12.16-5.12.16/dailyActivity_merged.csv,360,944,0.6186,domingo,activa,False
2347167796,2016-04-25,9482,6.38000011444092,6.38000011444092,0.0,1.26999998092651,0.519999980926514,4.59999990463257,0.0,15,11,277,653,2095,4.12.16-5.12.16,data/raw/mturkfitbit_export_4.12.16-5.12.16/Fitabase Data 4.12.16-5.12.16/dailyActivity_merged.csv,303,956,0.6831,lunes,activa,False
2347167796,2016-04-26,5980,3.95000004768372,3.95000004768372,0.0,0.0,0.0,3.95000004768372,0.0,0,0,227,732,1861,4.12.16-5.12.16,data/raw/mturkfitbit_export_4.12.16-5.12.16/Fitabase Data 4.12.16-5.12.16/dailyActivity_merged.csv,227,959,0.7633,martes,ligera,False
2347167796,2016-04-27,11423,7.57999992370605,7.57999992370605,0.0,1.86000001430511,0.400000005960464,5.32000017166138,0.0,26,9,295,623,2194,4.12.16-5.12.16,data/raw/mturkfitbit_export_4.12.16-5.12.16/Fitabase Data 4.12.16-5.12.16/dailyActivity_merged.csv,330,953,0.6537,miércoles,muy_activa,True
2347167796,2016-04-28,5439,3.59999990463257,3.59999990463257,0.0,0.0,0.0,3.59999990463257,0.0,0,0,229,764,1854,4.12.16-5.12.16,data/raw/mturkfitbit_export_4.12.16-5.12.16/Fitabase Data 4.12.16-5.12.16/dailyActivity_merged.csv,229,993,0.7694,jueves,ligera,False
2347167796,2016-04-29,42,0.0299999993294477,0.0299999993294477,0.0,0.0,0.0,0.0299999993294477,0.0,0,0,4,2,403,4.12.16-5.12.16,data/raw/mturkfitbit_export_4.12.16-5.12.16/Fitabase Data 4.12.16-5.12.16/dailyActivity_merged.csv,4,6,0.3333,viernes,baja,False
2873212765,2016-04-13,7618,5.11999988555908,5.11999988555908,0.0,0.0,0.219999998807907,4.88000011444092,0.0199999995529652,0,8,404,1028,2004,4.12.16-5.12.16,data/raw/mturkfitbit_export_4.12.16-5.12.16/Fitabase Data 4.12.16-5.12.16/dailyActivity_merged.csv,412,1440,0.7139,miércoles,activa,False
2873212765,2016-04-14,7910,5.32000017166138,5.32000017166138,0.0,0.0,0.0,5.32000017166138,0.0,0,0,331,1109,1893,4.12.16-5.12.16,data/raw/mturkfitbit_export_4.12.16-5.12.16/Fitabase Data 4.12.16-5.12.16/dailyActivity_merged.csv,331,1440,0.7701,jueves,activa,False
2873212765,2016-04-15,8482,5.69999980926514,5.69999980926514,0.0,0.0,0.0,5.69000005722046,0.0099999997764825,0,0,448,992,2063,4.12.16-5.12.16,data/raw/mturkfitbit_export_4.12.16-5.12.16/Fitabase Data 4.12.16-5.12.16/dailyActivity_merged.csv,448,1440,0.6889,viernes,activa,False
2873212765,2016-04-16,9685,6.65000009536743,6.65000009536743,0.0,3.10999989509583,0.0199999995529652,3.50999999046326,0.0099999997764825,47,1,305,1087,2148,4.12.16-5.12.16,data/raw/mturkfitbit_export_4.12.16-5.12.16/Fitabase Data 4.12.16-5.12.16/dailyActivity_merged.csv,353,1440,0.7549,sábado,activa,False
2873212765,2016-04-17,2524,1.70000004768372,1.70000004768372,0.0,0.0,0.349999994039536,1.3400000333786,0.0,0,8,160,1272,1529,4.12.16-5.12.16,data/raw/mturkfitbit_export_4.12.16-5.12.16/Fitabase Data 4.12.16-5.12.16/dailyActivity_merged.csv,168,1440,0.8833,domingo,baja,False
2873212765,2016-04-18,7762,5.23999977111816,5.23999977111816,0.0,0.0700000002980232,0.280000001192093,4.8899998664856,0.0,1,6,311,1122,1890,4.12.16-5.12.16,data/raw/mturkfitbit_export_4.12.16-5.12.16/Fitabase Data 4.12.16-5.12.16/dailyActivity_merged.csv,318,1440,0.7792,lunes,activa,False
2873212765,2016-04-19,7948,5.36999988555908,5.36999988555908,0.0,0.0,0.0,5.3600001335144,0.0,0,0,389,1051,1956,4.12.16-5.12.16,data/raw/mturkfitbit_export_4.12.16-5.12.16/Fitabase Data 4.12.16-5.12.16/dailyActivity_merged.csv,389,1440,0.7299,martes,activa,False
2873212765,2016-04-20,9202,6.30000019073486,6.30000019073486,0.0,1.50999999046326,0.119999997317791,4.65999984741211,0.0099999997764825,22,5,378,1035,2094,4.12.16-5.12.16,data/raw/mturkfitbit_export_4.12.16-5.12.16/Fitabase Data 4.12.16-5.12.16/dailyActivity_merged.csv,405,1440,0.7188,miércoles,activa,False
2873212765,2016-04-21,8859,5.98000001907349,5.98000001907349,0.0,0.129999995231628,0.370000004768372,5.46999979019165,0.0099999997764825,2,10,371,1057,1970,4.12.16-5.12.16,data/raw/mturkfitbit_export_4.12.16-5.12.16/Fitabase Data 4.12.16-5.12.16/dailyActivity_merged.csv,383,1440,0.734,jueves,activa,False
2873212765,2016-04-22,7286,4.90000009536743,4.90000009536743,0.0,0.46000000834465,0.0,4.42000007629395,0.0199999995529652,46,0,366,1028,2241,4.12.16-5.12.16,data/raw/mturkfitbit_export_4.12.16-5.12.16/Fitabase Data 4.12.16-5.12.16/dailyActivity_merged.csv,412,1440,0.7139,viernes,ligera,False
2873212765,2016-04-23,9317,6.34999990463257,6.34999990463257,0.0,2.08999991416931,0.230000004172325,4.01999998092651,0.0099999997764825,28,5,330,1077,2021,4.12.16-5.12.16,data/raw/mturkfitbit_export_4.12.16-5.12.16/Fitabase Data 4.12.16-5.12.16/dailyActivity_merged.csv,363,1440,0.7479,sábado,activa,False
2873212765,2016-04-24,6873,4.67999982833862,4.67999982833862,0.0,3.0,0.0599999986588955,1.62000000476837,0.0,46,1,190,1203,1898,4.12.16-5.12.16,data/raw/mturkfitbit_export_4.12.16-5.12.16/Fitabase Data 4.12.16-5.12.16/dailyActivity_merged.csv,237,1440,0.8354,domingo,ligera,False
2873212765,2016-04-25,7373,4.94999980926514,4.94999980926514,0.0,0.0,0.0,4.94999980926514,0.0,0,0,359,1081,1907,4.12.16-5.12.16,data/raw/mturkfitbit_export_4.12.16-5.12.16/Fitabase Data 4.12.16-5.12.16/dailyActivity_merged.csv,359,1440,0.7507,lunes,ligera,False
2873212765,2016-04-26,8242,5.53999996185303,5.53999996185303,0.0,0.119999997317791,0.180000007152557,5.23999977111816,0.0,2,5,309,1124,1882,4.12.16-5.12.16,data/raw/mturkfitbit_export_4.12.16-5.12.16/Fitabase Data 4.12.16-5.12.16/dailyActivity_merged.csv,316,1440,0.7806,martes,activa,False
2873212765,2016-04-27,3516,2.35999989509583,2.35999989509583,0.0,0.0,0.0,2.35999989509583,0.0,46,0,197,1197,1966,4.12.16-5.12.16,data/raw/mturkfitbit_export_4.12.16-5.12.16/Fitabase Data 4.12.16-5.12.16/dailyActivity_merged.csv,243,1440,0.8312,miércoles,baja,False
2873212765,2016-04-28,7913,5.40999984741211,5.40999984741211,0.0,2.16000008583069,0.340000003576279,2.91000008583069,0.0,28,7,213,1192,1835,4.12.16-5.12.16,data/raw/mturkfitbit_export_4.12.16-5.12.16/Fitabase Data 4.12.16-5.12.16/dailyActivity_merged.csv,248,1440,0.8278,jueves,activa,False
2873212765,2016-04-29,7365,4.94999980926514,4.94999980926514,0.0,1.36000001430511,1.4099999666214,2.1800000667572,0.0,20,23,206,1191,1780,4.12.16-5.12.16,data/raw/mturkfitbit_export_4.12.16-5.12.16/Fitabase Data 4.12.16-5.12.16/dailyActivity_merged.csv,249,1440,0.8271,viernes,ligera,False
2873212765,2016-04-30,8452,5.67999982833862,5.67999982833862,0.0,0.330000013113022,1.08000004291534,4.26000022888184,0.0099999997764825,5,20,248,1167,1830,4.12.16-5.12.16,data/raw/mturkfitbit_export_4.12.16-5.12.16/Fitabase Data 4.12.16-5.12.16/dailyActivity_merged.csv,273,1440,0.8104,sábado,activa,False
2873212765,2016-05-01,7399,4.96999979019165,4.96999979019165,0.0,0.490000009536743,1.03999996185303,3.44000005722046,0.0,7,18,196,1219,1739,4.12.16-5.12.16,data/raw/mturkfitbit_export_4.12.16-5.12.16/Fitabase Data 4.12.16-5.12.16/dailyActivity_merged.csv,221,1440,0.8465,domingo,ligera,False
2873212765,2016-05-02,7525,5.05999994277954,5.05999994277954,0.0,0.0,0.209999993443489,4.82999992370605,0.0199999995529652,0,7,334,1099,1878,4.12.16-5.12.16,data/raw/mturkfitbit_export_4.12.16-5.12.16/Fitabase Data 4.12.16-5.12.16/dailyActivity_merged.csv,341,1440,0.7632,lunes,activa,False
2873212765,2016-05-03,7412,4.98000001907349,4.98000001907349,0.0,0.0599999986588955,0.25,4.65999984741211,0.0099999997764825,1,6,363,1070,1906,4.12.16-5.12.16,data/raw/mturkfitbit_export_4.12.16-5.12.16/Fitabase Data 4.12.16-5.12.16/dailyActivity_merged.csv,370,1440,0.7431,martes,ligera,False
2873212765,2016-05-04,8278,5.55999994277954,5.55999994277954,0.0,0.0,0.0,5.55999994277954,0.0,0,0,420,1020,2015,4.12.16-5.12.16,data/raw/mturkfitbit_export_4.12.16-5.12.16/Fitabase Data 4.12.16-5.12.16/dailyActivity_merged.csv,420,1440,0.7083,miércoles,activa,False
2873212765,2016-05-05,8314,5.6100001335144,5.6100001335144,0.0,0.779999971389771,0.800000011920929,4.03000020980835,0.0,13,23,311,1093,1971,4.12.16-5.12.16,data/raw/mturkfitbit_export_4.12.16-5.12.16/Fitabase Data 4.12.16-5.12.16/dailyActivity_merged.csv,347,1440,0.759,jueves,activa,False
2873212765,2016-05-06,7063,4.75,4.75,0.0,0.0,0.119999997317791,4.6100001335144,0.0099999997764825,0,5,370,1065,1910,4.12.16-5.12.16,data/raw/mturkfitbit_export_4.12.16-5.12.16/Fitabase Data 4.12.16-5.12.16/dailyActivity_merged.csv,375,1440,0.7396,viernes,ligera,False
2873212765,2016-05-07,4940,3.38000011444092,3.38000011444092,0.0,2.27999997138977,0.550000011920929,0.550000011920929,0.0,75,11,52,1302,1897,4.12.16-5.12.16,data/raw/mturkfitbit_export_4.12.16-5.12.16/Fitabase Data 4.12.16-5.12.16/dailyActivity_merged.csv,138,1440,0.9042,sábado,baja,False
2873212765,2016-05-08,8168,5.53999996185303,5.53999996185303,0.0,2.90000009536743,0.0,2.64000010490417,0.0,46,0,326,1068,2096,4.12.16-5.12.16,data/raw/mturkfitbit_export_4.12.16-5.12.16/Fitabase Data 4.12.16-5.12.16/dailyActivity_merged.csv,372,1440,0.7417,domingo,activa,False
2873212765,2016-05-09,7726,5.19000005722046,5.19000005722046,0.0,0.0,0.0,5.19000005722046,0.0,0,0,345,1095,1906,4.12.16-5.12.16,data/raw/mturkfitbit_export_4.12.16-5.12.16/Fitabase Data 4.12.16-5.12.16/dailyActivity_merged.csv,345,1440,0.7604,lunes,activa,False
2873212765,2016-05-10,8275,5.55999994277954,5.55999994277954,0.0,0.0,0.0,5.55000019073486,0.0099999997764825,0,0,373,1067,1962,4.12.16-5.12.16,data/raw/mturkfitbit_export_4.12.16-5.12.16/Fitabase Data 4.12.16-5.12.16/dailyActivity_merged.csv,373,1440,0.741,martes,activa,False
2873212765,2016-05-11,6440,4.32999992370605,4.32999992370605,0.0,0.0,0.0,4.32000017166138,0.0099999997764825,0,0,319,1121,1826,4.12.16-5.12.16,data/raw/mturkfitbit_export_4.12.16-5.12.16/Fitabase Data 4.12.16-5.12.16/dailyActivity_merged.csv,319,1440,0.7785,miércoles,ligera,False
2873212765,2016-05-12,7566,5.1100001335144,5.1100001335144,0.0,0.0,0.0,5.1100001335144,0.0,0,0,268,720,1431,4.12.16-5.12.16,data/raw/mturkfitbit_export_4.12.16-5.12.16/Fitabase Data 4.12.16-5.12.16/dailyActivity_merged.csv,268,988,0.7287,jueves,activa,False
3372868164,2016-04-12,4747,3.24000000953674,3.24000000953674,0.0,0.0,0.0,3.23000001907349,0.0099999997764825,0,0,280,1160,1788,4.12.16-5.12.16,data/raw/mturkfitbit_export_4.12.16-5.12.16/Fitabase Data 4.12.16-5.12.16/dailyActivity_merged.csv,280,1440,0.8056,martes,baja,False
3372868164,2016-04-13,9715,6.63000011444092,6.63000011444092,0.0,0.990000009536743,0.340000003576279,5.26999998092651,0.0199999995529652,16,8,371,1045,2093,4.12.16-5.12.16,data/raw/mturkfitbit_export_4.12.16-5.12.16/Fitabase Data 4.12.16-5.12.16/dailyActivity_merged.csv,395,1440,0.7257,miércoles,activa,False
3372868164,2016-04-14,8844,6.03000020980835,6.03000020980835,0.0,0.340000003576279,1.02999997138977,4.65000009536743,0.0099999997764825,6,25,370,1039,2065,4.12.16-5.12.16,data/raw/mturkfitbit_export_4.12.16-5.12.16/Fitabase Data 4.12.16-5.12.16/dailyActivity_merged.csv,401,1440,0.7215,jueves,activa,False
3372868164,2016-04-15,7451,5.07999992370605,5.07999992370605,0.0,0.0,0.0,5.05999994277954,0.0199999995529652,0,0,335,1105,1908,4.12.16-5.12.16,data/raw/mturkfitbit_export_4.12.16-5.12.16/Fitabase Data 4.12.16-5.12.16/dailyActivity_merged.csv,335,1440,0.7674,viernes,ligera,False
3372868164,2016-04-16,6905,4.73000001907349,4.73000001907349,0.0,0.0,0.0,4.69999980926514,0.0299999993294477,0,0,356,1084,1908,4.12.16-5.12.16,data/raw/mturkfitbit_export_4.12.16-5.12.16/Fitabase Data 4.12.16-5.12.16/dailyActivity_merged.csv,356,1440,0.7528,sábado,ligera,False
3372868164,2016-04-17,8199,5.88000011444092,5.88000011444092,0.0,1.4099999666214,0.100000001490116,4.3600001335144,0.0099999997764825,11,2,322,1105,1964,4.12.16-5.12.16,data/raw/mturkfitbit_export_4.12.16-5.12.16/Fitabase Data 4.12.16-5.12.16/dailyActivity_merged.csv,335,1440,0.7674,domingo,activa,False
3372868164,2016-04-18,6798,4.6399998664856,4.6399998664856,0.0,1.08000004291534,0.200000002980232,3.34999990463257,0.0,20,7,343,1070,2014,4.12.16-5.12.16,data/raw/mturkfitbit_export_4.12.16-5.12.16/Fitabase Data 4.12.16-5.12.16/dailyActivity_merged.csv,370,1440,0.7431,lunes,ligera,False
3372868164,2016-04-19,7711,5.26000022888184,5.26000022888184,0.0,0.0,0.0,5.23999977111816,0.0199999995529652,0,0,376,1064,1985,4.12.16-5.12.16,data/raw/mturkfitbit_export_4.12.16-5.12.16/Fitabase Data 4.12.16-5.12.16/dailyActivity_merged.csv,376,1440,0.7389,martes,activa,False
3372868164,2016-04-20,4880,3.32999992370605,3.32999992370605,0.0,0.839999973773956,0.0900000035762787,2.38000011444092,0.0199999995529652,15,3,274,1148,1867,4.12.16-5.12.16,data/raw/mturkfitbit_export_4.12.16-5.12.16/Fitabase Data 4.12.16-5.12.16/dailyActivity_merged.csv,292,1440,0.7972,miércoles,baja,False
3372868164,2016-04-21,8857,6.07000017166138,6.07000017166138,0.0,1.14999997615814,0.259999990463257,4.6399998664856,0.0099999997764825,18,9,376,1037,2124,4.12.16-5.12.16,data/raw/mturkfitbit_export_4.12.16-5.12.16/Fitabase Data 4.12.16-5.12.16/dailyActivity_merged.csv,403,1440,0.7201,jueves,activa,False
3372868164,2016-04-22,3843,2.61999988555908,2.61999988555908,0.0,0.0,0.0,2.60999989509583,0.0099999997764825,0,0,206,1234,1669,4.12.16-5.12.16,data/raw/mturkfitbit_export_4.12.16-5.12.16/Fitabase Data 4.12.16-5.12.16/dailyActivity_merged.csv,206,1440,0.8569,viernes,baja,False
3372868164,2016-04-23,7396,5.07000017166138,5.07000017166138,0.0,1.39999997615814,0.0799999982118607,3.57999992370605,0.0,20,2,303,1115,1995,4.12.16-5.12.16,data/raw/mturkfitbit_export_4.12.16-5.12.16/Fitabase Data 4.12.16-5.12.16/dailyActivity_merged.csv,325,1440,0.7743,sábado,ligera,False
3372868164,2016-04-24,6731,4.59000015258789,4.59000015258789,0.0,0.889999985694885,0.189999997615814,3.49000000953674,0.0199999995529652,14,7,292,1127,1921,4.12.16-5.12.16,data/raw/mturkfitbit_export_4.12.16-5.12.16/Fitabase Data 4.12.16-5.12.16/dailyActivity_merged.csv,313,1440,0.7826,domingo,ligera,False
3372868164,2016-04-25,5995,4.09000015258789,4.09000015258789,0.0,0.0,0.0,4.09000015258789,0.0,0,0,416,1024,2010,4.12.16-5.12.16,data/raw/mturkfitbit_export_4.12.16-5.12.16/Fitabase Data 4.12.16-5.12.16/dailyActivity_merged.csv,416,1440,0.7111,lunes,ligera,False
3372868164,2016-04-26,8283,5.78999996185303,5.78999996185303,0.0,1.85000002384186,0.0500000007450581,3.86999988555908,0.0099999997764825,22,2,333,1083,2057,4.12.16-5.12.16,data/raw/mturkfitbit_export_4.12.16-5.12.16/Fitabase Data 4.12.16-5.12.16/dailyActivity_merged.csv,357,1440,0.7521,martes,activa,False
3372868164,2016-04-27,7904,5.42000007629395,5.42000007629395,0.0,1.58000004291534,0.629999995231628,3.19000005722046,0.0099999997764825,24,13,346,1057,2095,4.12.16-5.12.16,data/raw/mturkfitbit_export_4.12.16-5.12.16/Fitabase Data 4.12.16-5.12.16/dailyActivity_merged.csv,383,1440,0.734,miércoles,activa,False
3372868164,2016-04-28,5512,3.75999999046326,3.75999999046326,0.0,0.0,0.0,3.75999999046326,0.0,0,0,385,1055,1972,4.12.16-5.12.16,data/raw/mturkfitbit_export_4.12.16-5.12.16/Fitabase Data 4.12.16-5.12.16/dailyActivity_merged.csv,385,1440,0.7326,jueves,ligera,False
3372868164,2016-04-29,9135,6.23000001907349,6.23000001907349,0.0,0.0,0.0,6.21999979019165,0.0099999997764825,0,0,402,1038,2044,4.12.16-5.12.16,data/raw/mturkfitbit_export_4.12.16-5.12.16/Fitabase Data 4.12.16-5.12.16/dailyActivity_merged.csv,402,1440,0.7208,viernes,activa,False
3372868164,2016-04-30,5250,3.57999992370605,3.57999992370605,0.0,1.05999994277954,0.0900000035762787,2.42000007629395,0.0099999997764825,17,4,300,1119,1946,4.12.16-5.12.16,data/raw/mturkfitbit_export_4.12.16-5.12.16/Fitabase Data 4.12.16-5.12.16/dailyActivity_merged.csv,321,1440,0.7771,sábado,ligera,False
3372868164,2016-05-01,3077,2.09999990463257,2.09999990463257,0.0,0.0,0.0,2.08999991416931,0.0,0,0,172,842,1237,4.12.16-5.12.16,data/raw/mturkfitbit_export_4.12.16-5.12.16/Fitabase Data 4.12.16-5.12.16/dailyActivity_merged.csv,172,1014,0.8304,domingo,baja,False
3977333714,2016-04-13,10035,6.71000003814697,6.71000003814697,0.0,2.02999997138977,2.13000011444092,2.54999995231628,0.0,31,46,153,754,1495,4.12.16-5.12.16,data/raw/mturkfitbit_export_4.12.16-5.12.16/Fitabase Data 4.12.16-5.12.16/dailyActivity_merged.csv,230,984,0.7663,miércoles,muy_activa,True
3977333714,2016-04-14,7641,5.1100001335144,5.1100001335144,0.0,0.319999992847443,0.970000028610229,3.8199999332428,0.0,5,23,214,801,1433,4.12.16-5.12.16,data/raw/mturkfitbit_export_4.12.16-5.12.16/Fitabase Data 4.12.16-5.12.16/dailyActivity_merged.csv,242,1043,0.768,jueves,activa,False
3977333714,2016-04-15,9010,6.05999994277954,6.05999994277954,0.0,1.04999995231628,1.75,3.25999999046326,0.0,15,42,183,644,1468,4.12.16-5.12.16,data/raw/mturkfitbit_export_4.12.16-5.12.16/Fitabase Data 4.12.16-5.12.16/dailyActivity_merged.csv,240,884,0.7285,viernes,activa,False
3977333714,2016-04-16,13459,9.0,9.0,0.0,2.02999997138977,4.0,2.97000002861023,0.0,31,83,153,663,1625,4.12.16-5.12.16,data/raw/mturkfitbit_export_4.12.16-5.12.16/Fitabase Data 4.12.16-5.12.16/dailyActivity_merged.csv,267,930,0.7129,sábado,muy_activa,True
3977333714,2016-04-17,10415,6.96999979019165,6.96999979019165,0.0,0.699999988079071,2.34999990463257,3.92000007629395,0.0,11,58,205,600,1529,4.12.16-5.12.16,data/raw/mturkfitbit_export_4.12.16-5.12.16/Fitabase Data 4.12.16-5.12.16/dailyActivity_merged.csv,274,874,0.6865,domingo,muy_activa,True
3977333714,2016-04-18,11663,7.80000019073486,7.80000019073486,0.0,0.25,3.73000001907349,3.8199999332428,0.0,4,95,214,605,1584,4.12.16-5.12.16,data/raw/mturkfitbit_export_4.12.16-5.12.16/Fitabase Data 4.12.16-5.12.16/dailyActivity_merged.csv,313,918,0.659,lunes,muy_activa,True
3977333714,2016-04-19,12414,8.77999973297119,8.77999973297119,0.0,2.24000000953674,2.45000004768372,3.96000003814697,0.0,19,67,221,738,1638,4.12.16-5.12.16,data/raw/mturkfitbit_export_4.12.16-5.12.16/Fitabase Data 4.12.16-5.12.16/dailyActivity_merged.csv,307,1045,0.7062,martes,muy_activa,True
3977333714,2016-04-20,11658,7.82999992370605,7.82999992370605,0.0,0.200000002980232,4.34999990463257,3.27999997138977,0.0,2,98,164,845,1554,4.12.16-5.12.16,data/raw/mturkfitbit_export_4.12.16-5.12.16/Fitabase Data 4.12.16-5.12.16/dailyActivity_merged.csv,264,1109,0.7619,miércoles,muy_activa,True
3977333714,2016-04-21,6093,4.07999992370605,4.07999992370605,0.0,0.0,0.0,4.05999994277954,0.0,0,0,242,712,1397,4.12.16-5.12.16,data/raw/mturkfitbit_export_4.12.16-5.12.16/Fitabase Data 4.12.16-5.12.16/dailyActivity_merged.csv,242,954,0.7463,jueves,ligera,False
3977333714,2016-04-22,8911,5.96000003814697,5.96000003814697,0.0,2.32999992370605,0.579999983310699,3.05999994277954,0.0,33,12,188,731,1481,4.12.16-5.12.16,data/raw/mturkfitbit_export_4.12.16-5.12.16/Fitabase Data 4.12.16-5.12.16/dailyActivity_merged.csv,233,964,0.7583,viernes,activa,False
3977333714,2016-04-23,12058,8.06999969482422,8.06999969482422,0.0,0.0,4.21999979019165,3.84999990463257,0.0,0,92,252,724,1638,4.12.16-5.12.16,data/raw/mturkfitbit_export_4.12.16-5.12.16/Fitabase Data 4.12.16-5.12.16/dailyActivity_merged.csv,344,1068,0.6779,sábado,muy_activa,True
3977333714,2016-04-24,14112,10.0,10.0,0.0,3.26999998092651,4.55999994277954,2.17000007629395,0.0,30,95,129,660,1655,4.12.16-5.12.16,data/raw/mturkfitbit_export_4.12.16-5.12.16/Fitabase Data 4.12.16-5.12.16/dailyActivity_merged.csv,254,914,0.7221,domingo,muy_activa,True
3977333714,2016-04-25,11177,8.47999954223633,8.47999954223633,0.0,5.61999988555908,0.430000007152557,2.41000008583069,0.0,50,9,133,781,1570,4.12.16-5.12.16,data/raw/mturkfitbit_export_4.12.16-5.12.16/Fitabase Data 4.12.16-5.12.16/dailyActivity_merged.csv,192,973,0.8027,lunes,muy_activa,True
3977333714,2016-04-26,11388,7.61999988555908,7.61999988555908,0.0,0.449999988079071,4.21999979019165,2.95000004768372,0.0,7,95,170,797,1551,4.12.16-5.12.16,data/raw/mturkfitbit_export_4.12.16-5.12.16/Fitabase Data 4.12.16-5.12.16/dailyActivity_merged.csv,272,1069,0.7456,martes,muy_activa,True
3977333714,2016-04-27,7193,5.03999996185303,5.03999996185303,0.0,0.0,0.419999986886978,4.61999988555908,0.0,0,10,176,714,1377,4.12.16-5.12.16,data/raw/mturkfitbit_export_4.12.16-5.12.16/Fitabase Data 4.12.16-5.12.16/dailyActivity_merged.csv,186,900,0.7933,miércoles,ligera,False
3977333714,2016-04-28,7114,4.88000011444092,4.88000011444092,0.0,1.37000000476837,0.28999999165535,3.22000002861023,0.0,15,8,190,804,1407,4.12.16-5.12.16,data/raw/mturkfitbit_export_4.12.16-5.12.16/Fitabase Data 4.12.16-5.12.16/dailyActivity_merged.csv,213,1017,0.7906,jueves,ligera,False
3977333714,2016-04-29,10645,7.75,7.75,0.0,3.74000000953674,1.29999995231628,2.71000003814697,0.0,36,32,150,744,1545,4.12.16-5.12.16,data/raw/mturkfitbit_export_4.12.16-5.12.16/Fitabase Data 4.12.16-5.12.16/dailyActivity_merged.csv,218,962,0.7734,viernes,muy_activa,True
3977333714,2016-04-30,13238,9.19999980926514,9.19999980926514,0.0,3.69000005722046,2.09999990463257,3.41000008583069,0.0,43,52,194,687,1650,4.12.16-5.12.16,data/raw/mturkfitbit_export_4.12.16-5.12.16/Fitabase Data 4.12.16-5.12.16/dailyActivity_merged.csv,289,976,0.7039,sábado,muy_activa,True
3977333714,2016-05-01,10414,7.07000017166138,7.07000017166138,0.0,2.67000007629395,1.98000001907349,2.41000008583069,0.0,41,40,124,691,1501,4.12.16-5.12.16,data/raw/mturkfitbit_export_4.12.16-5.12.16/Fitabase Data 4.12.16-5.12.16/dailyActivity_merged.csv,205,896,0.7712,domingo,muy_activa,True
3977333714,2016-05-02,16520,11.0500001907349,11.0500001907349,0.0,1.53999996185303,6.48000001907349,3.01999998092651,0.0,24,143,176,713,1760,4.12.16-5.12.16,data/raw/mturkfitbit_export_4.12.16-5.12.16/Fitabase Data 4.12.16-5.12.16/dailyActivity_merged.csv,343,1056,0.6752,lunes,muy_activa,True
3977333714,2016-05-03,14335,9.59000015258789,9.59000015258789,0.0,3.3199999332428,1.74000000953674,4.53000020980835,0.0,47,41,258,594,1710,4.12.16-5.12.16,data/raw/mturkfitbit_export_4.12.16-5.12.16/Fitabase Data 4.12.16-5.12.16/dailyActivity_merged.csv,346,940,0.6319,martes,muy_activa,True
3977333714,2016-05-04,13559,9.4399995803833,9.4399995803833,0.0,1.80999994277954,4.57999992370605,2.89000010490417,0.0,14,96,142,852,1628,4.12.16-5.12.16,data/raw/mturkfitbit_export_4.12.16-5.12.16/Fitabase Data 4.12.16-5.12.16/dailyActivity_merged.csv,252,1104,0.7717,miércoles,muy_activa,True
3977333714,2016-05-05,12312,8.57999992370605,8.57999992370605,0.0,1.75999999046326,4.1100001335144,2.71000003814697,0.0,14,88,178,680,1618,4.12.16-5.12.16,data/raw/mturkfitbit_export_4.12.16-5.12.16/Fitabase Data 4.12.16-5.12.16/dailyActivity_merged.csv,280,960,0.7083,jueves,muy_activa,True
3977333714,2016-05-06,11677,8.27999973297119,8.27999973297119,0.0,3.10999989509583,2.50999999046326,2.67000007629395,0.0,29,55,168,676,1590,4.12.16-5.12.16,data/raw/mturkfitbit_export_4.12.16-5.12.16/Fitabase Data 4.12.16-5.12.16/dailyActivity_merged.csv,252,928,0.7284,viernes,muy_activa,True
3977333714,2016-05-07,11550,7.73000001907349,7.73000001907349,0.0,0.0,4.13000011444092,3.58999991416931,0.0,0,86,208,703,1574,4.12.16-5.12.16,data/raw/mturkfitbit_export_4.12.16-5.12.16/Fitabase Data 4.12.16-5.12.16/dailyActivity_merged.csv,294,997,0.7051,sábado,muy_activa,True
3977333714,2016-05-08,13585,9.09000015258789,9.09000015258789,0.0,0.680000007152557,5.23999977111816,3.17000007629395,0.0,9,116,171,688,1633,4.12.16-5.12.16,data/raw/mturkfitbit_export_4.12.16-5.12.16/Fitabase Data 4.12.16-5.12.16/dailyActivity_merged.csv,296,984,0.6992,domingo,muy_activa,True
3977333714,2016-05-09,14687,10.0799999237061,10.0799999237061,0.0,0.769999980926514,5.59999990463257,3.54999995231628,0.0,8,122,151,1159,1667,4.12.16-5.12.16,data/raw/mturkfitbit_export_4.12.16-5.12.16/Fitabase Data 4.12.16-5.12.16/dailyActivity_merged.csv,281,1440,0.8049,lunes,muy_activa,True
3977333714,2016-05-10,13072,8.77999973297119,8.77999973297119,0.0,0.0700000002980232,5.40000009536743,3.30999994277954,0.0,1,115,196,676,1630,4.12.16-5.12.16,data/raw/mturkfitbit_export_4.12.16-5.12.16/Fitabase Data 4.12.16-5.12.16/dailyActivity_merged.csv,312,988,0.6842,martes,muy_activa,True
3977333714,2016-05-11,746,0.5,0.5,0.0,0.370000004768372,0.0,0.129999995231628,0.0,4,0,9,13,52,4.12.16-5.12.16,data/raw/mturkfitbit_export_4.12.16-5.12.16/Fitabase Data 4.12.16-5.12.16/dailyActivity_merged.csv,13,26,0.5,miércoles,baja,False
4020332650,2016-04-13,0,0.0,0.0,0.0,0.0,0.0,0.0,0.0,0,0,0,1440,1981,4.12.16-5.12.16,data/raw/mturkfitbit_export_4.12.16-5.12.16/Fitabase Data 4.12.16-5.12.16/dailyActivity_merged.csv,0,1440,1.0,miércoles,baja,False
4020332650,2016-04-14,108,0.0799999982118607,0.0799999982118607,0.0,0.0,0.0,0.0299999993294477,0.0,0,0,3,1437,2011,4.12.16-5.12.16,data/raw/mturkfitbit_export_4.12.16-5.12.16/Fitabase Data 4.12.16-5.12.16/dailyActivity_merged.csv,3,1440,0.9979,jueves,baja,False
4020332650,2016-04-15,1882,1.35000002384186,1.35000002384186,0.0,0.209999993443489,0.360000014305115,0.769999980926514,0.0,36,18,87,1299,2951,4.12.16-5.12.16,data/raw/mturkfitbit_export_4.12.16-5.12.16/Fitabase Data 4.12.16-5.12.16/dailyActivity_merged.csv,141,1440,0.9021,viernes,baja,False
4020332650,2016-04-16,1982,1.41999995708466,1.41999995708466,0.0,0.449999988079071,0.370000004768372,0.589999973773956,0.0,65,21,55,1222,3051,4.12.16-5.12.16,data/raw/mturkfitbit_export_4.12.16-5.12.16/Fitabase Data 4.12.16-5.12.16/dailyActivity_merged.csv,141,1363,0.8966,sábado,baja,False
4020332650,2016-04-17,16,0.0099999997764825,0.0099999997764825,0.0,0.0,0.0,0.0099999997764825,0.0,0,0,2,1438,1990,4.12.16-5.12.16,data/raw/mturkfitbit_export_4.12.16-5.12.16/Fitabase Data 4.12.16-5.12.16/dailyActivity_merged.csv,2,1440,0.9986,domingo,baja,False
4020332650,2016-04-18,62,0.0399999991059303,0.0399999991059303,0.0,0.0,0.0,0.0399999991059303,0.0,0,0,2,1438,1995,4.12.16-5.12.16,data/raw/mturkfitbit_export_4.12.16-5.12.16/Fitabase Data 4.12.16-5.12.16/dailyActivity_merged.csv,2,1440,0.9986,lunes,baja,False
4020332650,2016-04-19,0,0.0,0.0,0.0,0.0,0.0,0.0,0.0,0,0,0,1440,1980,4.12.16-5.12.16,data/raw/mturkfitbit_export_4.12.16-5.12.16/Fitabase Data 4.12.16-5.12.16/dailyActivity_merged.csv,0,1440,1.0,martes,baja,False
4020332650,2016-04-20,0,0.0,0.0,0.0,0.0,0.0,0.0,0.0,0,0,0,1440,1980,4.12.16-5.12.16,data/raw/mturkfitbit_export_4.12.16-5.12.16/Fitabase Data 4.12.16-5.12.16/dailyActivity_merged.csv,0,1440,1.0,miércoles,baja,False
4020332650,2016-04-21,0,0.0,0.0,0.0,0.0,0.0,0.0,0.0,0,0,0,1440,1980,4.12.16-5.12.16,data/raw/mturkfitbit_export_4.12.16-5.12.16/Fitabase Data 4.12.16-5.12.16/dailyActivity_merged.csv,0,1440,1.0,jueves,baja,False
4020332650,2016-04-22,0,0.0,0.0,0.0,0.0,0.0,0.0,0.0,0,0,0,1440,1980,4.12.16-5.12.16,data/raw/mturkfitbit_export_4.12.16-5.12.16/Fitabase Data 4.12.16-5.12.16/dailyActivity_merged.csv,0,1440,1.0,viernes,baja,False
4020332650,2016-04-23,0,0.0,0.0,0.0,0.0,0.0,0.0,0.0,0,0,0,1440,1980,4.12.16-5.12.16,data/raw/mturkfitbit_export_4.12.16-5.12.16/Fitabase Data 4.12.16-5.12.16/dailyActivity_merged.csv,0,1440,1.0,sábado,baja,False
4020332650,2016-04-24,0,0.0,0.0,0.0,0.0,0.0,0.0,0.0,0,0,0,1440,1980,4.12.16-5.12.16,data/raw/mturkfitbit_export_4.12.16-5.12.16/Fitabase Data 4.12.16-5.12.16/dailyActivity_merged.csv,0,1440,1.0,domingo,baja,False
4020332650,2016-04-25,0,0.0,0.0,0.0,0.0,0.0,0.0,0.0,0,0,0,1440,1980,4.12.16-5.12.16,data/raw/mturkfitbit_export_4.12.16-5.12.16/Fitabase Data 4.12.16-5.12.16/dailyActivity_merged.csv,0,1440,1.0,lunes,baja,False
4020332650,2016-04-26,0,0.0,0.0,0.0,0.0,0.0,0.0,0.0,0,0,0,1440,1980,4.12.16-5.12.16,data/raw/mturkfitbit_export_4.12.16-5.12.16/Fitabase Data 4.12.16-5.12.16/dailyActivity_merged.csv,0,1440,1.0,martes,baja,False
4020332650,2016-04-27,0,0.0,0.0,0.0,0.0,0.0,0.0,0.0,0,0,0,1440,1980,4.12.16-5.12.16,data/raw/mturkfitbit_export_4.12.16-5.12.16/Fitabase Data 4.12.16-5.12.16/dailyActivity_merged.csv,0,1440,1.0,miércoles,baja,False
4020332650,2016-04-28,0,0.0,0.0,0.0,0.0,0.0,0.0,0.0,0,0,0,1440,1980,4.12.16-5.12.16,data/raw/mturkfitbit_export_4.12.16-5.12.16/Fitabase Data 4.12.16-5.12.16/dailyActivity_merged.csv,0,1440,1.0,jueves,baja,False
4020332650,2016-04-29,0,0.0,0.0,0.0,0.0,0.0,0.0,0.0,0,0,0,1440,1980,4.12.16-5.12.16,data/raw/mturkfitbit_export_4.12.16-5.12.16/Fitabase Data 4.12.16-5.12.16/dailyActivity_merged.csv,0,1440,1.0,viernes,baja,False
4020332650,2016-04-30,0,0.0,0.0,0.0,0.0,0.0,0.0,0.0,0,0,0,1440,1980,4.12.16-5.12.16,data/raw/mturkfitbit_export_4.12.16-5.12.16/Fitabase Data 4.12.16-5.12.16/dailyActivity_merged.csv,0,1440,1.0,sábado,baja,False
4020332650,2016-05-01,0,0.0,0.0,0.0,0.0,0.0,0.0,0.0,0,0,0,1440,1980,4.12.16-5.12.16,data/raw/mturkfitbit_export_4.12.16-5.12.16/Fitabase Data 4.12.16-5.12.16/dailyActivity_merged.csv,0,1440,1.0,domingo,baja,False
4020332650,2016-05-02,475,0.340000003576279,0.340000003576279,0.0,0.0,0.0399999991059303,0.28999999165535,0.0,0,11,31,1350,2207,4.12.16-5.12.16,data/raw/mturkfitbit_export_4.12.16-5.12.16/Fitabase Data 4.12.16-5.12.16/dailyActivity_merged.csv,42,1392,0.9698,lunes,baja,False
4020332650,2016-05-03,4496,3.22000002861023,3.22000002861023,0.0,0.0,0.0,3.15000009536743,0.0500000007450581,0,0,174,950,2828,4.12.16-5.12.16,data/raw/mturkfitbit_export_4.12.16-5.12.16/Fitabase Data 4.12.16-5.12.16/dailyActivity_merged.csv,174,1124,0.8452,martes,baja,False
4020332650,2016-05-04,10252,7.34999990463257,7.34999990463257,0.0,0.670000016689301,1.03999996185303,5.57999992370605,0.0,13,46,346,531,3879,4.12.16-5.12.16,data/raw/mturkfitbit_export_4.12.16-5.12.16/Fitabase Data 4.12.16-5.12.16/dailyActivity_merged.csv,405,936,0.5673,miércoles,muy_activa,True
4020332650,2016-05-05,11728,8.43000030517578,8.43000030517578,0.0,2.61999988555908,1.67999994754791,4.03999996185303,0.0700000002980232,38,42,196,916,3429,4.12.16-5.12.16,data/raw/mturkfitbit_export_4.12.16-5.12.16/Fitabase Data 4.12.16-5.12.16/dailyActivity_merged.csv,276,1192,0.7685,jueves,muy_activa,True
4020332650,2016-05-06,4369,3.13000011444092,3.13000011444092,0.0,0.0,0.0,3.09999990463257,0.0099999997764825,0,0,177,855,2704,4.12.16-5.12.16,data/raw/mturkfitbit_export_4.12.16-5.12.16/Fitabase Data 4.12.16-5.12.16/dailyActivity_merged.csv,177,1032,0.8285,viernes,baja,False
4020332650,2016-05-07,6132,4.40000009536743,4.40000009536743,0.0,0.0,0.0,3.57999992370605,0.0,0,0,184,1256,2975,4.12.16-5.12.16,data/raw/mturkfitbit_export_4.12.16-5.12.16/Fitabase Data 4.12.16-5.12.16/dailyActivity_merged.csv,184,1440,0.8722,sábado,ligera,False
4020332650,2016-05-08,5862,4.19999980926514,4.19999980926514,0.0,0.0,0.0,4.15000009536743,0.0,0,0,263,775,3089,4.12.16-5.12.16,data/raw/mturkfitbit_export_4.12.16-5.12.16/Fitabase Data 4.12.16-5.12.16/dailyActivity_merged.csv,263,1038,0.7466,domingo,ligera,False
4020332650,2016-05-09,4556,3.26999998092651,3.26999998092651,0.0,0.200000002980232,0.119999997317791,2.94000005722046,0.0,3,5,173,1225,2785,4.12.16-5.12.16,data/raw/mturkfitbit_export_4.12.16-5.12.16/Fitabase Data 4.12.16-5.12.16/dailyActivity_merged.csv,181,1406,0.8713,lunes,baja,False
4020332650,2016-05-10,5546,3.98000001907349,3.98000001907349,0.0,0.0,0.0,3.86999988555908,0.0399999991059303,0,0,206,774,2926,4.12.16-5.12.16,data/raw/mturkfitbit_export_4.12.16-5.12.16/Fitabase Data 4.12.16-5.12.16/dailyActivity_merged.csv,206,980,0.7898,martes,ligera,False
4020332650,2016-05-11,3689,2.65000009536743,2.65000009536743,0.0,0.109999999403954,0.170000001788139,2.32999992370605,0.0,2,8,134,1296,2645,4.12.16-5.12.16,data/raw/mturkfitbit_export_4.12.16-5.12.16/Fitabase Data 4.12.16-5.12.16/dailyActivity_merged.csv,144,1440,0.9,miércoles,baja,False
4020332650,2016-05-12,590,0.419999986886978,0.419999986886978,0.0,0.0,0.0,0.409999996423721,0.0,0,0,21,721,1120,4.12.16-5.12.16,data/raw/mturkfitbit_export_4.12.16-5.12.16/Fitabase Data 4.12.16-5.12.16/dailyActivity_merged.csv,21,742,0.9717,jueves,baja,False
4057192912,2016-04-13,5974,4.46999979019165,4.46999979019165,0.0,0.0,0.0,4.36999988555908,0.0,0,0,160,1280,2306,4.12.16-5.12.16,data/raw/mturkfitbit_export_4.12.16-5.12.16/Fitabase Data 4.12.16-5.12.16/dailyActivity_merged.csv,160,1440,0.8889,miércoles,ligera,False
4057192912,2016-04-14,0,0.0,0.0,0.0,0.0,0.0,0.0,0.0,0,0,0,1440,1776,4.12.16-5.12.16,data/raw/mturkfitbit_export_4.12.16-5.12.16/Fitabase Data 4.12.16-5.12.16/dailyActivity_merged.csv,0,1440,1.0,jueves,baja,False
4057192912,2016-04-15,3984,2.95000004768372,2.95000004768372,0.0,0.209999993443489,0.259999990463257,2.44000005722046,0.0,3,6,88,873,1527,4.12.16-5.12.16,data/raw/mturkfitbit_export_4.12.16-5.12.16/Fitabase Data 4.12.16-5.12.16/dailyActivity_merged.csv,97,970,0.9,viernes,baja,False
4319703577,2016-04-12,7753,5.19999980926514,5.19999980926514,0.0,0.0,0.0,0.0,0.0,0,0,0,1440,2115,4.12.16-5.12.16,data/raw/mturkfitbit_export_4.12.16-5.12.16/Fitabase Data 4.12.16-5.12.16/dailyActivity_merged.csv,0,1440,1.0,martes,activa,False
4319703577,2016-04-13,8204,5.5,5.5,0.0,0.529999971389771,0.589999973773956,1.30999994277954,0.0,8,15,96,1234,2135,4.12.16-5.12.16,data/raw/mturkfitbit_export_4.12.16-5.12.16/Fitabase Data 4.12.16-5.12.16/dailyActivity_merged.csv,119,1353,0.912,miércoles,activa,False
4319703577,2016-04-14,10210,6.88000011444092,6.88000011444092,0.0,0.109999999403954,0.330000013113022,6.44000005722046,0.0,1,9,339,589,2302,4.12.16-5.12.16,data/raw/mturkfitbit_export_4.12.16-5.12.16/Fitabase Data 4.12.16-5.12.16/dailyActivity_merged.csv,349,938,0.6279,jueves,muy_activa,True
4319703577,2016-04-15,5664,3.79999995231628,3.79999995231628,0.0,0.0,0.0,3.79999995231628,0.0,0,0,228,752,1985,4.12.16-5.12.16,data/raw/mturkfitbit_export_4.12.16-5.12.16/Fitabase Data 4.12.16-5.12.16/dailyActivity_merged.csv,228,980,0.7673,viernes,ligera,False
4319703577,2016-04-16,4744,3.1800000667572,3.1800000667572,0.0,0.0,0.0,3.1800000667572,0.0,0,0,194,724,1884,4.12.16-5.12.16,data/raw/mturkfitbit_export_4.12.16-5.12.16/Fitabase Data 4.12.16-5.12.16/dailyActivity_merged.csv,194,918,0.7887,sábado,baja,False
4319703577,2016-04-17,29,0.0199999995529652,0.0199999995529652,0.0,0.0,0.0,0.0199999995529652,0.0,0,0,3,1363,1464,4.12.16-5.12.16,data/raw/mturkfitbit_export_4.12.16-5.12.16/Fitabase Data 4.12.16-5.12.16/dailyActivity_merged.csv,3,1366,0.9978,domingo,baja,False
4319703577,2016-04-18,2276,1.54999995231628,1.54999995231628,0.0,0.0700000002980232,0.330000013113022,1.12000000476837,0.0,1,9,58,824,1632,4.12.16-5.12.16,data/raw/mturkfitbit_export_4.12.16-5.12.16/Fitabase Data 4.12.16-5.12.16/dailyActivity_merged.csv,68,892,0.9238,lunes,baja,False
4319703577,2016-04-19,8925,5.98999977111816,5.98999977111816,0.0,0.0,0.0,5.98999977111816,0.0,0,0,311,604,2200,4.12.16-5.12.16,data/raw/mturkfitbit_export_4.12.16-5.12.16/Fitabase Data 4.12.16-5.12.16/dailyActivity_merged.csv,311,915,0.6601,martes,activa,False
4319703577,2016-04-20,8954,6.01000022888184,6.01000022888184,0.0,0.0,0.680000007152557,5.30999994277954,0.0,0,18,306,671,2220,4.12.16-5.12.16,data/raw/mturkfitbit_export_4.12.16-5.12.16/Fitabase Data 4.12.16-5.12.16/dailyActivity_merged.csv,324,995,0.6744,miércoles,activa,False
4319703577,2016-04-21,3702,2.48000001907349,2.48000001907349,0.0,0.0,0.0,0.349999994039536,0.0,0,0,34,1265,1792,4.12.16-5.12.16,data/raw/mturkfitbit_export_4.12.16-5.12.16/Fitabase Data 4.12.16-5.12.16/dailyActivity_merged.csv,34,1299,0.9738,jueves,baja,False
4319703577,2016-04-22,4500,3.01999998092651,3.01999998092651,0.0,0.0599999986588955,0.810000002384186,2.15000009536743,0.0,1,19,176,709,1886,4.12.16-5.12.16,data/raw/mturkfitbit_export_4.12.16-5.12.16/Fitabase Data 4.12.16-5.12.16/dailyActivity_merged.csv,196,905,0.7834,viernes,baja,False
4319703577,2016-04-23,4935,3.30999994277954,3.30999994277954,0.0,0.0,0.0,3.30999994277954,0.0,0,0,233,546,1945,4.12.16-5.12.16,data/raw/mturkfitbit_export_4.12.16-5.12.16/Fitabase Data 4.12.16-5.12.16/dailyActivity_merged.csv,233,779,0.7009,sábado,baja,False
4319703577,2016-04-24,4081,2.74000000953674,2.74000000953674,0.0,0.0599999986588955,0.200000002980232,2.47000002861023,0.0,1,5,191,692,1880,4.12.16-5.12.16,data/raw/mturkfitbit_export_4.12.16-5.12.16/Fitabase Data 4.12.16-5.12.16/dailyActivity_merged.csv,197,889,0.7784,domingo,baja,False
4319703577,2016-04-25,9259,6.21000003814697,6.21000003814697,0.0,0.0,0.280000001192093,5.92999982833862,0.0,0,8,390,544,2314,4.12.16-5.12.16,data/raw/mturkfitbit_export_4.12.16-5.12.16/Fitabase Data 4.12.16-5.12.16/dailyActivity_merged.csv,398,942,0.5775,lunes,activa,False
4319703577,2016-04-26,9899,6.6399998664856,6.6399998664856,0.0,0.569999992847443,0.920000016689301,5.15000009536743,0.0,8,21,288,649,2236,4.12.16-5.12.16,data/raw/mturkfitbit_export_4.12.16-5.12.16/Fitabase Data 4.12.16-5.12.16/dailyActivity_merged.csv,317,966,0.6718,martes,activa,False
4319703577,2016-04-27,10780,7.23000001907349,7.23000001907349,0.0,0.409999996423721,1.91999995708466,4.90999984741211,0.0,6,47,300,680,2324,4.12.16-5.12.16,data/raw/mturkfitbit_export_4.12.16-5.12.16/Fitabase Data 4.12.16-5.12.16/dailyActivity_merged.csv,353,1033,0.6583,miércoles,muy_activa,True
4319703577,2016-04-28,10817,7.28000020980835,7.28000020980835,0.0,1.00999999046326,0.330000013113022,5.94000005722046,0.0,13,8,359,552,2367,4.12.16-5.12.16,data/raw/mturkfitbit_export_4.12.16-5.12.16/Fitabase Data 4.12.16-5.12.16/dailyActivity_merged.csv,380,932,0.5923,jueves,muy_activa,True
4319703577,2016-04-29,7990,5.3600001335144,5.3600001335144,0.0,0.449999988079071,0.790000021457672,4.11999988555908,0.0,6,18,289,624,2175,4.12.16-5.12.16,data/raw/mturkfitbit_export_4.12.16-5.12.16/Fitabase Data 4.12.16-5.12.16/dailyActivity_merged.csv,313,937,0.666,viernes,activa,False
4319703577,2016-04-30,8221,5.51999998092651,5.51999998092651,0.0,0.400000005960464,1.61000001430511,3.50999999046326,0.0,6,38,196,695,2092,4.12.16-5.12.16,data/raw/mturkfitbit_export_4.12.16-5.12.16/Fitabase Data 4.12.16-5.12.16/dailyActivity_merged.csv,240,935,0.7433,sábado,activa,False
4319703577,2016-05-01,1251,0.839999973773956,0.839999973773956,0.0,0.0,0.0,0.839999973773956,0.0,0,0,67,836,1593,4.12.16-5.12.16,data/raw/mturkfitbit_export_4.12.16-5.12.16/Fitabase Data 4.12.16-5.12.16/dailyActivity_merged.csv,67,903,0.9258,domingo,baja,False
4319703577,2016-05-02,9261,6.23999977111816,6.23999977111816,0.0,0.0,0.439999997615814,5.71000003814697,0.0,0,11,344,585,2270,4.12.16-5.12.16,data/raw/mturkfitbit_export_4.12.16-5.12.16/Fitabase Data 4.12.16-5.12.16/dailyActivity_merged.csv,355,940,0.6223,lunes,activa,False
4319703577,2016-05-03,9648,6.46999979019165,6.46999979019165,0.0,0.579999983310699,1.07000005245209,4.82999992370605,0.0,8,26,287,669,2235,4.12.16-5.12.16,data/raw/mturkfitbit_export_4.12.16-5.12.16/Fitabase Data 4.12.16-5.12.16/dailyActivity_merged.csv,321,990,0.6758,martes,activa,False
4319703577,2016-05-04,10429,7.01999998092651,7.01999998092651,0.0,0.589999973773956,0.579999983310699,5.84999990463257,0.0,8,13,313,1106,2282,4.12.16-5.12.16,data/raw/mturkfitbit_export_4.12.16-5.12.16/Fitabase Data 4.12.16-5.12.16/dailyActivity_merged.csv,334,1440,0.7681,miércoles,muy_activa,True
4319703577,2016-05-05,13658,9.48999977111816,9.48999977111816,0.0,2.63000011444092,1.4099999666214,5.44999980926514,0.0,27,34,328,957,2530,4.12.16-5.12.16,data/raw/mturkfitbit_export_4.12.16-5.12.16/Fitabase Data 4.12.16-5.12.16/dailyActivity_merged.csv,389,1346,0.711,jueves,muy_activa,True
4319703577,2016-05-06,9524,6.42000007629395,6.42000007629395,0.0,0.409999996423721,0.469999998807907,5.46000003814697,0.0,6,11,314,692,2266,4.12.16-5.12.16,data/raw/mturkfitbit_export_4.12.16-5.12.16/Fitabase Data 4.12.16-5.12.16/dailyActivity_merged.csv,331,1023,0.6764,viernes,activa,False
4319703577,2016-05-07,7937,5.32999992370605,5.32999992370605,0.0,0.189999997615814,1.04999995231628,4.07999992370605,0.0,3,28,279,586,2158,4.12.16-5.12.16,data/raw/mturkfitbit_export_4.12.16-5.12.16/Fitabase Data 4.12.16-5.12.16/dailyActivity_merged.csv,310,896,0.654,sábado,activa,False
4319703577,2016-05-08,3672,2.46000003814697,2.46000003814697,0.0,0.0,0.0,2.46000003814697,0.0,0,0,153,603,1792,4.12.16-5.12.16,data/raw/mturkfitbit_export_4.12.16-5.12.16/Fitabase Data 4.12.16-5.12.16/dailyActivity_merged.csv,153,756,0.7976,domingo,baja,False
4319703577,2016-05-09,10378,6.96000003814697,6.96000003814697,0.0,0.140000000596046,0.560000002384186,6.25,0.0,2,14,374,490,2345,4.12.16-5.12.16,data/raw/mturkfitbit_export_4.12.16-5.12.16/Fitabase Data 4.12.16-5.12.16/dailyActivity_merged.csv,390,880,0.5568,lunes,muy_activa,True
4319703577,2016-05-10,9487,6.36999988555908,6.36999988555908,0.0,0.209999993443489,0.46000000834465,5.69999980926514,0.0,3,12,329,555,2260,4.12.16-5.12.16,data/raw/mturkfitbit_export_4.12.16-5.12.16/Fitabase Data 4.12.16-5.12.16/dailyActivity_merged.csv,344,899,0.6174,martes,activa,False
4319703577,2016-05-11,9129,6.13000011444092,6.13000011444092,0.0,0.200000002980232,0.740000009536743,5.17999982833862,0.0,3,18,311,574,2232,4.12.16-5.12.16,data/raw/mturkfitbit_export_4.12.16-5.12.16/Fitabase Data 4.12.16-5.12.16/dailyActivity_merged.csv,332,906,0.6336,miércoles,activa,False
4319703577,2016-05-12,17,0.0099999997764825,0.0099999997764825,0.0,0.0,0.0,0.0099999997764825,0.0,0,0,2,0,257,4.12.16-5.12.16,data/raw/mturkfitbit_export_4.12.16-5.12.16/Fitabase Data 4.12.16-5.12.16/dailyActivity_merged.csv,2,2,0.0,jueves,baja,False
4388161847,2016-04-12,10122,7.78000020980835,7.78000020980835,0.0,0.0,0.0,0.0,0.0,0,0,0,1440,2955,4.12.16-5.12.16,data/raw/mturkfitbit_export_4.12.16-5.12.16/Fitabase Data 4.12.16-5.12.16/dailyActivity_merged.csv,0,1440,1.0,martes,muy_activa,True
4388161847,2016-04-13,10993,8.44999980926514,8.44999980926514,0.0,0.0599999986588955,0.629999995231628,3.88000011444092,0.0,1,14,150,1275,3092,4.12.16-5.12.16,data/raw/mturkfitbit_export_4.12.16-5.12.16/Fitabase Data 4.12.16-5.12.16/dailyActivity_merged.csv,165,1440,0.8854,miércoles,muy_activa,True
4388161847,2016-04-14,8863,6.82000017166138,6.82000017166138,0.0,0.129999995231628,1.07000005245209,5.61999988555908,0.0,10,35,219,945,2998,4.12.16-5.12.16,data/raw/mturkfitbit_export_4.12.16-5.12.16/Fitabase Data 4.12.16-5.12.16/dailyActivity_merged.csv,264,1209,0.7816,jueves,activa,False
4388161847,2016-04-15,8758,6.73000001907349,6.73000001907349,0.0,0.0,0.0,6.73000001907349,0.0,0,0,299,837,3066,4.12.16-5.12.16,data/raw/mturkfitbit_export_4.12.16-5.12.16/Fitabase Data 4.12.16-5.12.16/dailyActivity_merged.csv,299,1136,0.7368,viernes,activa,False
4388161847,2016-04-16,6580,5.05999994277954,5.05999994277954,0.0,0.209999993443489,0.400000005960464,4.44999980926514,0.0,6,9,253,609,3073,4.12.16-5.12.16,data/raw/mturkfitbit_export_4.12.16-5.12.16/Fitabase Data 4.12.16-5.12.16/dailyActivity_merged.csv,268,877,0.6944,sábado,ligera,False
4388161847,2016-04-17,4660,3.57999992370605,3.57999992370605,0.0,0.0,0.0,3.57999992370605,0.0,0,0,201,721,2572,4.12.16-5.12.16,data/raw/mturkfitbit_export_4.12.16-5.12.16/Fitabase Data 4.12.16-5.12.16/dailyActivity_merged.csv,201,922,0.782,domingo,baja,False
4388161847,2016-04-18,11009,9.10000038146973,9.10000038146973,0.0,3.55999994277954,0.400000005960464,5.1399998664856,0.0,27,8,239,1017,3274,4.12.16-5.12.16,data/raw/mturkfitbit_export_4.12.16-5.12.16/Fitabase Data 4.12.16-5.12.16/dailyActivity_merged.csv,274,1291,0.7878,lunes,muy_activa,True
4388161847,2016-04-19,10181,7.82999992370605,7.82999992370605,0.0,1.37000000476837,0.689999997615814,5.76999998092651,0.0,20,16,249,704,3015,4.12.16-5.12.16,data/raw/mturkfitbit_export_4.12.16-5.12.16/Fitabase Data 4.12.16-5.12.16/dailyActivity_merged.csv,285,989,0.7118,martes,muy_activa,True
4388161847,2016-04-20,10553,8.11999988555908,8.11999988555908,0.0,1.10000002384186,1.72000002861023,5.28999996185303,0.0,19,42,228,696,3083,4.12.16-5.12.16,data/raw/mturkfitbit_export_4.12.16-5.12.16/Fitabase Data 4.12.16-5.12.16/dailyActivity_merged.csv,289,985,0.7066,miércoles,muy_activa,True
4388161847,2016-04-21,10055,7.73000001907349,7.73000001907349,0.0,0.370000004768372,0.389999985694885,6.98000001907349,0.0,7,12,272,853,3069,4.12.16-5.12.16,data/raw/mturkfitbit_export_4.12.16-5.12.16/Fitabase Data 4.12.16-5.12.16/dailyActivity_merged.csv,291,1144,0.7456,jueves,muy_activa,True
4388161847,2016-04-22,12139,9.34000015258789,9.34000015258789,0.0,3.29999995231628,1.11000001430511,4.92000007629395,0.0,77,25,220,945,3544,4.12.16-5.12.16,data/raw/mturkfitbit_export_4.12.16-5.12.16/Fitabase Data 4.12.16-5.12.16/dailyActivity_merged.csv,322,1267,0.7459,viernes,muy_activa,True
4388161847,2016-04-23,13236,10.1800003051758,10.1800003051758,0.0,4.5,0.319999992847443,5.34999990463257,0.0,58,5,215,749,3306,4.12.16-5.12.16,data/raw/mturkfitbit_export_4.12.16-5.12.16/Fitabase Data 4.12.16-5.12.16/dailyActivity_merged.csv,278,1027,0.7293,sábado,muy_activa,True
4388161847,2016-04-24,10243,7.88000011444092,7.88000011444092,0.0,1.08000004291534,0.509999990463257,6.30000019073486,0.0,14,8,239,584,2885,4.12.16-5.12.16,data/raw/mturkfitbit_export_4.12.16-5.12.16/Fitabase Data 4.12.16-5.12.16/dailyActivity_merged.csv,261,845,0.6911,domingo,muy_activa,True
4388161847,2016-04-25,12961,9.97000026702881,9.97000026702881,0.0,0.730000019073486,1.39999997615814,7.84000015258789,0.0,11,31,301,1054,3288,4.12.16-5.12.16,data/raw/mturkfitbit_export_4.12.16-5.12.16/Fitabase Data 4.12.16-5.12.16/dailyActivity_merged.csv,343,1397,0.7545,lunes,muy_activa,True
4388161847,2016-04-26,9461,7.28000020980835,7.28000020980835,0.0,0.939999997615814,1.05999994277954,5.26999998092651,0.0,14,23,224,673,2929,4.12.16-5.12.16,data/raw/mturkfitbit_export_4.12.16-5.12.16/Fitabase Data 4.12.16-5.12.16/dailyActivity_merged.csv,261,934,0.7206,martes,activa,False
4388161847,2016-04-27,11193,8.60999965667725,8.60999965667725,0.0,0.699999988079071,2.50999999046326,5.3899998664856,0.0,11,48,241,684,3074,4.12.16-5.12.16,data/raw/mturkfitbit_export_4.12.16-5.12.16/Fitabase Data 4.12.16-5.12.16/dailyActivity_merged.csv,300,984,0.6951,miércoles,muy_activa,True
4388161847,2016-04-28,10074,7.75,7.75,0.0,1.28999996185303,0.430000007152557,6.03000020980835,0.0,19,9,234,878,2969,4.12.16-5.12.16,data/raw/mturkfitbit_export_4.12.16-5.12.16/Fitabase Data 4.12.16-5.12.16/dailyActivity_merged.csv,262,1140,0.7702,jueves,muy_activa,True
4388161847,2016-04-29,9232,7.09999990463257,7.09999990463257,0.0,0.800000011920929,0.889999985694885,5.42000007629395,0.0,13,16,236,1175,2979,4.12.16-5.12.16,data/raw/mturkfitbit_export_4.12.16-5.12.16/Fitabase Data 4.12.16-5.12.16/dailyActivity_merged.csv,265,1440,0.816,viernes,activa,False
4388161847,2016-04-30,12533,9.64000034332275,9.64000034332275,0.0,0.699999988079071,2.0,6.94000005722046,0.0,14,43,300,537,3283,4.12.16-5.12.16,data/raw/mturkfitbit_export_4.12.16-5.12.16/Fitabase Data 4.12.16-5.12.16/dailyActivity_merged.csv,357,894,0.6007,sábado,muy_activa,True
4388161847,2016-05-01,10255,7.8899998664856,7.8899998664856,0.0,1.00999999046326,0.680000007152557,6.19999980926514,0.0,12,15,241,579,2926,4.12.16-5.12.16,data/raw/mturkfitbit_export_4.12.16-5.12.16/Fitabase Data 4.12.16-5.12.16/dailyActivity_merged.csv,268,847,0.6836,domingo,muy_activa,True
4388161847,2016-05-02,10096,8.39999961853027,8.39999961853027,0.0,3.76999998092651,0.0799999982118607,4.55000019073486,0.0,33,4,204,935,3147,4.12.16-5.12.16,data/raw/mturkfitbit_export_4.12.16-5.12.16/Fitabase Data 4.12.16-5.12.16/dailyActivity_merged.csv,241,1176,0.7951,lunes,muy_activa,True
4388161847,2016-05-03,12727,9.78999996185303,9.78999996185303,0.0,1.12999999523163,0.779999971389771,7.88000011444092,0.0,18,18,306,984,3290,4.12.16-5.12.16,data/raw/mturkfitbit_export_4.12.16-5.12.16/Fitabase Data 4.12.16-5.12.16/dailyActivity_merged.csv,342,1326,0.7421,martes,muy_activa,True
4388161847,2016-05-04,12375,9.52000045776367,9.52000045776367,0.0,2.78999996185303,0.930000007152557,5.80000019073486,0.0,35,21,251,632,3162,4.12.16-5.12.16,data/raw/mturkfitbit_export_4.12.16-5.12.16/Fitabase Data 4.12.16-5.12.16/dailyActivity_merged.csv,307,939,0.6731,miércoles,muy_activa,True
4388161847,2016-05-05,9603,7.38000011444092,7.38000011444092,0.0,0.629999995231628,1.66999995708466,5.09000015258789,0.0,12,39,199,896,2899,4.12.16-5.12.16,data/raw/mturkfitbit_export_4.12.16-5.12.16/Fitabase Data 4.12.16-5.12.16/dailyActivity_merged.csv,250,1146,0.7818,jueves,activa,False
4388161847,2016-05-06,13175,10.1300001144409,10.1300001144409,0.0,2.10999989509583,2.08999991416931,5.92999982833862,0.0,33,45,262,1100,3425,4.12.16-5.12.16,data/raw/mturkfitbit_export_4.12.16-5.12.16/Fitabase Data 4.12.16-5.12.16/dailyActivity_merged.csv,340,1440,0.7639,viernes,muy_activa,True
4388161847,2016-05-07,22770,17.5400009155273,17.5400009155273,0.0,9.44999980926514,2.76999998092651,5.32999992370605,0.0,120,56,260,508,4022,4.12.16-5.12.16,data/raw/mturkfitbit_export_4.12.16-5.12.16/Fitabase Data 4.12.16-5.12.16/dailyActivity_merged.csv,436,944,0.5381,sábado,muy_activa,True
4388161847,2016-05-08,17298,14.3800001144409,14.3800001144409,0.0,9.89000034332275,1.25999999046326,3.23000001907349,0.0,107,38,178,576,3934,4.12.16-5.12.16,data/raw/mturkfitbit_export_4.12.16-5.12.16/Fitabase Data 4.12.16-5.12.16/dailyActivity_merged.csv,323,899,0.6407,domingo,muy_activa,True
4388161847,2016-05-09,10218,7.8600001335144,7.8600001335144,0.0,0.340000003576279,0.730000019073486,6.78999996185303,0.0,6,19,258,1020,3013,4.12.16-5.12.16,data/raw/mturkfitbit_export_4.12.16-5.12.16/Fitabase Data 4.12.16-5.12.16/dailyActivity_merged.csv,283,1303,0.7828,lunes,muy_activa,True
4388161847,2016-05-10,10299,7.92000007629395,7.92000007629395,0.0,0.810000002384186,0.649999976158142,6.46000003814697,0.0,13,14,267,648,3061,4.12.16-5.12.16,data/raw/mturkfitbit_export_4.12.16-5.12.16/Fitabase Data 4.12.16-5.12.16/dailyActivity_merged.csv,294,942,0.6879,martes,muy_activa,True
4388161847,2016-05-11,10201,7.84000015258789,7.84000015258789,0.0,0.529999971389771,0.790000021457672,6.53000020980835,0.0,8,18,256,858,2954,4.12.16-5.12.16,data/raw/mturkfitbit_export_4.12.16-5.12.16/Fitabase Data 4.12.16-5.12.16/dailyActivity_merged.csv,282,1140,0.7526,miércoles,muy_activa,True
4388161847,2016-05-12,3369,2.58999991416931,2.58999991416931,0.0,0.0,0.0,2.58999991416931,0.0,0,0,108,825,1623,4.12.16-5.12.16,data/raw/mturkfitbit_export_4.12.16-5.12.16/Fitabase Data 4.12.16-5.12.16/dailyActivity_merged.csv,108,933,0.8842,jueves,baja,False
4445114986,2016-04-13,2961,1.99000000953674,1.99000000953674,0.0,0.0,0.0,1.99000000953674,0.0,0,0,194,840,2095,4.12.16-5.12.16,data/raw/mturkfitbit_export_4.12.16-5.12.16/Fitabase Data 4.12.16-5.12.16/dailyActivity_merged.csv,194,1034,0.8124,miércoles,baja,False
4445114986,2016-04-14,3974,2.67000007629395,2.67000007629395,0.0,0.0,0.0,2.67000007629395,0.0,0,0,231,717,2194,4.12.16-5.12.16,data/raw/mturkfitbit_export_4.12.16-5.12.16/Fitabase Data 4.12.16-5.12.16/dailyActivity_merged.csv,231,948,0.7563,jueves,baja,False
4445114986,2016-04-15,7198,4.82999992370605,4.82999992370605,0.0,0.0,0.0,4.82999992370605,0.0,0,0,350,711,2496,4.12.16-5.12.16,data/raw/mturkfitbit_export_4.12.16-5.12.16/Fitabase Data 4.12.16-5.12.16/dailyActivity_merged.csv,350,1061,0.6701,viernes,ligera,False
4445114986,2016-04-16,3945,2.65000009536743,2.65000009536743,0.0,0.0,0.0,2.65000009536743,0.0,0,0,225,716,2180,4.12.16-5.12.16,data/raw/mturkfitbit_export_4.12.16-5.12.16/Fitabase Data 4.12.16-5.12.16/dailyActivity_merged.csv,225,941,0.7609,sábado,baja,False
4445114986,2016-04-17,2268,1.51999998092651,1.51999998092651,0.0,0.0,0.0,1.51999998092651,0.0,0,0,114,1219,1933,4.12.16-5.12.16,data/raw/mturkfitbit_export_4.12.16-5.12.16/Fitabase Data 4.12.16-5.12.16/dailyActivity_merged.csv,114,1333,0.9145,domingo,baja,False
4445114986,2016-04-18,6155,4.23999977111816,4.23999977111816,0.0,2.0,0.28999999165535,1.95000004768372,0.0,25,6,162,1247,2248,4.12.16-5.12.16,data/raw/mturkfitbit_export_4.12.16-5.12.16/Fitabase Data 4.12.16-5.12.16/dailyActivity_merged.csv,193,1440,0.866,lunes,ligera,False
4445114986,2016-04-19,2064,1.38999998569489,1.38999998569489,0.0,0.0,0.0,1.38999998569489,0.0,0,0,121,895,1954,4.12.16-5.12.16,data/raw/mturkfitbit_export_4.12.16-5.12.16/Fitabase Data 4.12.16-5.12.16/dailyActivity_merged.csv,121,1016,0.8809,martes,baja,False
4445114986,2016-04-20,2072,1.38999998569489,1.38999998569489,0.0,0.0,0.0,1.38999998569489,0.0,0,0,137,841,1974,4.12.16-5.12.16,data/raw/mturkfitbit_export_4.12.16-5.12.16/Fitabase Data 4.12.16-5.12.16/dailyActivity_merged.csv,137,978,0.8599,miércoles,baja,False
4445114986,2016-04-21,3809,2.55999994277954,2.55999994277954,0.0,0.0,0.0,2.53999996185303,0.0,0,0,215,756,2150,4.12.16-5.12.16,data/raw/mturkfitbit_export_4.12.16-5.12.16/Fitabase Data 4.12.16-5.12.16/dailyActivity_merged.csv,215,971,0.7786,jueves,baja,False
4445114986,2016-04-22,6831,4.57999992370605,4.57999992370605,0.0,0.0,0.0,4.57999992370605,0.0,0,0,317,706,2432,4.12.16-5.12.16,data/raw/mturkfitbit_export_4.12.16-5.12.16/Fitabase Data 4.12.16-5.12.16/dailyActivity_merged.csv,317,1023,0.6901,viernes,ligera,False
4445114986,2016-04-23,4363,2.9300000667572,2.9300000667572,0.0,0.0,0.0,2.9300000667572,0.0,0,0,201,1239,2149,4.12.16-5.12.16,data/raw/mturkfitbit_export_4.12.16-5.12.16/Fitabase Data 4.12.16-5.12.16/dailyActivity_merged.csv,201,1440,0.8604,sábado,baja,False
4445114986,2016-04-24,5002,3.35999989509583,3.35999989509583,0.0,0.0,0.0,3.35999989509583,0.0,0,0,244,1196,2247,4.12.16-5.12.16,data/raw/mturkfitbit_export_4.12.16-5.12.16/Fitabase Data 4.12.16-5.12.16/dailyActivity_merged.csv,244,1440,0.8306,domingo,ligera,False
4445114986,2016-04-25,3385,2.26999998092651,2.26999998092651,0.0,0.0,0.0,2.26999998092651,0.0,0,0,179,916,2070,4.12.16-5.12.16,data/raw/mturkfitbit_export_4.12.16-5.12.16/Fitabase Data 4.12.16-5.12.16/dailyActivity_merged.csv,179,1095,0.8365,lunes,baja,False
4445114986,2016-04-26,6326,4.40999984741211,4.40999984741211,0.0,2.41000008583069,0.0399999991059303,1.96000003814697,0.0,29,1,180,839,2291,4.12.16-5.12.16,data/raw/mturkfitbit_export_4.12.16-5.12.16/Fitabase Data 4.12.16-5.12.16/dailyActivity_merged.csv,210,1049,0.7998,martes,ligera,False
4445114986,2016-04-27,7243,5.03000020980835,5.03000020980835,0.0,2.61999988555908,0.0299999993294477,2.38000011444092,0.0,32,1,194,839,2361,4.12.16-5.12.16,data/raw/mturkfitbit_export_4.12.16-5.12.16/Fitabase Data 4.12.16-5.12.16/dailyActivity_merged.csv,227,1066,0.7871,miércoles,ligera,False
4445114986,2016-04-28,4493,3.00999999046326,3.00999999046326,0.0,0.0,0.0,3.00999999046326,0.0,0,0,236,762,2203,4.12.16-5.12.16,data/raw/mturkfitbit_export_4.12.16-5.12.16/Fitabase Data 4.12.16-5.12.16/dailyActivity_merged.csv,236,998,0.7635,jueves,baja,False
4445114986,2016-04-29,4676,3.14000010490417,3.14000010490417,0.0,0.0,0.0,3.13000011444092,0.0,0,0,226,1106,2196,4.12.16-5.12.16,data/raw/mturkfitbit_export_4.12.16-5.12.16/Fitabase Data 4.12.16-5.12.16/dailyActivity_merged.csv,226,1332,0.8303,viernes,baja,False
4445114986,2016-04-30,6222,4.17999982833862,4.17999982833862,0.0,0.0,0.0,4.17999982833862,0.0,0,0,290,797,2363,4.12.16-5.12.16,data/raw/mturkfitbit_export_4.12.16-5.12.16/Fitabase Data 4.12.16-5.12.16/dailyActivity_merged.csv,290,1087,0.7332,sábado,ligera,False
4445114986,2016-05-01,5232,3.50999999046326,3.50999999046326,0.0,0.0,0.0,3.50999999046326,0.0,0,0,240,741,2246,4.12.16-5.12.16,data/raw/mturkfitbit_export_4.12.16-5.12.16/Fitabase Data 4.12.16-5.12.16/dailyActivity_merged.csv,240,981,0.7554,domingo,ligera,False
4445114986,2016-05-02,6910,4.75,4.75,0.0,2.21000003814697,0.189999997615814,2.34999990463257,0.0,27,4,200,667,2336,4.12.16-5.12.16,data/raw/mturkfitbit_export_4.12.16-5.12.16/Fitabase Data 4.12.16-5.12.16/dailyActivity_merged.csv,231,898,0.7428,lunes,ligera,False
4445114986,2016-05-03,7502,5.17999982833862,5.17999982833862,0.0,2.48000001907349,0.109999999403954,2.57999992370605,0.0,30,2,233,725,2421,4.12.16-5.12.16,data/raw/mturkfitbit_export_4.12.16-5.12.16/Fitabase Data 4.12.16-5.12.16/dailyActivity_merged.csv,265,990,0.7323,martes,activa,False
4445114986,2016-05-04,2923,1.96000003814697,1.96000003814697,0.0,0.0,0.0,1.96000003814697,0.0,0,0,180,897,2070,4.12.16-5.12.16,data/raw/mturkfitbit_export_4.12.16-5.12.16/Fitabase Data 4.12.16-5.12.16/dailyActivity_merged.csv,180,1077,0.8329,miércoles,baja,False
4445114986,2016-05-05,3800,2.54999995231628,2.54999995231628,0.0,0.119999997317791,0.239999994635582,2.1800000667572,0.0,2,6,185,734,2120,4.12.16-5.12.16,data/raw/mturkfitbit_export_4.12.16-5.12.16/Fitabase Data 4.12.16-5.12.16/dailyActivity_merged.csv,193,927,0.7918,jueves,baja,False
4445114986,2016-05-06,4514,3.02999997138977,3.02999997138977,0.0,0.0,0.0,3.02999997138977,0.0,0,0,229,809,2211,4.12.16-5.12.16,data/raw/mturkfitbit_export_4.12.16-5.12.16/Fitabase Data 4.12.16-5.12.16/dailyActivity_merged.csv,229,1038,0.7794,viernes,baja,False
4445114986,2016-05-07,5183,3.58999991416931,3.58999991416931,0.0,2.13000011444092,0.189999997615814,1.25,0.0,26,4,108,866,2123,4.12.16-5.12.16,data/raw/mturkfitbit_export_4.12.16-5.12.16/Fitabase Data 4.12.16-5.12.16/dailyActivity_merged.csv,138,1004,0.8625,sábado,ligera,False
4445114986,2016-05-08,7303,4.90000009536743,4.90000009536743,0.0,0.0,0.25,4.65000009536743,0.0,0,8,308,733,2423,4.12.16-5.12.16,data/raw/mturkfitbit_export_4.12.16-5.12.16/Fitabase Data 4.12.16-5.12.16/dailyActivity_merged.csv,316,1049,0.6988,domingo,ligera,False
4445114986,2016-05-09,5275,3.53999996185303,3.53999996185303,0.0,0.0,0.0,3.53999996185303,0.0,0,0,266,641,2281,4.12.16-5.12.16,data/raw/mturkfitbit_export_4.12.16-5.12.16/Fitabase Data 4.12.16-5.12.16/dailyActivity_merged.csv,266,907,0.7067,lunes,ligera,False
4445114986,2016-05-10,3915,2.63000011444092,2.63000011444092,0.0,0.0,0.0,2.63000011444092,0.0,0,0,231,783,2181,4.12.16-5.12.16,data/raw/mturkfitbit_export_4.12.16-5.12.16/Fitabase Data 4.12.16-5.12.16/dailyActivity_merged.csv,231,1014,0.7722,martes,baja,False
4445114986,2016-05-11,9105,6.1100001335144,6.1100001335144,0.0,2.25,1.0,2.85999989509583,0.0,34,22,232,622,2499,4.12.16-5.12.16,data/raw/mturkfitbit_export_4.12.16-5.12.16/Fitabase Data 4.12.16-5.12.16/dailyActivity_merged.csv,288,910,0.6835,miércoles,activa,False
4445114986,2016-05-12,768,0.519999980926514,0.519999980926514,0.0,0.0,0.0,0.519999980926514,0.0,0,0,58,380,1212,4.12.16-5.12.16,data/raw/mturkfitbit_export_4.12.16-5.12.16/Fitabase Data 4.12.16-5.12.16/dailyActivity_merged.csv,58,438,0.8676,jueves,baja,False
4558609924,2016-04-13,4978,3.28999996185303,3.28999996185303,0.0,1.24000000953674,0.439999997615814,1.61000001430511,0.0,19,7,127,1287,1722,4.12.16-5.12.16,data/raw/mturkfitbit_export_4.12.16-5.12.16/Fitabase Data 4.12.16-5.12.16/dailyActivity_merged.csv,153,1440,0.8938,miércoles,baja,False
4558609924,2016-04-14,6799,4.48999977111816,4.48999977111816,0.0,0.0,0.0,4.48999977111816,0.0,0,0,279,1161,1922,4.12.16-5.12.16,data/raw/mturkfitbit_export_4.12.16-5.12.16/Fitabase Data 4.12.16-5.12.16/dailyActivity_merged.csv,279,1440,0.8062,jueves,ligera,False
4558609924,2016-04-15,7795,5.15000009536743,5.15000009536743,0.0,0.589999973773956,0.839999973773956,3.73000001907349,0.0,17,30,262,1131,2121,4.12.16-5.12.16,data/raw/mturkfitbit_export_4.12.16-5.12.16/Fitabase Data 4.12.16-5.12.16/dailyActivity_merged.csv,309,1440,0.7854,viernes,activa,False
4558609924,2016-04-16,7289,4.82000017166138,4.82000017166138,0.0,0.550000011920929,0.75,3.5,0.0,8,12,308,1112,1997,4.12.16-5.12.16,data/raw/mturkfitbit_export_4.12.16-5.12.16/Fitabase Data 4.12.16-5.12.16/dailyActivity_merged.csv,328,1440,0.7722,sábado,ligera,False
4558609924,2016-04-17,9634,6.40000009536743,6.40000009536743,0.0,0.550000011920929,1.13999998569489,4.71000003814697,0.0,7,19,304,1110,2117,4.12.16-5.12.16,data/raw/mturkfitbit_export_4.12.16-5.12.16/Fitabase Data 4.12.16-5.12.16/dailyActivity_merged.csv,330,1440,0.7708,domingo,activa,False
4558609924,2016-04-18,8940,5.90999984741211,5.90999984741211,0.0,0.980000019073486,0.930000007152557,4.0,0.0,14,15,331,1080,2116,4.12.16-5.12.16,data/raw/mturkfitbit_export_4.12.16-5.12.16/Fitabase Data 4.12.16-5.12.16/dailyActivity_merged.csv,360,1440,0.75,lunes,activa,False
4558609924,2016-04-19,5401,3.5699999332428,3.5699999332428,0.0,0.0500000007450581,0.360000014305115,3.16000008583069,0.0,1,9,248,1182,1876,4.12.16-5.12.16,data/raw/mturkfitbit_export_4.12.16-5.12.16/Fitabase Data 4.12.16-5.12.16/dailyActivity_merged.csv,258,1440,0.8208,martes,ligera,False
4558609924,2016-04-20,4803,3.17000007629395,3.17000007629395,0.0,0.0,0.0,3.17000007629395,0.0,0,0,222,1218,1788,4.12.16-5.12.16,data/raw/mturkfitbit_export_4.12.16-5.12.16/Fitabase Data 4.12.16-5.12.16/dailyActivity_merged.csv,222,1440,0.8458,miércoles,baja,False
4558609924,2016-04-21,13743,9.07999992370605,9.07999992370605,0.0,0.419999986886978,0.970000028610229,7.69999980926514,0.0,6,21,432,844,2486,4.12.16-5.12.16,data/raw/mturkfitbit_export_4.12.16-5.12.16/Fitabase Data 4.12.16-5.12.16/dailyActivity_merged.csv,459,1303,0.6477,jueves,muy_activa,True
4558609924,2016-04-22,9601,6.34999990463257,6.34999990463257,0.0,1.37000000476837,1.5,3.47000002861023,0.0,20,25,273,1122,2094,4.12.16-5.12.16,data/raw/mturkfitbit_export_4.12.16-5.12.16/Fitabase Data 4.12.16-5.12.16/dailyActivity_merged.csv,318,1440,0.7792,viernes,activa,False
4558609924,2016-04-23,6890,4.55000019073486,4.55000019073486,0.0,0.340000003576279,0.200000002980232,4.01000022888184,0.0,5,5,308,1122,2085,4.12.16-5.12.16,data/raw/mturkfitbit_export_4.12.16-5.12.16/Fitabase Data 4.12.16-5.12.16/dailyActivity_merged.csv,318,1440,0.7792,sábado,ligera,False
4558609924,2016-04-24,8563,5.65999984741211,5.65999984741211,0.0,0.0,0.0,5.65000009536743,0.0,0,0,395,1045,2173,4.12.16-5.12.16,data/raw/mturkfitbit_export_4.12.16-5.12.16/Fitabase Data 4.12.16-5.12.16/dailyActivity_merged.csv,395,1440,0.7257,domingo,activa,False
4558609924,2016-04-25,8095,5.34999990463257,5.34999990463257,0.0,0.589999973773956,0.25,4.51000022888184,0.0,18,10,340,993,2225,4.12.16-5.12.16,data/raw/mturkfitbit_export_4.12.16-5.12.16/Fitabase Data 4.12.16-5.12.16/dailyActivity_merged.csv,368,1361,0.7296,lunes,activa,False
4558609924,2016-04-26,9148,6.05000019073486,6.05000019073486,0.0,0.430000007152557,2.02999997138977,3.58999991416931,0.0,12,41,283,1062,2223,4.12.16-5.12.16,data/raw/mturkfitbit_export_4.12.16-5.12.16/Fitabase Data 4.12.16-5.12.16/dailyActivity_merged.csv,336,1398,0.7597,martes,activa,False
4558609924,2016-04-27,9557,6.32000017166138,6.32000017166138,0.0,1.96000003814697,0.889999985694885,3.46000003814697,0.0,27,14,312,1087,2098,4.12.16-5.12.16,data/raw/mturkfitbit_export_4.12.16-5.12.16/Fitabase Data 4.12.16-5.12.16/dailyActivity_merged.csv,353,1440,0.7549,miércoles,activa,False
4558609924,2016-04-28,9451,6.25,6.25,0.0,0.0199999995529652,0.270000010728836,5.94999980926514,0.0,1,11,367,985,2185,4.12.16-5.12.16,data/raw/mturkfitbit_export_4.12.16-5.12.16/Fitabase Data 4.12.16-5.12.16/dailyActivity_merged.csv,379,1364,0.7221,jueves,activa,False
4558609924,2016-04-29,7833,5.17999982833862,5.17999982833862,0.0,1.01999998092651,1.85000002384186,2.30999994277954,0.0,15,29,197,1096,1918,4.12.16-5.12.16,data/raw/mturkfitbit_export_4.12.16-5.12.16/Fitabase Data 4.12.16-5.12.16/dailyActivity_merged.csv,241,1337,0.8197,viernes,activa,False
4558609924,2016-04-30,10319,6.82000017166138,6.82000017166138,0.0,0.469999998807907,1.88999998569489,4.46000003814697,0.0,7,29,293,1111,2105,4.12.16-5.12.16,data/raw/mturkfitbit_export_4.12.16-5.12.16/Fitabase Data 4.12.16-5.12.16/dailyActivity_merged.csv,329,1440,0.7715,sábado,muy_activa,True
4558609924,2016-05-01,3428,2.26999998092651,2.26999998092651,0.0,0.0,0.0,2.26999998092651,0.0,0,0,190,1121,1692,4.12.16-5.12.16,data/raw/mturkfitbit_export_4.12.16-5.12.16/Fitabase Data 4.12.16-5.12.16/dailyActivity_merged.csv,190,1311,0.8551,domingo,baja,False
4558609924,2016-05-02,7891,5.21999979019165,5.21999979019165,0.0,0.0,0.0,5.21999979019165,0.0,0,0,383,1057,2066,4.12.16-5.12.16,data/raw/mturkfitbit_export_4.12.16-5.12.16/Fitabase Data 4.12.16-5.12.16/dailyActivity_merged.csv,383,1440,0.734,lunes,activa,False
4558609924,2016-05-03,5267,3.48000001907349,3.48000001907349,0.0,0.600000023841858,0.280000001192093,2.59999990463257,0.0,21,10,237,1172,1953,4.12.16-5.12.16,data/raw/mturkfitbit_export_4.12.16-5.12.16/Fitabase Data 4.12.16-5.12.16/dailyActivity_merged.csv,268,1440,0.8139,martes,ligera,False
4558609924,2016-05-04,5232,3.46000003814697,3.46000003814697,0.0,0.0,0.0,3.46000003814697,0.0,0,0,252,1188,1842,4.12.16-5.12.16,data/raw/mturkfitbit_export_4.12.16-5.12.16/Fitabase Data 4.12.16-5.12.16/dailyActivity_merged.csv,252,1440,0.825,miércoles,ligera,False
4558609924,2016-05-05,10611,7.01000022888184,7.01000022888184,0.0,1.00999999046326,0.5,5.51000022888184,0.0,14,8,370,1048,2262,4.12.16-5.12.16,data/raw/mturkfitbit_export_4.12.16-5.12.16/Fitabase Data 4.12.16-5.12.16/dailyActivity_merged.csv,392,1440,0.7278,jueves,muy_activa,True
4558609924,2016-05-06,3755,2.48000001907349,2.48000001907349,0.0,0.0,0.0,2.48000001907349,0.0,0,0,202,1238,1722,4.12.16-5.12.16,data/raw/mturkfitbit_export_4.12.16-5.12.16/Fitabase Data 4.12.16-5.12.16/dailyActivity_merged.csv,202,1440,0.8597,viernes,baja,False
4558609924,2016-05-07,8237,5.44000005722046,5.44000005722046,0.0,1.61000001430511,1.0,2.82999992370605,0.0,23,16,233,1116,1973,4.12.16-5.12.16,data/raw/mturkfitbit_export_4.12.16-5.12.16/Fitabase Data 4.12.16-5.12.16/dailyActivity_merged.csv,272,1388,0.804,sábado,activa,False
4558609924,2016-05-08,6543,4.32999992370605,4.32999992370605,0.0,1.79999995231628,0.5,2.01999998092651,0.0,66,35,238,1019,2666,4.12.16-5.12.16,data/raw/mturkfitbit_export_4.12.16-5.12.16/Fitabase Data 4.12.16-5.12.16/dailyActivity_merged.csv,339,1358,0.7504,domingo,ligera,False
4558609924,2016-05-09,11451,7.57000017166138,7.57000017166138,0.0,0.430000007152557,1.62000000476837,5.51999998092651,0.0,6,30,339,1065,2223,4.12.16-5.12.16,data/raw/mturkfitbit_export_4.12.16-5.12.16/Fitabase Data 4.12.16-5.12.16/dailyActivity_merged.csv,375,1440,0.7396,lunes,muy_activa,True
4558609924,2016-05-10,6435,4.25,4.25,0.0,0.740000009536743,1.12000000476837,2.39000010490417,0.0,11,18,220,1191,1889,4.12.16-5.12.16,data/raw/mturkfitbit_export_4.12.16-5.12.16/Fitabase Data 4.12.16-5.12.16/dailyActivity_merged.csv,249,1440,0.8271,martes,ligera,False
4558609924,2016-05-11,9108,6.01999998092651,6.01999998092651,0.0,0.259999990463257,1.82000005245209,3.94000005722046,0.0,4,31,324,1081,2131,4.12.16-5.12.16,data/raw/mturkfitbit_export_4.12.16-5.12.16/Fitabase Data 4.12.16-5.12.16/dailyActivity_merged.csv,359,1440,0.7507,miércoles,activa,False
4558609924,2016-05-12,6307,4.17000007629395,4.17000007629395,0.0,0.0,0.0,4.17000007629395,0.0,0,0,247,736,1452,4.12.16-5.12.16,data/raw/mturkfitbit_export_4.12.16-5.12.16/Fitabase Data 4.12.16-5.12.16/dailyActivity_merged.csv,247,983,0.7487,jueves,ligera,False
4702921684,2016-04-13,6877,5.57999992370605,5.57999992370605,0.0,0.0,0.0,5.57999992370605,0.0,0,0,258,777,2898,4.12.16-5.12.16,data/raw/mturkfitbit_export_4.12.16-5.12.16/Fitabase Data 4.12.16-5.12.16/dailyActivity_merged.csv,258,1035,0.7507,miércoles,ligera,False
4702921684,2016-04-14,7860,6.36999988555908,6.36999988555908,0.0,0.0,0.0,6.36999988555908,0.0,0,0,271,772,2984,4.12.16-5.12.16,data/raw/mturkfitbit_export_4.12.16-5.12.16/Fitabase Data 4.12.16-5.12.16/dailyActivity_merged.csv,271,1043,0.7402,jueves,activa,False
4702921684,2016-04-15,6506,5.28000020980835,5.28000020980835,0.0,0.0700000002980232,0.419999986886978,4.78999996185303,0.0,1,8,256,944,2896,4.12.16-5.12.16,data/raw/mturkfitbit_export_4.12.16-5.12.16/Fitabase Data 4.12.16-5.12.16/dailyActivity_merged.csv,265,1209,0.7808,viernes,ligera,False
4702921684,2016-04-16,11140,9.02999973297119,9.02999973297119,0.0,0.239999994635582,1.25,7.53999996185303,0.0,3,24,335,556,3328,4.12.16-5.12.16,data/raw/mturkfitbit_export_4.12.16-5.12.16/Fitabase Data 4.12.16-5.12.16/dailyActivity_merged.csv,362,918,0.6057,sábado,muy_activa,True
4702921684,2016-04-17,12692,10.289999961853,10.289999961853,0.0,0.959999978542328,3.46000003814697,5.88000011444092,0.0,12,66,302,437,3394,4.12.16-5.12.16,data/raw/mturkfitbit_export_4.12.16-5.12.16/Fitabase Data 4.12.16-5.12.16/dailyActivity_merged.csv,380,817,0.5349,domingo,muy_activa,True
4702921684,2016-04-18,9105,7.38000011444092,7.38000011444092,0.0,1.82000005245209,1.49000000953674,4.07000017166138,0.0,22,30,191,890,3013,4.12.16-5.12.16,data/raw/mturkfitbit_export_4.12.16-5.12.16/Fitabase Data 4.12.16-5.12.16/dailyActivity_merged.csv,243,1133,0.7855,lunes,activa,False
4702921684,2016-04-19,6708,5.44000005722046,5.44000005722046,0.0,0.879999995231628,0.370000004768372,4.19000005722046,0.0,10,8,179,757,2812,4.12.16-5.12.16,data/raw/mturkfitbit_export_4.12.16-5.12.16/Fitabase Data 4.12.16-5.12.16/dailyActivity_merged.csv,197,954,0.7935,martes,ligera,False
4702921684,2016-04-20,8793,7.13000011444092,7.13000011444092,0.0,0.159999996423721,1.23000001907349,5.73000001907349,0.0,2,29,260,717,3061,4.12.16-5.12.16,data/raw/mturkfitbit_export_4.12.16-5.12.16/Fitabase Data 4.12.16-5.12.16/dailyActivity_merged.csv,291,1008,0.7113,miércoles,activa,False
4702921684,2016-04-21,6530,5.30000019073486,5.30000019073486,0.0,0.310000002384186,2.04999995231628,2.94000005722046,0.0,4,41,144,901,2729,4.12.16-5.12.16,data/raw/mturkfitbit_export_4.12.16-5.12.16/Fitabase Data 4.12.16-5.12.16/dailyActivity_merged.csv,189,1090,0.8266,jueves,ligera,False
4702921684,2016-04-22,1664,1.35000002384186,1.35000002384186,0.0,0.0,0.0,1.35000002384186,0.0,0,0,72,1341,2241,4.12.16-5.12.16,data/raw/mturkfitbit_export_4.12.16-5.12.16/Fitabase Data 4.12.16-5.12.16/dailyActivity_merged.csv,72,1413,0.949,viernes,baja,False
4702921684,2016-04-23,15126,12.2700004577637,12.2700004577637,0.0,0.759999990463257,3.24000000953674,8.27000045776367,0.0,9,66,408,469,3691,4.12.16-5.12.16,data/raw/mturkfitbit_export_4.12.16-5.12.16/Fitabase Data 4.12.16-5.12.16/dailyActivity_merged.csv,483,952,0.4926,sábado,muy_activa,True
4702921684,2016-04-24,15050,12.2200002670288,12.2200002670288,0.0,1.20000004768372,5.11999988555908,5.88000011444092,0.0,15,95,281,542,3538,4.12.16-5.12.16,data/raw/mturkfitbit_export_4.12.16-5.12.16/Fitabase Data 4.12.16-5.12.16/dailyActivity_merged.csv,391,933,0.5809,domingo,muy_activa,True
4702921684,2016-04-25,9167,7.42999982833862,7.42999982833862,0.0,0.490000009536743,0.819999992847443,6.1100001335144,0.0,6,15,270,730,3064,4.12.16-5.12.16,data/raw/mturkfitbit_export_4.12.16-5.12.16/Fitabase Data 4.12.16-5.12.16/dailyActivity_merged.csv,291,1021,0.715,lunes,activa,False
4702921684,2016-04-26,6108,4.94999980926514,4.94999980926514,0.0,0.0700000002980232,0.349999994039536,4.53999996185303,0.0,1,8,216,765,2784,4.12.16-5.12.16,data/raw/mturkfitbit_export_4.12.16-5.12.16/Fitabase Data 4.12.16-5.12.16/dailyActivity_merged.csv,225,990,0.7727,martes,ligera,False
4702921684,2016-04-27,7047,5.71999979019165,5.71999979019165,0.0,0.0900000035762787,0.800000011920929,4.78000020980835,0.0,1,16,238,733,2908,4.12.16-5.12.16,data/raw/mturkfitbit_export_4.12.16-5.12.16/Fitabase Data 4.12.16-5.12.16/dailyActivity_merged.csv,255,988,0.7419,miércoles,ligera,False
4702921684,2016-04-28,9023,7.32000017166138,7.32000017166138,0.0,1.12999999523163,0.419999986886978,5.76999998092651,0.0,14,9,232,738,3033,4.12.16-5.12.16,data/raw/mturkfitbit_export_4.12.16-5.12.16/Fitabase Data 4.12.16-5.12.16/dailyActivity_merged.csv,255,993,0.7432,jueves,activa,False
4702921684,2016-04-29,9930,8.05000019073486,8.05000019073486,0.0,1.05999994277954,0.920000016689301,6.07000017166138,0.0,12,19,267,692,3165,4.12.16-5.12.16,data/raw/mturkfitbit_export_4.12.16-5.12.16/Fitabase Data 4.12.16-5.12.16/dailyActivity_merged.csv,298,990,0.699,viernes,activa,False
4702921684,2016-04-30,10144,8.22999954223633,8.22999954223633,0.0,0.319999992847443,2.02999997138977,5.88000011444092,0.0,4,36,263,728,3115,4.12.16-5.12.16,data/raw/mturkfitbit_export_4.12.16-5.12.16/Fitabase Data 4.12.16-5.12.16/dailyActivity_merged.csv,303,1031,0.7061,sábado,muy_activa,True
4702921684,2016-05-01,0,0.0,0.0,0.0,0.0,0.0,0.0,0.0,0,0,0,1440,2017,4.12.16-5.12.16,data/raw/mturkfitbit_export_4.12.16-5.12.16/Fitabase Data 4.12.16-5.12.16/dailyActivity_merged.csv,0,1440,1.0,domingo,baja,False
4702921684,2016-05-02,7245,5.92000007629395,5.92000007629395,0.0,0.379999995231628,1.74000000953674,3.75999999046326,0.0,5,40,195,1131,2859,4.12.16-5.12.16,data/raw/mturkfitbit_export_4.12.16-5.12.16/Fitabase Data 4.12.16-5.12.16/dailyActivity_merged.csv,240,1371,0.8249,lunes,ligera,False
4702921684,2016-05-03,9454,7.67000007629395,7.67000007629395,0.0,0.0,0.0,7.67000007629395,0.0,0,0,313,729,3145,4.12.16-5.12.16,data/raw/mturkfitbit_export_4.12.16-5.12.16/Fitabase Data 4.12.16-5.12.16/dailyActivity_merged.csv,313,1042,0.6996,martes,activa,False
4702921684,2016-05-04,8161,6.61999988555908,6.61999988555908,0.0,0.340000003576279,0.730000019073486,5.53999996185303,0.0,4,15,251,757,3004,4.12.16-5.12.16,data/raw/mturkfitbit_export_4.12.16-5.12.16/Fitabase Data 4.12.16-5.12.16/dailyActivity_merged.csv,270,1027,0.7371,miércoles,activa,False
4702921684,2016-05-05,8614,6.98999977111816,6.98999977111816,0.0,0.670000016689301,0.219999998807907,6.09000015258789,0.0,8,5,241,745,3006,4.12.16-5.12.16,data/raw/mturkfitbit_export_4.12.16-5.12.16/Fitabase Data 4.12.16-5.12.16/dailyActivity_merged.csv,254,999,0.7457,jueves,activa,False
4702921684,2016-05-06,6943,5.63000011444092,5.63000011444092,0.0,0.0799999982118607,0.660000026226044,4.86999988555908,0.0,1,16,207,682,2859,4.12.16-5.12.16,data/raw/mturkfitbit_export_4.12.16-5.12.16/Fitabase Data 4.12.16-5.12.16/dailyActivity_merged.csv,224,906,0.7528,viernes,ligera,False
4702921684,2016-05-07,14370,11.6499996185303,11.6499996185303,0.0,0.370000004768372,2.30999994277954,8.97000026702881,0.0,5,46,439,577,3683,4.12.16-5.12.16,data/raw/mturkfitbit_export_4.12.16-5.12.16/Fitabase Data 4.12.16-5.12.16/dailyActivity_merged.csv,490,1067,0.5408,sábado,muy_activa,True
4702921684,2016-05-08,12857,10.4300003051758,10.4300003051758,0.0,0.680000007152557,6.21000003814697,3.53999996185303,0.0,9,125,192,1019,3287,4.12.16-5.12.16,data/raw/mturkfitbit_export_4.12.16-5.12.16/Fitabase Data 4.12.16-5.12.16/dailyActivity_merged.csv,326,1345,0.7576,domingo,muy_activa,True
4702921684,2016-05-09,8232,6.67999982833862,6.67999982833862,0.0,0.0,0.569999992847443,6.09999990463257,0.0,0,12,253,746,2990,4.12.16-5.12.16,data/raw/mturkfitbit_export_4.12.16-5.12.16/Fitabase Data 4.12.16-5.12.16/dailyActivity_merged.csv,265,1011,0.7379,lunes,activa,False
4702921684,2016-05-10,10613,8.60999965667725,8.60999965667725,0.0,0.0799999982118607,1.87999999523163,6.65000009536743,0.0,1,37,262,701,3172,4.12.16-5.12.16,data/raw/mturkfitbit_export_4.12.16-5.12.16/Fitabase Data 4.12.16-5.12.16/dailyActivity_merged.csv,300,1001,0.7003,martes,muy_activa,True
4702921684,2016-05-11,9810,7.96000003814697,7.96000003814697,0.0,0.779999971389771,2.16000008583069,4.98000001907349,0.0,10,41,235,784,3069,4.12.16-5.12.16,data/raw/mturkfitbit_export_4.12.16-5.12.16/Fitabase Data 4.12.16-5.12.16/dailyActivity_merged.csv,286,1070,0.7327,miércoles,activa,False
4702921684,2016-05-12,2752,2.23000001907349,2.23000001907349,0.0,0.0,0.0,2.23000001907349,0.0,0,0,68,241,1240,4.12.16-5.12.16,data/raw/mturkfitbit_export_4.12.16-5.12.16/Fitabase Data 4.12.16-5.12.16/dailyActivity_merged.csv,68,309,0.7799,jueves,baja,False
5553957443,2016-04-13,4832,3.16000008583069,3.16000008583069,0.0,0.0,0.0,3.16000008583069,0.0,0,0,226,647,1718,4.12.16-5.12.16,data/raw/mturkfitbit_export_4.12.16-5.12.16/Fitabase Data 4.12.16-5.12.16/dailyActivity_merged.csv,226,873,0.7411,miércoles,baja,False
5553957443,2016-04-14,17022,11.1199998855591,11.1199998855591,0.0,4.0,2.45000004768372,4.67000007629395,0.0,61,41,256,693,2324,4.12.16-5.12.16,data/raw/mturkfitbit_export_4.12.16-5.12.16/Fitabase Data 4.12.16-5.12.16/dailyActivity_merged.csv,358,1051,0.6594,jueves,muy_activa,True
5553957443,2016-04-15,16556,10.8599996566772,10.8599996566772,0.0,4.15999984741211,1.98000001907349,4.71000003814697,0.0,58,38,239,689,2254,4.12.16-5.12.16,data/raw/mturkfitbit_export_4.12.16-5.12.16/Fitabase Data 4.12.16-5.12.16/dailyActivity_merged.csv,335,1024,0.6729,viernes,muy_activa,True
5553957443,2016-04-16,5771,3.76999998092651,3.76999998092651,0.0,0.0,0.0,3.76999998092651,0.0,0,0,288,521,1831,4.12.16-5.12.16,data/raw/mturkfitbit_export_4.12.16-5.12.16/Fitabase Data 4.12.16-5.12.16/dailyActivity_merged.csv,288,809,0.644,sábado,ligera,False
5553957443,2016-04-17,655,0.430000007152557,0.430000007152557,0.0,0.0,0.0,0.430000007152557,0.0,0,0,46,943,1397,4.12.16-5.12.16,data/raw/mturkfitbit_export_4.12.16-5.12.16/Fitabase Data 4.12.16-5.12.16/dailyActivity_merged.csv,46,989,0.9535,domingo,baja,False
5553957443,2016-04-18,3727,2.4300000667572,2.4300000667572,0.0,0.0,0.0,2.4300000667572,0.0,0,0,206,622,1683,4.12.16-5.12.16,data/raw/mturkfitbit_export_4.12.16-5.12.16/Fitabase Data 4.12.16-5.12.16/dailyActivity_merged.csv,206,828,0.7512,lunes,baja,False
5553957443,2016-04-19,15482,10.1099996566772,10.1099996566772,0.0,4.28000020980835,1.6599999666214,4.17999982833862,0.0,69,28,249,756,2284,4.12.16-5.12.16,data/raw/mturkfitbit_export_4.12.16-5.12.16/Fitabase Data 4.12.16-5.12.16/dailyActivity_merged.csv,346,1102,0.686,martes,muy_activa,True
5553957443,2016-04-20,2713,1.76999998092651,1.76999998092651,0.0,0.0,0.0,1.76999998092651,0.0,0,0,148,598,1570,4.12.16-5.12.16,data/raw/mturkfitbit_export_4.12.16-5.12.16/Fitabase Data 4.12.16-5.12.16/dailyActivity_merged.csv,148,746,0.8016,miércoles,baja,False
5553957443,2016-04-21,12346,8.0600004196167,8.0600004196167,0.0,2.95000004768372,2.16000008583069,2.96000003814697,0.0,47,42,177,801,2066,4.12.16-5.12.16,data/raw/mturkfitbit_export_4.12.16-5.12.16/Fitabase Data 4.12.16-5.12.16/dailyActivity_merged.csv,266,1067,0.7507,jueves,muy_activa,True
5553957443,2016-04-22,11682,7.63000011444092,7.63000011444092,0.0,1.37999999523163,0.629999995231628,5.59999990463257,0.0,25,16,270,781,2105,4.12.16-5.12.16,data/raw/mturkfitbit_export_4.12.16-5.12.16/Fitabase Data 4.12.16-5.12.16/dailyActivity_merged.csv,311,1092,0.7152,viernes,muy_activa,True
5553957443,2016-04-23,4112,2.69000005722046,2.69000005722046,0.0,0.0,0.0,2.6800000667572,0.0,0,0,272,443,1776,4.12.16-5.12.16,data/raw/mturkfitbit_export_4.12.16-5.12.16/Fitabase Data 4.12.16-5.12.16/dailyActivity_merged.csv,272,715,0.6196,sábado,baja,False
5553957443,2016-04-24,1807,1.17999994754791,1.17999994754791,0.0,0.0,0.0,1.17999994754791,0.0,0,0,104,582,1507,4.12.16-5.12.16,data/raw/mturkfitbit_export_4.12.16-5.12.16/Fitabase Data 4.12.16-5.12.16/dailyActivity_merged.csv,104,686,0.8484,domingo,baja,False
5553957443,2016-04-25,10946,7.19000005722046,7.19000005722046,0.0,2.9300000667572,0.569999992847443,3.69000005722046,0.0,51,11,201,732,2033,4.12.16-5.12.16,data/raw/mturkfitbit_export_4.12.16-5.12.16/Fitabase Data 4.12.16-5.12.16/dailyActivity_merged.csv,263,995,0.7357,lunes,muy_activa,True
5553957443,2016-04-26,11886,7.76000022888184,7.76000022888184,0.0,2.36999988555908,0.930000007152557,4.46000003814697,0.0,40,18,238,750,2093,4.12.16-5.12.16,data/raw/mturkfitbit_export_4.12.16-5.12.16/Fitabase Data 4.12.16-5.12.16/dailyActivity_merged.csv,296,1046,0.717,martes,muy_activa,True
5553957443,2016-04-27,10538,6.88000011444092,6.88000011444092,0.0,1.13999998569489,1.0,4.73999977111816,0.0,16,16,206,745,1922,4.12.16-5.12.16,data/raw/mturkfitbit_export_4.12.16-5.12.16/Fitabase Data 4.12.16-5.12.16/dailyActivity_merged.csv,238,983,0.7579,miércoles,muy_activa,True
5553957443,2016-04-28,11393,7.63000011444092,7.63000011444092,0.0,3.71000003814697,0.75,3.17000007629395,0.0,49,13,165,727,1999,4.12.16-5.12.16,data/raw/mturkfitbit_export_4.12.16-5.12.16/Fitabase Data 4.12.16-5.12.16/dailyActivity_merged.csv,227,954,0.7621,jueves,muy_activa,True
5553957443,2016-04-29,12764,8.32999992370605,8.32999992370605,0.0,2.78999996185303,0.639999985694885,4.90999984741211,0.0,46,15,270,709,2169,4.12.16-5.12.16,data/raw/mturkfitbit_export_4.12.16-5.12.16/Fitabase Data 4.12.16-5.12.16/dailyActivity_merged.csv,331,1040,0.6817,viernes,muy_activa,True
5553957443,2016-04-30,1202,0.779999971389771,0.779999971389771,0.0,0.0,0.0,0.779999971389771,0.0,0,0,84,506,1463,4.12.16-5.12.16,data/raw/mturkfitbit_export_4.12.16-5.12.16/Fitabase Data 4.12.16-5.12.16/dailyActivity_merged.csv,84,590,0.8576,sábado,baja,False
5553957443,2016-05-01,5164,3.36999988555908,3.36999988555908,0.0,0.0,0.0,3.36999988555908,0.0,0,0,237,436,1747,4.12.16-5.12.16,data/raw/mturkfitbit_export_4.12.16-5.12.16/Fitabase Data 4.12.16-5.12.16/dailyActivity_merged.csv,237,673,0.6478,domingo,ligera,False
5553957443,2016-05-02,9769,6.38000011444092,6.38000011444092,0.0,1.05999994277954,0.409999996423721,4.90000009536743,0.0,23,9,227,724,1996,4.12.16-5.12.16,data/raw/mturkfitbit_export_4.12.16-5.12.16/Fitabase Data 4.12.16-5.12.16/dailyActivity_merged.csv,259,983,0.7365,lunes,activa,False
5553957443,2016-05-03,12848,8.39000034332275,8.39000034332275,0.0,1.5,1.20000004768372,5.67999982833862,0.0,26,29,247,812,2116,4.12.16-5.12.16,data/raw/mturkfitbit_export_4.12.16-5.12.16/Fitabase Data 4.12.16-5.12.16/dailyActivity_merged.csv,302,1114,0.7289,martes,muy_activa,True
5553957443,2016-05-04,4249,2.76999998092651,2.76999998092651,0.0,0.0,0.0,2.76999998092651,0.0,0,0,224,651,1698,4.12.16-5.12.16,data/raw/mturkfitbit_export_4.12.16-5.12.16/Fitabase Data 4.12.16-5.12.16/dailyActivity_merged.csv,224,875,0.744,miércoles,baja,False
5553957443,2016-05-05,14331,9.51000022888184,9.51000022888184,0.0,3.4300000667572,1.6599999666214,4.42999982833862,0.0,44,29,241,692,2156,4.12.16-5.12.16,data/raw/mturkfitbit_export_4.12.16-5.12.16/Fitabase Data 4.12.16-5.12.16/dailyActivity_merged.csv,314,1006,0.6879,jueves,muy_activa,True
5553957443,2016-05-06,9632,6.28999996185303,6.28999996185303,0.0,1.51999998092651,0.540000021457672,4.23000001907349,0.0,21,9,229,761,1916,4.12.16-5.12.16,data/raw/mturkfitbit_export_4.12.16-5.12.16/Fitabase Data 4.12.16-5.12.16/dailyActivity_merged.csv,259,1020,0.7461,viernes,activa,False
5553957443,2016-05-07,1868,1.22000002861023,1.22000002861023,0.0,0.0,0.0,1.22000002861023,0.0,0,0,96,902,1494,4.12.16-5.12.16,data/raw/mturkfitbit_export_4.12.16-5.12.16/Fitabase Data 4.12.16-5.12.16/dailyActivity_merged.csv,96,998,0.9038,sábado,baja,False
5553957443,2016-05-08,6083,4.0,4.0,0.0,0.219999998807907,0.469999998807907,3.29999995231628,0.0,3,8,210,505,1762,4.12.16-5.12.16,data/raw/mturkfitbit_export_4.12.16-5.12.16/Fitabase Data 4.12.16-5.12.16/dailyActivity_merged.csv,221,726,0.6956,domingo,ligera,False
5553957443,2016-05-09,11611,7.57999992370605,7.57999992370605,0.0,2.13000011444092,0.889999985694885,4.55999994277954,0.0,59,22,251,667,2272,4.12.16-5.12.16,data/raw/mturkfitbit_export_4.12.16-5.12.16/Fitabase Data 4.12.16-5.12.16/dailyActivity_merged.csv,332,999,0.6677,lunes,muy_activa,True
5553957443,2016-05-10,16358,10.710000038147,10.710000038147,0.0,3.86999988555908,1.61000001430511,5.19999980926514,0.0,61,40,265,707,2335,4.12.16-5.12.16,data/raw/mturkfitbit_export_4.12.16-5.12.16/Fitabase Data 4.12.16-5.12.16/dailyActivity_merged.csv,366,1073,0.6589,martes,muy_activa,True
5553957443,2016-05-11,4926,3.22000002861023,3.22000002861023,0.0,0.0,0.0,3.22000002861023,0.0,0,0,195,628,1693,4.12.16-5.12.16,data/raw/mturkfitbit_export_4.12.16-5.12.16/Fitabase Data 4.12.16-5.12.16/dailyActivity_merged.csv,195,823,0.7631,miércoles,baja,False
5553957443,2016-05-12,3121,2.03999996185303,2.03999996185303,0.0,0.579999983310699,0.400000005960464,1.05999994277954,0.0,8,6,48,222,741,4.12.16-5.12.16,data/raw/mturkfitbit_export_4.12.16-5.12.16/Fitabase Data 4.12.16-5.12.16/dailyActivity_merged.csv,62,284,0.7817,jueves,baja,False
5577150313,2016-04-12,8135,6.07999992370605,6.07999992370605,0.0,3.59999990463257,0.379999995231628,2.09999990463257,0.0,86,16,140,728,3405,4.12.16-5.12.16,data/raw/mturkfitbit_export_4.12.16-5.12.16/Fitabase Data 4.12.16-5.12.16/dailyActivity_merged.csv,242,970,0.7505,martes,activa,False
5577150313,2016-04-13,5077,3.78999996185303,3.78999996185303,0.0,0.319999992847443,0.219999998807907,3.25,0.0,15,11,144,776,2551,4.12.16-5.12.16,data/raw/mturkfitbit_export_4.12.16-5.12.16/Fitabase Data 4.12.16-5.12.16/dailyActivity_merged.csv,170,946,0.8203,miércoles,ligera,False
5577150313,2016-04-14,8596,6.42000007629395,6.42000007629395,0.0,3.32999992370605,0.310000002384186,2.77999997138977,0.0,118,30,176,662,4022,4.12.16-5.12.16,data/raw/mturkfitbit_export_4.12.16-5.12.16/Fitabase Data 4.12.16-5.12.16/dailyActivity_merged.csv,324,986,0.6714,jueves,activa,False
5577150313,2016-04-15,12087,9.07999992370605,9.07999992370605,0.0,3.92000007629395,1.60000002384186,3.55999994277954,0.0,115,54,199,695,4005,4.12.16-5.12.16,data/raw/mturkfitbit_export_4.12.16-5.12.16/Fitabase Data 4.12.16-5.12.16/dailyActivity_merged.csv,368,1063,0.6538,viernes,muy_activa,True
5577150313,2016-04-16,14269,10.6599998474121,10.6599998474121,0.0,6.6399998664856,1.27999997138977,2.73000001907349,0.0,184,56,158,472,4274,4.12.16-5.12.16,data/raw/mturkfitbit_export_4.12.16-5.12.16/Fitabase Data 4.12.16-5.12.16/dailyActivity_merged.csv,398,870,0.5425,sábado,muy_activa,True
5577150313,2016-04-17,12231,9.14000034332275,9.14000034332275,0.0,5.98000001907349,0.829999983310699,2.3199999332428,0.0,200,37,159,525,4552,4.12.16-5.12.16,data/raw/mturkfitbit_export_4.12.16-5.12.16/Fitabase Data 4.12.16-5.12.16/dailyActivity_merged.csv,396,921,0.57,domingo,muy_activa,True
5577150313,2016-04-18,9893,7.3899998664856,7.3899998664856,0.0,4.8600001335144,0.720000028610229,1.82000005245209,0.0,114,32,130,623,3625,4.12.16-5.12.16,data/raw/mturkfitbit_export_4.12.16-5.12.16/Fitabase Data 4.12.16-5.12.16/dailyActivity_merged.csv,276,899,0.693,lunes,activa,False
5577150313,2016-04-19,12574,9.42000007629395,9.42000007629395,0.0,7.01999998092651,0.639999985694885,1.75999999046326,0.0,108,23,111,733,3501,4.12.16-5.12.16,data/raw/mturkfitbit_export_4.12.16-5.12.16/Fitabase Data 4.12.16-5.12.16/dailyActivity_merged.csv,242,975,0.7518,martes,muy_activa,True
5577150313,2016-04-20,8330,6.21999979019165,6.21999979019165,0.0,4.11999988555908,0.340000003576279,1.75999999046326,0.0,87,16,113,773,3192,4.12.16-5.12.16,data/raw/mturkfitbit_export_4.12.16-5.12.16/Fitabase Data 4.12.16-5.12.16/dailyActivity_merged.csv,216,989,0.7816,miércoles,activa,False
5577150313,2016-04-21,10830,8.09000015258789,8.09000015258789,0.0,3.65000009536743,1.6599999666214,2.77999997138977,0.0,110,74,175,670,4018,4.12.16-5.12.16,data/raw/mturkfitbit_export_4.12.16-5.12.16/Fitabase Data 4.12.16-5.12.16/dailyActivity_merged.csv,359,1029,0.6511,jueves,muy_activa,True
5577150313,2016-04-22,9172,6.84999990463257,6.84999990463257,0.0,2.42000007629395,0.790000021457672,3.29999995231628,0.0,62,30,200,823,3329,4.12.16-5.12.16,data/raw/mturkfitbit_export_4.12.16-5.12.16/Fitabase Data 4.12.16-5.12.16/dailyActivity_merged.csv,292,1115,0.7381,viernes,activa,False
5577150313,2016-04-23,7638,5.71000003814697,5.71000003814697,0.0,1.21000003814697,0.360000014305115,4.1399998664856,0.0,24,24,223,627,3152,4.12.16-5.12.16,data/raw/mturkfitbit_export_4.12.16-5.12.16/Fitabase Data 4.12.16-5.12.16/dailyActivity_merged.csv,271,898,0.6982,sábado,activa,False
5577150313,2016-04-24,15764,11.7799997329712,11.7799997329712,0.0,7.65000009536743,2.15000009536743,1.98000001907349,0.0,210,65,141,425,4392,4.12.16-5.12.16,data/raw/mturkfitbit_export_4.12.16-5.12.16/Fitabase Data 4.12.16-5.12.16/dailyActivity_merged.csv,416,841,0.5054,domingo,muy_activa,True
5577150313,2016-04-25,6393,4.78000020980835,4.78000020980835,0.0,1.35000002384186,0.670000016689301,2.75999999046326,0.0,61,38,214,743,3374,4.12.16-5.12.16,data/raw/mturkfitbit_export_4.12.16-5.12.16/Fitabase Data 4.12.16-5.12.16/dailyActivity_merged.csv,313,1056,0.7036,lunes,ligera,False
5577150313,2016-04-26,5325,3.98000001907349,3.98000001907349,0.0,0.850000023841858,0.649999976158142,2.47000002861023,0.0,38,32,181,759,3088,4.12.16-5.12.16,data/raw/mturkfitbit_export_4.12.16-5.12.16/Fitabase Data 4.12.16-5.12.16/dailyActivity_merged.csv,251,1010,0.7515,martes,ligera,False
5577150313,2016-04-27,6805,5.1399998664856,5.1399998664856,0.0,1.80999994277954,0.400000005960464,2.9300000667572,0.0,63,16,190,773,3294,4.12.16-5.12.16,data/raw/mturkfitbit_export_4.12.16-5.12.16/Fitabase Data 4.12.16-5.12.16/dailyActivity_merged.csv,269,1042,0.7418,miércoles,ligera,False
5577150313,2016-04-28,9841,7.42999982833862,7.42999982833862,0.0,3.25,1.16999995708466,3.00999999046326,0.0,99,51,141,692,3580,4.12.16-5.12.16,data/raw/mturkfitbit_export_4.12.16-5.12.16/Fitabase Data 4.12.16-5.12.16/dailyActivity_merged.csv,291,983,0.704,jueves,activa,False
5577150313,2016-04-29,7924,5.92000007629395,5.92000007629395,0.0,2.83999991416931,0.610000014305115,2.47000002861023,0.0,97,36,165,739,3544,4.12.16-5.12.16,data/raw/mturkfitbit_export_4.12.16-5.12.16/Fitabase Data 4.12.16-5.12.16/dailyActivity_merged.csv,298,1037,0.7126,viernes,activa,False
5577150313,2016-04-30,12363,9.23999977111816,9.23999977111816,0.0,5.82999992370605,0.790000021457672,2.60999989509583,0.0,207,45,163,621,4501,4.12.16-5.12.16,data/raw/mturkfitbit_export_4.12.16-5.12.16/Fitabase Data 4.12.16-5.12.16/dailyActivity_merged.csv,415,1036,0.5994,sábado,muy_activa,True
5577150313,2016-05-01,13368,9.98999977111816,9.98999977111816,0.0,5.30999994277954,1.44000005722046,3.24000000953674,0.0,194,72,178,499,4546,4.12.16-5.12.16,data/raw/mturkfitbit_export_4.12.16-5.12.16/Fitabase Data 4.12.16-5.12.16/dailyActivity_merged.csv,444,943,0.5292,domingo,muy_activa,True
5577150313,2016-05-02,7439,5.55999994277954,5.55999994277954,0.0,1.12000000476837,0.349999994039536,4.07000017166138,0.0,37,20,235,732,3014,4.12.16-5.12.16,data/raw/mturkfitbit_export_4.12.16-5.12.16/Fitabase Data 4.12.16-5.12.16/dailyActivity_merged.csv,292,1024,0.7148,lunes,ligera,False
5577150313,2016-05-03,11045,8.25,8.25,0.0,4.51999998092651,0.150000005960464,3.5699999332428,0.0,97,8,212,580,3795,4.12.16-5.12.16,data/raw/mturkfitbit_export_4.12.16-5.12.16/Fitabase Data 4.12.16-5.12.16/dailyActivity_merged.csv,317,897,0.6466,martes,muy_activa,True
5577150313,2016-05-04,5206,3.89000010490417,3.89000010490417,0.0,1.55999994277954,0.25,2.07999992370605,0.0,25,9,141,631,2755,4.12.16-5.12.16,data/raw/mturkfitbit_export_4.12.16-5.12.16/Fitabase Data 4.12.16-5.12.16/dailyActivity_merged.csv,175,806,0.7829,miércoles,ligera,False
5577150313,2016-05-05,7550,5.6399998664856,5.6399998664856,0.0,2.5,0.469999998807907,2.67000007629395,0.0,45,21,143,1153,3004,4.12.16-5.12.16,data/raw/mturkfitbit_export_4.12.16-5.12.16/Fitabase Data 4.12.16-5.12.16/dailyActivity_merged.csv,209,1362,0.8465,jueves,activa,False
5577150313,2016-05-06,4950,3.70000004768372,3.70000004768372,0.0,1.92999994754791,0.319999992847443,1.45000004768372,0.0,41,16,79,1304,2643,4.12.16-5.12.16,data/raw/mturkfitbit_export_4.12.16-5.12.16/Fitabase Data 4.12.16-5.12.16/dailyActivity_merged.csv,136,1440,0.9056,viernes,baja,False
5577150313,2016-05-07,0,0.0,0.0,0.0,0.0,0.0,0.0,0.0,0,0,0,1440,1819,4.12.16-5.12.16,data/raw/mturkfitbit_export_4.12.16-5.12.16/Fitabase Data 4.12.16-5.12.16/dailyActivity_merged.csv,0,1440,1.0,sábado,baja,False
5577150313,2016-05-08,0,0.0,0.0,0.0,0.0,0.0,0.0,0.0,0,0,0,1440,1819,4.12.16-5.12.16,data/raw/mturkfitbit_export_4.12.16-5.12.16/Fitabase Data 4.12.16-5.12.16/dailyActivity_merged.csv,0,1440,1.0,domingo,baja,False
5577150313,2016-05-09,3421,2.55999994277954,2.55999994277954,0.0,1.42999994754791,0.140000000596046,0.990000009536743,0.0,34,11,70,1099,2489,4.12.16-5.12.16,data/raw/mturkfitbit_export_4.12.16-5.12.16/Fitabase Data 4.12.16-5.12.16/dailyActivity_merged.csv,115,1214,0.9053,lunes,baja,False
5577150313,2016-05-10,8869,6.65000009536743,6.65000009536743,0.0,2.55999994277954,0.75,3.34999990463257,0.0,104,37,194,639,3841,4.12.16-5.12.16,data/raw/mturkfitbit_export_4.12.16-5.12.16/Fitabase Data 4.12.16-5.12.16/dailyActivity_merged.csv,335,974,0.6561,martes,activa,False
5577150313,2016-05-11,4038,3.03999996185303,3.03999996185303,0.0,1.83000004291534,0.300000011920929,0.889999985694885,0.0,45,15,63,257,1665,4.12.16-5.12.16,data/raw/mturkfitbit_export_4.12.16-5.12.16/Fitabase Data 4.12.16-5.12.16/dailyActivity_merged.csv,123,380,0.6763,miércoles,baja,False
6117666160,2016-04-12,0,0.0,0.0,0.0,0.0,0.0,0.0,0.0,0,0,0,1440,1496,4.12.16-5.12.16,data/raw/mturkfitbit_export_4.12.16-5.12.16/Fitabase Data 4.12.16-5.12.16/dailyActivity_merged.csv,0,1440,1.0,martes,baja,False
6117666160,2016-04-13,0,0.0,0.0,0.0,0.0,0.0,0.0,0.0,0,0,0,1440,1496,4.12.16-5.12.16,data/raw/mturkfitbit_export_4.12.16-5.12.16/Fitabase Data 4.12.16-5.12.16/dailyActivity_merged.csv,0,1440,1.0,miércoles,baja,False
6117666160,2016-04-14,0,0.0,0.0,0.0,0.0,0.0,0.0,0.0,0,0,0,1440,1496,4.12.16-5.12.16,data/raw/mturkfitbit_export_4.12.16-5.12.16/Fitabase Data 4.12.16-5.12.16/dailyActivity_merged.csv,0,1440,1.0,jueves,baja,False
6117666160,2016-04-15,14019,10.5900001525879,10.5900001525879,0.0,0.0,0.280000001192093,10.3000001907349,0.0,0,6,513,921,2865,4.12.16-5.12.16,data/raw/mturkfitbit_export_4.12.16-5.12.16/Fitabase Data 4.12.16-5.12.16/dailyActivity_merged.csv,519,1440,0.6396,viernes,muy_activa,True
6117666160,2016-04-16,14450,10.9099998474121,10.9099998474121,0.0,0.579999983310699,0.850000023841858,9.47999954223633,0.0,7,15,518,502,2828,4.12.16-5.12.16,data/raw/mturkfitbit_export_4.12.16-5.12.16/Fitabase Data 4.12.16-5.12.16/dailyActivity_merged.csv,540,1042,0.4818,sábado,muy_activa,True
6117666160,2016-04-17,7150,5.40000009536743,5.40000009536743,0.0,0.0,0.0,5.40000009536743,0.0,0,0,312,702,2225,4.12.16-5.12.16,data/raw/mturkfitbit_export_4.12.16-5.12.16/Fitabase Data 4.12.16-5.12.16/dailyActivity_merged.csv,312,1014,0.6923,domingo,ligera,False
6117666160,2016-04-18,5153,3.91000008583069,3.91000008583069,0.0,0.0,0.0,3.89000010490417,0.0,0,0,241,759,2018,4.12.16-5.12.16,data/raw/mturkfitbit_export_4.12.16-5.12.16/Fitabase Data 4.12.16-5.12.16/dailyActivity_merged.csv,241,1000,0.759,lunes,ligera,False
6117666160,2016-04-19,11135,8.40999984741211,8.40999984741211,0.0,0.0,0.0,8.40999984741211,0.0,0,0,480,425,2606,4.12.16-5.12.16,data/raw/mturkfitbit_export_4.12.16-5.12.16/Fitabase Data 4.12.16-5.12.16/dailyActivity_merged.csv,480,905,0.4696,martes,muy_activa,True
6117666160,2016-04-20,10449,8.02000045776367,8.02000045776367,0.0,2.02999997138977,0.479999989271164,5.51999998092651,0.0,26,10,349,587,2536,4.12.16-5.12.16,data/raw/mturkfitbit_export_4.12.16-5.12.16/Fitabase Data 4.12.16-5.12.16/dailyActivity_merged.csv,385,972,0.6039,miércoles,muy_activa,True
6117666160,2016-04-21,19542,15.0100002288818,15.0100002288818,0.0,0.980000019073486,0.400000005960464,5.61999988555908,0.0,11,19,294,579,4900,4.12.16-5.12.16,data/raw/mturkfitbit_export_4.12.16-5.12.16/Fitabase Data 4.12.16-5.12.16/dailyActivity_merged.csv,324,903,0.6412,jueves,muy_activa,True
6117666160,2016-04-22,8206,6.19999980926514,6.19999980926514,0.0,0.0,0.0,6.19999980926514,0.0,0,0,402,413,2409,4.12.16-5.12.16,data/raw/mturkfitbit_export_4.12.16-5.12.16/Fitabase Data 4.12.16-5.12.16/dailyActivity_merged.csv,402,815,0.5067,viernes,activa,False
6117666160,2016-04-23,11495,8.68000030517578,8.68000030517578,0.0,0.0,0.0,8.68000030517578,0.0,0,0,512,468,2651,4.12.16-5.12.16,data/raw/mturkfitbit_export_4.12.16-5.12.16/Fitabase Data 4.12.16-5.12.16/dailyActivity_merged.csv,512,980,0.4776,sábado,muy_activa,True
6117666160,2016-04-24,7623,5.76000022888184,5.76000022888184,0.0,0.0,0.0,5.76000022888184,0.0,0,0,362,711,2305,4.12.16-5.12.16,data/raw/mturkfitbit_export_4.12.16-5.12.16/Fitabase Data 4.12.16-5.12.16/dailyActivity_merged.csv,362,1073,0.6626,domingo,activa,False
6117666160,2016-04-25,0,0.0,0.0,0.0,0.0,0.0,0.0,0.0,0,0,0,1440,1497,4.12.16-5.12.16,data/raw/mturkfitbit_export_4.12.16-5.12.16/Fitabase Data 4.12.16-5.12.16/dailyActivity_merged.csv,0,1440,1.0,lunes,baja,False
6117666160,2016-04-26,9543,7.21000003814697,7.21000003814697,0.0,0.0,0.340000003576279,6.86999988555908,0.0,0,7,352,1077,2450,4.12.16-5.12.16,data/raw/mturkfitbit_export_4.12.16-5.12.16/Fitabase Data 4.12.16-5.12.16/dailyActivity_merged.csv,359,1436,0.75,martes,activa,False
6117666160,2016-04-27,9411,7.1100001335144,7.1100001335144,0.0,0.0,0.0,7.1100001335144,0.0,0,0,458,417,2576,4.12.16-5.12.16,data/raw/mturkfitbit_export_4.12.16-5.12.16/Fitabase Data 4.12.16-5.12.16/dailyActivity_merged.csv,458,875,0.4766,miércoles,activa,False
6117666160,2016-04-28,3403,2.59999990463257,2.59999990463257,0.0,0.0,0.0,2.59999990463257,0.0,0,0,141,758,1879,4.12.16-5.12.16,data/raw/mturkfitbit_export_4.12.16-5.12.16/Fitabase Data 4.12.16-5.12.16/dailyActivity_merged.csv,141,899,0.8432,jueves,baja,False
6117666160,2016-04-29,9592,7.23999977111816,7.23999977111816,0.0,0.0,0.0,7.23999977111816,0.0,0,0,461,479,2560,4.12.16-5.12.16,data/raw/mturkfitbit_export_4.12.16-5.12.16/Fitabase Data 4.12.16-5.12.16/dailyActivity_merged.csv,461,940,0.5096,viernes,activa,False
6117666160,2016-04-30,6987,5.28000020980835,5.28000020980835,0.0,0.0,0.0,5.28000020980835,0.0,0,0,343,1040,2275,4.12.16-5.12.16,data/raw/mturkfitbit_export_4.12.16-5.12.16/Fitabase Data 4.12.16-5.12.16/dailyActivity_merged.csv,343,1383,0.752,sábado,ligera,False
6117666160,2016-05-01,8915,6.73000001907349,6.73000001907349,0.0,0.0,0.0,6.73000001907349,0.0,0,0,397,525,2361,4.12.16-5.12.16,data/raw/mturkfitbit_export_4.12.16-5.12.16/Fitabase Data 4.12.16-5.12.16/dailyActivity_merged.csv,397,922,0.5694,domingo,activa,False
6117666160,2016-05-02,4933,3.73000001907349,3.73000001907349,0.0,0.0,0.0,3.73000001907349,0.0,0,0,236,1204,2044,4.12.16-5.12.16,data/raw/mturkfitbit_export_4.12.16-5.12.16/Fitabase Data 4.12.16-5.12.16/dailyActivity_merged.csv,236,1440,0.8361,lunes,baja,False
6117666160,2016-05-03,0,0.0,0.0,0.0,0.0,0.0,0.0,0.0,0,0,0,1440,1496,4.12.16-5.12.16,data/raw/mturkfitbit_export_4.12.16-5.12.16/Fitabase Data 4.12.16-5.12.16/dailyActivity_merged.csv,0,1440,1.0,martes,baja,False
6117666160,2016-05-04,2997,2.25999999046326,2.25999999046326,0.0,0.0,0.0,2.25999999046326,0.0,0,0,156,1279,1902,4.12.16-5.12.16,data/raw/mturkfitbit_export_4.12.16-5.12.16/Fitabase Data 4.12.16-5.12.16/dailyActivity_merged.csv,156,1435,0.8913,miércoles,baja,False
6117666160,2016-05-05,9799,7.40000009536743,7.40000009536743,0.0,0.0,0.0,7.40000009536743,0.0,0,0,487,479,2636,4.12.16-5.12.16,data/raw/mturkfitbit_export_4.12.16-5.12.16/Fitabase Data 4.12.16-5.12.16/dailyActivity_merged.csv,487,966,0.4959,jueves,activa,False
6117666160,2016-05-06,3365,2.6800000667572,2.6800000667572,0.0,0.0,0.0,2.6800000667572,0.0,0,0,133,673,1838,4.12.16-5.12.16,data/raw/mturkfitbit_export_4.12.16-5.12.16/Fitabase Data 4.12.16-5.12.16/dailyActivity_merged.csv,133,806,0.835,viernes,baja,False
6117666160,2016-05-07,7336,5.53999996185303,5.53999996185303,0.0,0.0,0.0,5.53999996185303,0.0,0,0,412,456,2469,4.12.16-5.12.16,data/raw/mturkfitbit_export_4.12.16-5.12.16/Fitabase Data 4.12.16-5.12.16/dailyActivity_merged.csv,412,868,0.5253,sábado,ligera,False
6117666160,2016-05-08,7328,5.53000020980835,5.53000020980835,0.0,0.0,0.0,5.53000020980835,0.0,0,0,318,517,2250,4.12.16-5.12.16,data/raw/mturkfitbit_export_4.12.16-5.12.16/Fitabase Data 4.12.16-5.12.16/dailyActivity_merged.csv,318,835,0.6192,domingo,ligera,False
6117666160,2016-05-09,4477,3.38000011444092,3.38000011444092,0.0,0.0,0.0,3.38000011444092,0.0,0,0,197,125,1248,4.12.16-5.12.16,data/raw/mturkfitbit_export_4.12.16-5.12.16/Fitabase Data 4.12.16-5.12.16/dailyActivity_merged.csv,197,322,0.3882,lunes,baja,False
6290855005,2016-04-12,4562,3.45000004768372,3.45000004768372,0.0,0.0,0.0,3.45000004768372,0.0,0,0,199,1241,2560,4.12.16-5.12.16,data/raw/mturkfitbit_export_4.12.16-5.12.16/Fitabase Data 4.12.16-5.12.16/dailyActivity_merged.csv,199,1440,0.8618,martes,baja,False
6290855005,2016-04-13,7142,5.40000009536743,5.40000009536743,0.0,0.0,0.0,5.3899998664856,0.0099999997764825,0,0,350,1090,2905,4.12.16-5.12.16,data/raw/mturkfitbit_export_4.12.16-5.12.16/Fitabase Data 4.12.16-5.12.16/dailyActivity_merged.csv,350,1440,0.7569,miércoles,ligera,False
6290855005,2016-04-14,7671,5.80000019073486,5.80000019073486,0.0,0.0,0.0,5.76999998092651,0.0299999993294477,0,0,363,1077,2952,4.12.16-5.12.16,data/raw/mturkfitbit_export_4.12.16-5.12.16/Fitabase Data 4.12.16-5.12.16/dailyActivity_merged.csv,363,1440,0.7479,jueves,activa,False
6290855005,2016-04-15,9501,7.17999982833862,7.17999982833862,0.0,0.0,0.0,7.17000007629395,0.0099999997764825,0,0,328,1112,2896,4.12.16-5.12.16,data/raw/mturkfitbit_export_4.12.16-5.12.16/Fitabase Data 4.12.16-5.12.16/dailyActivity_merged.csv,328,1440,0.7722,viernes,activa,False
6290855005,2016-04-16,8301,6.28000020980835,6.28000020980835,0.0,0.0,0.0,6.26999998092651,0.0099999997764825,0,0,258,1182,2783,4.12.16-5.12.16,data/raw/mturkfitbit_export_4.12.16-5.12.16/Fitabase Data 4.12.16-5.12.16/dailyActivity_merged.csv,258,1440,0.8208,sábado,activa,False
6290855005,2016-04-17,7851,5.94000005722046,5.94000005722046,0.0,1.13999998569489,0.790000021457672,4.0,0.0,31,12,225,1172,3171,4.12.16-5.12.16,data/raw/mturkfitbit_export_4.12.16-5.12.16/Fitabase Data 4.12.16-5.12.16/dailyActivity_merged.csv,268,1440,0.8139,domingo,activa,False
6290855005,2016-04-18,6885,5.21000003814697,5.21000003814697,0.0,0.0,0.0,5.19000005722046,0.0199999995529652,0,0,271,1169,2766,4.12.16-5.12.16,data/raw/mturkfitbit_export_4.12.16-5.12.16/Fitabase Data 4.12.16-5.12.16/dailyActivity_merged.csv,271,1440,0.8118,lunes,ligera,False
6290855005,2016-04-19,7142,5.40000009536743,5.40000009536743,0.0,0.0,0.0,5.3899998664856,0.0099999997764825,0,0,321,1119,2839,4.12.16-5.12.16,data/raw/mturkfitbit_export_4.12.16-5.12.16/Fitabase Data 4.12.16-5.12.16/dailyActivity_merged.csv,321,1440,0.7771,martes,ligera,False
6290855005,2016-04-20,6361,4.80999994277954,4.80999994277954,0.0,0.0,0.0,4.80000019073486,0.0099999997764825,0,0,258,1182,2701,4.12.16-5.12.16,data/raw/mturkfitbit_export_4.12.16-5.12.16/Fitabase Data 4.12.16-5.12.16/dailyActivity_merged.csv,258,1440,0.8208,miércoles,ligera,False
6290855005,2016-04-21,0,0.0,0.0,0.0,0.0,0.0,0.0,0.0,0,0,0,1440,2060,4.12.16-5.12.16,data/raw/mturkfitbit_export_4.12.16-5.12.16/Fitabase Data 4.12.16-5.12.16/dailyActivity_merged.csv,0,1440,1.0,jueves,baja,False
6290855005,2016-04-22,6238,4.71999979019165,4.71999979019165,0.0,0.0,0.0,4.71999979019165,0.0,0,0,302,1138,2796,4.12.16-5.12.16,data/raw/mturkfitbit_export_4.12.16-5.12.16/Fitabase Data 4.12.16-5.12.16/dailyActivity_merged.csv,302,1440,0.7903,viernes,ligera,False
6290855005,2016-04-23,0,0.0,0.0,0.0,0.0,0.0,0.0,0.0,33,0,0,1407,2664,4.12.16-5.12.16,data/raw/mturkfitbit_export_4.12.16-5.12.16/Fitabase Data 4.12.16-5.12.16/dailyActivity_merged.csv,33,1440,0.9771,sábado,baja,False
6290855005,2016-04-24,5896,4.46000003814697,4.46000003814697,0.0,0.0,0.0,4.46000003814697,0.0,0,0,258,1182,2703,4.12.16-5.12.16,data/raw/mturkfitbit_export_4.12.16-5.12.16/Fitabase Data 4.12.16-5.12.16/dailyActivity_merged.csv,258,1440,0.8208,domingo,ligera,False
6290855005,2016-04-25,7802,5.90000009536743,5.90000009536743,0.0,0.680000007152557,0.180000007152557,5.03000020980835,0.0099999997764825,8,3,249,1180,2771,4.12.16-5.12.16,data/raw/mturkfitbit_export_4.12.16-5.12.16/Fitabase Data 4.12.16-5.12.16/dailyActivity_merged.csv,260,1440,0.8194,lunes,activa,False
6290855005,2016-04-26,0,0.0,0.0,0.0,0.0,0.0,0.0,0.0,0,0,0,1440,2060,4.12.16-5.12.16,data/raw/mturkfitbit_export_4.12.16-5.12.16/Fitabase Data 4.12.16-5.12.16/dailyActivity_merged.csv,0,1440,1.0,martes,baja,False
6290855005,2016-04-27,5565,4.21000003814697,4.21000003814697,0.0,0.0,0.0,4.17999982833862,0.0299999993294477,0,0,287,1153,2743,4.12.16-5.12.16,data/raw/mturkfitbit_export_4.12.16-5.12.16/Fitabase Data 4.12.16-5.12.16/dailyActivity_merged.csv,287,1440,0.8007,miércoles,ligera,False
6290855005,2016-04-28,5731,4.32999992370605,4.32999992370605,0.0,0.0,0.0,4.32999992370605,0.0,0,0,255,1185,2687,4.12.16-5.12.16,data/raw/mturkfitbit_export_4.12.16-5.12.16/Fitabase Data 4.12.16-5.12.16/dailyActivity_merged.csv,255,1440,0.8229,jueves,ligera,False
6290855005,2016-04-29,0,0.0,0.0,0.0,0.0,0.0,0.0,0.0,0,0,0,1440,2060,4.12.16-5.12.16,data/raw/mturkfitbit_export_4.12.16-5.12.16/Fitabase Data 4.12.16-5.12.16/dailyActivity_merged.csv,0,1440,1.0,viernes,baja,False
6290855005,2016-04-30,6744,5.09999990463257,5.09999990463257,0.0,0.0,0.0,5.09000015258789,0.0099999997764825,0,0,324,1116,2843,4.12.16-5.12.16,data/raw/mturkfitbit_export_4.12.16-5.12.16/Fitabase Data 4.12.16-5.12.16/dailyActivity_merged.csv,324,1440,0.775,sábado,ligera,False
6290855005,2016-05-01,9837,7.44000005722046,7.44000005722046,0.0,0.660000026226044,2.75,4.0,0.0199999995529652,8,95,282,1055,3327,4.12.16-5.12.16,data/raw/mturkfitbit_export_4.12.16-5.12.16/Fitabase Data 4.12.16-5.12.16/dailyActivity_merged.csv,385,1440,0.7326,domingo,activa,False
6290855005,2016-05-02,6781,5.13000011444092,5.13000011444092,0.0,0.0,0.0,5.1100001335144,0.0199999995529652,0,0,268,1172,2725,4.12.16-5.12.16,data/raw/mturkfitbit_export_4.12.16-5.12.16/Fitabase Data 4.12.16-5.12.16/dailyActivity_merged.csv,268,1440,0.8139,lunes,ligera,False
6290855005,2016-05-03,6047,4.57000017166138,4.57000017166138,0.0,0.0,0.0,4.57000017166138,0.0,0,0,240,1200,2671,4.12.16-5.12.16,data/raw/mturkfitbit_export_4.12.16-5.12.16/Fitabase Data 4.12.16-5.12.16/dailyActivity_merged.csv,240,1440,0.8333,martes,ligera,False
6290855005,2016-05-04,5832,4.40999984741211,4.40999984741211,0.0,0.0,0.0,4.40000009536743,0.0099999997764825,0,0,272,1168,2718,4.12.16-5.12.16,data/raw/mturkfitbit_export_4.12.16-5.12.16/Fitabase Data 4.12.16-5.12.16/dailyActivity_merged.csv,272,1440,0.8111,miércoles,ligera,False
6290855005,2016-05-05,6339,4.78999996185303,4.78999996185303,0.0,0.0,0.0,4.78999996185303,0.0,0,0,239,1201,2682,4.12.16-5.12.16,data/raw/mturkfitbit_export_4.12.16-5.12.16/Fitabase Data 4.12.16-5.12.16/dailyActivity_merged.csv,239,1440,0.834,jueves,ligera,False
6290855005,2016-05-06,6116,4.61999988555908,4.61999988555908,0.0,0.0,0.0,4.59000015258789,0.0299999993294477,0,0,305,1135,2806,4.12.16-5.12.16,data/raw/mturkfitbit_export_4.12.16-5.12.16/Fitabase Data 4.12.16-5.12.16/dailyActivity_merged.csv,305,1440,0.7882,viernes,ligera,False
6290855005,2016-05-07,5510,4.17000007629395,4.17000007629395,0.0,0.0,0.0,4.15999984741211,0.0,0,0,227,1213,2613,4.12.16-5.12.16,data/raw/mturkfitbit_export_4.12.16-5.12.16/Fitabase Data 4.12.16-5.12.16/dailyActivity_merged.csv,227,1440,0.8424,sábado,ligera,False
6290855005,2016-05-08,7706,5.82999992370605,5.82999992370605,0.0,0.0,0.0,5.82000017166138,0.0,0,0,251,1189,2712,4.12.16-5.12.16,data/raw/mturkfitbit_export_4.12.16-5.12.16/Fitabase Data 4.12.16-5.12.16/dailyActivity_merged.csv,251,1440,0.8257,domingo,activa,False
6290855005,2016-05-09,6277,4.75,4.75,0.0,0.0,0.0,4.73000001907349,0.0199999995529652,0,0,264,800,2175,4.12.16-5.12.16,data/raw/mturkfitbit_export_4.12.16-5.12.16/Fitabase Data 4.12.16-5.12.16/dailyActivity_merged.csv,264,1064,0.7519,lunes,ligera,False
6290855005,2016-05-10,0,0.0,0.0,0.0,0.0,0.0,0.0,0.0,0,0,0,1440,0,4.12.16-5.12.16,data/raw/mturkfitbit_export_4.12.16-5.12.16/Fitabase Data 4.12.16-5.12.16/dailyActivity_merged.csv,0,1440,1.0,martes,baja,False
6775888955,2016-04-12,0,0.0,0.0,0.0,0.0,0.0,0.0,0.0,0,0,0,1440,1841,4.12.16-5.12.16,data/raw/mturkfitbit_export_4.12.16-5.12.16/Fitabase Data 4.12.16-5.12.16/dailyActivity_merged.csv,0,1440,1.0,martes,baja,False
6775888955,2016-04-13,4053,2.91000008583069,2.91000008583069,0.0,1.11000001430511,0.579999983310699,1.22000002861023,0.0,17,18,85,1053,2400,4.12.16-5.12.16,data/raw/mturkfitbit_export_4.12.16-5.12.16/Fitabase Data 4.12.16-5.12.16/dailyActivity_merged.csv,120,1173,0.8977,miércoles,baja,False
6775888955,2016-04-14,5162,3.70000004768372,3.70000004768372,0.0,0.870000004768372,0.860000014305115,1.97000002861023,0.0,14,24,105,863,2507,4.12.16-5.12.16,data/raw/mturkfitbit_export_4.12.16-5.12.16/Fitabase Data 4.12.16-5.12.16/dailyActivity_merged.csv,143,1006,0.8579,jueves,ligera,False
6775888955,2016-04-15,1282,0.920000016689301,0.920000016689301,0.0,0.0,0.0,0.920000016689301,0.0,0,0,58,976,2127,4.12.16-5.12.16,data/raw/mturkfitbit_export_4.12.16-5.12.16/Fitabase Data 4.12.16-5.12.16/dailyActivity_merged.csv,58,1034,0.9439,viernes,baja,False
6775888955,2016-04-16,4732,3.39000010490417,3.39000010490417,0.0,2.51999998092651,0.810000002384186,0.0599999986588955,0.0,36,18,9,1377,2225,4.12.16-5.12.16,data/raw/mturkfitbit_export_4.12.16-5.12.16/Fitabase Data 4.12.16-5.12.16/dailyActivity_merged.csv,63,1440,0.9562,sábado,baja,False
6775888955,2016-04-17,2497,1.78999996185303,1.78999996185303,0.0,0.349999994039536,1.12999999523163,0.310000002384186,0.0,5,24,19,1392,2067,4.12.16-5.12.16,data/raw/mturkfitbit_export_4.12.16-5.12.16/Fitabase Data 4.12.16-5.12.16/dailyActivity_merged.csv,48,1440,0.9667,domingo,baja,False
6775888955,2016-04-18,8294,5.94999980926514,5.94999980926514,0.0,2.0,0.769999980926514,3.17000007629395,0.0,30,31,146,1233,2798,4.12.16-5.12.16,data/raw/mturkfitbit_export_4.12.16-5.12.16/Fitabase Data 4.12.16-5.12.16/dailyActivity_merged.csv,207,1440,0.8562,lunes,activa,False
6775888955,2016-04-19,0,0.0,0.0,0.0,0.0,0.0,0.0,0.0,0,0,0,1440,1841,4.12.16-5.12.16,data/raw/mturkfitbit_export_4.12.16-5.12.16/Fitabase Data 4.12.16-5.12.16/dailyActivity_merged.csv,0,1440,1.0,martes,baja,False
6775888955,2016-04-20,10771,7.71999979019165,7.71999979019165,0.0,3.76999998092651,1.74000000953674,2.22000002861023,0.0,70,113,178,1079,3727,4.12.16-5.12.16,data/raw/mturkfitbit_export_4.12.16-5.12.16/Fitabase Data 4.12.16-5.12.16/dailyActivity_merged.csv,361,1440,0.7493,miércoles,muy_activa,True
6775888955,2016-04-21,0,0.0,0.0,0.0,0.0,0.0,0.0,0.0,0,0,0,1440,1841,4.12.16-5.12.16,data/raw/mturkfitbit_export_4.12.16-5.12.16/Fitabase Data 4.12.16-5.12.16/dailyActivity_merged.csv,0,1440,1.0,jueves,baja,False
6775888955,2016-04-22,637,0.46000000834465,0.46000000834465,0.0,0.0,0.0,0.46000000834465,0.0,0,0,20,1420,1922,4.12.16-5.12.16,data/raw/mturkfitbit_export_4.12.16-5.12.16/Fitabase Data 4.12.16-5.12.16/dailyActivity_merged.csv,20,1440,0.9861,viernes,baja,False
6775888955,2016-04-23,0,0.0,0.0,0.0,0.0,0.0,0.0,0.0,0,0,0,1440,1841,4.12.16-5.12.16,data/raw/mturkfitbit_export_4.12.16-5.12.16/Fitabase Data 4.12.16-5.12.16/dailyActivity_merged.csv,0,1440,1.0,sábado,baja,False
6775888955,2016-04-24,2153,1.53999996185303,1.53999996185303,0.0,0.769999980926514,0.620000004768372,0.150000005960464,0.0,11,18,11,1400,2053,4.12.16-5.12.16,data/raw/mturkfitbit_export_4.12.16-5.12.16/Fitabase Data 4.12.16-5.12.16/dailyActivity_merged.csv,40,1440,0.9722,domingo,baja,False
6775888955,2016-04-25,6474,4.6399998664856,4.6399998664856,0.0,2.26999998092651,0.46000000834465,1.89999997615814,0.0,33,13,92,1302,2484,4.12.16-5.12.16,data/raw/mturkfitbit_export_4.12.16-5.12.16/Fitabase Data 4.12.16-5.12.16/dailyActivity_merged.csv,138,1440,0.9042,lunes,ligera,False
6775888955,2016-04-26,7091,5.26999998092651,5.26999998092651,1.95959603786469,3.48000001907349,0.870000004768372,0.730000019073486,0.0,42,30,47,1321,2584,4.12.16-5.12.16,data/raw/mturkfitbit_export_4.12.16-5.12.16/Fitabase Data 4.12.16-5.12.16/dailyActivity_merged.csv,119,1440,0.9174,martes,ligera,False
6775888955,2016-04-27,0,0.0,0.0,0.0,0.0,0.0,0.0,0.0,0,0,0,1440,1841,4.12.16-5.12.16,data/raw/mturkfitbit_export_4.12.16-5.12.16/Fitabase Data 4.12.16-5.12.16/dailyActivity_merged.csv,0,1440,1.0,miércoles,baja,False
6775888955,2016-04-28,703,0.5,0.5,0.0,0.0599999986588955,0.200000002980232,0.239999994635582,0.0,2,13,15,1410,1993,4.12.16-5.12.16,data/raw/mturkfitbit_export_4.12.16-5.12.16/Fitabase Data 4.12.16-5.12.16/dailyActivity_merged.csv,30,1440,0.9792,jueves,baja,False
6775888955,2016-04-29,0,0.0,0.0,0.0,0.0,0.0,0.0,0.0,0,0,0,1440,1841,4.12.16-5.12.16,data/raw/mturkfitbit_export_4.12.16-5.12.16/Fitabase Data 4.12.16-5.12.16/dailyActivity_merged.csv,0,1440,1.0,viernes,baja,False
6775888955,2016-04-30,2503,1.78999996185303,1.78999996185303,0.0,0.159999996423721,0.159999996423721,1.48000001907349,0.0,3,9,84,1344,2280,4.12.16-5.12.16,data/raw/mturkfitbit_export_4.12.16-5.12.16/Fitabase Data 4.12.16-5.12.16/dailyActivity_merged.csv,96,1440,0.9333,sábado,baja,False
6775888955,2016-05-01,2487,1.77999997138977,1.77999997138977,0.0,0.479999989271164,0.620000004768372,0.680000007152557,0.0,9,34,50,1347,2319,4.12.16-5.12.16,data/raw/mturkfitbit_export_4.12.16-5.12.16/Fitabase Data 4.12.16-5.12.16/dailyActivity_merged.csv,93,1440,0.9354,domingo,baja,False
6775888955,2016-05-02,0,0.0,0.0,0.0,0.0,0.0,0.0,0.0,0,0,0,1440,1841,4.12.16-5.12.16,data/raw/mturkfitbit_export_4.12.16-5.12.16/Fitabase Data 4.12.16-5.12.16/dailyActivity_merged.csv,0,1440,1.0,lunes,baja,False
6775888955,2016-05-03,9,0.0099999997764825,0.0099999997764825,0.0,0.0,0.0,0.0099999997764825,0.0,0,0,1,1439,1843,4.12.16-5.12.16,data/raw/mturkfitbit_export_4.12.16-5.12.16/Fitabase Data 4.12.16-5.12.16/dailyActivity_merged.csv,1,1440,0.9993,martes,baja,False
6775888955,2016-05-04,0,0.0,0.0,0.0,0.0,0.0,0.0,0.0,0,0,0,1440,1841,4.12.16-5.12.16,data/raw/mturkfitbit_export_4.12.16-5.12.16/Fitabase Data 4.12.16-5.12.16/dailyActivity_merged.csv,0,1440,1.0,miércoles,baja,False
6775888955,2016-05-05,0,0.0,0.0,0.0,0.0,0.0,0.0,0.0,0,0,0,1440,1841,4.12.16-5.12.16,data/raw/mturkfitbit_export_4.12.16-5.12.16/Fitabase Data 4.12.16-5.12.16/dailyActivity_merged.csv,0,1440,1.0,jueves,baja,False
6775888955,2016-05-06,4697,3.36999988555908,3.36999988555908,0.0,0.469999998807907,0.930000007152557,1.92999994754791,0.0,12,35,75,1318,2496,4.12.16-5.12.16,data/raw/mturkfitbit_export_4.12.16-5.12.16/Fitabase Data 4.12.16-5.12.16/dailyActivity_merged.csv,122,1440,0.9153,viernes,baja,False
6775888955,2016-05-07,1967,1.4099999666214,1.4099999666214,0.0,0.129999995231628,0.239999994635582,1.04999995231628,0.0,2,5,49,551,1032,4.12.16-5.12.16,data/raw/mturkfitbit_export_4.12.16-5.12.16/Fitabase Data 4.12.16-5.12.16/dailyActivity_merged.csv,56,607,0.9077,sábado,baja,False
6962181067,2016-04-13,5652,3.74000000953674,3.74000000953674,0.0,0.569999992847443,1.21000003814697,1.96000003814697,0.0,8,24,142,548,1718,4.12.16-5.12.16,data/raw/mturkfitbit_export_4.12.16-5.12.16/Fitabase Data 4.12.16-5.12.16/dailyActivity_merged.csv,174,722,0.759,miércoles,ligera,False
6962181067,2016-04-14,1551,1.02999997138977,1.02999997138977,0.0,0.0,0.0,1.02999997138977,0.0,0,0,86,862,1466,4.12.16-5.12.16,data/raw/mturkfitbit_export_4.12.16-5.12.16/Fitabase Data 4.12.16-5.12.16/dailyActivity_merged.csv,86,948,0.9093,jueves,baja,False
6962181067,2016-04-15,5563,3.6800000667572,3.6800000667572,0.0,0.0,0.0,3.6800000667572,0.0,0,0,217,837,1756,4.12.16-5.12.16,data/raw/mturkfitbit_export_4.12.16-5.12.16/Fitabase Data 4.12.16-5.12.16/dailyActivity_merged.csv,217,1054,0.7941,viernes,ligera,False
6962181067,2016-04-16,13217,8.73999977111816,8.73999977111816,0.0,3.66000008583069,0.189999997615814,4.88000011444092,0.0,50,3,280,741,2173,4.12.16-5.12.16,data/raw/mturkfitbit_export_4.12.16-5.12.16/Fitabase Data 4.12.16-5.12.16/dailyActivity_merged.csv,333,1074,0.6899,sábado,muy_activa,True
6962181067,2016-04-17,10145,6.71000003814697,6.71000003814697,0.0,0.330000013113022,0.680000007152557,5.69000005722046,0.0,5,13,295,634,2027,4.12.16-5.12.16,data/raw/mturkfitbit_export_4.12.16-5.12.16/Fitabase Data 4.12.16-5.12.16/dailyActivity_merged.csv,313,947,0.6695,domingo,muy_activa,True
6962181067,2016-04-18,11404,7.53999996185303,7.53999996185303,0.0,0.829999983310699,2.39000010490417,4.32000017166138,0.0,13,42,238,689,2039,4.12.16-5.12.16,data/raw/mturkfitbit_export_4.12.16-5.12.16/Fitabase Data 4.12.16-5.12.16/dailyActivity_merged.csv,293,982,0.7016,lunes,muy_activa,True
6962181067,2016-04-19,10742,7.09999990463257,7.09999990463257,0.0,2.09999990463257,2.13000011444092,2.86999988555908,0.0,35,41,195,659,2046,4.12.16-5.12.16,data/raw/mturkfitbit_export_4.12.16-5.12.16/Fitabase Data 4.12.16-5.12.16/dailyActivity_merged.csv,271,930,0.7086,martes,muy_activa,True
6962181067,2016-04-20,13928,9.55000019073486,9.55000019073486,0.0,4.28000020980835,0.189999997615814,5.09000015258789,0.0,48,4,297,639,2174,4.12.16-5.12.16,data/raw/mturkfitbit_export_4.12.16-5.12.16/Fitabase Data 4.12.16-5.12.16/dailyActivity_merged.csv,349,988,0.6468,miércoles,muy_activa,True
6962181067,2016-04-21,11835,9.71000003814697,7.88000011444092,4.08169221878052,3.99000000953674,2.09999990463257,3.50999999046326,0.109999999403954,53,27,214,708,2179,4.12.16-5.12.16,data/raw/mturkfitbit_export_4.12.16-5.12.16/Fitabase Data 4.12.16-5.12.16/dailyActivity_merged.csv,294,1002,0.7066,jueves,muy_activa,True
6962181067,2016-04-22,10725,7.09000015258789,7.09000015258789,0.0,1.76999998092651,1.54999995231628,3.76999998092651,0.0,30,33,240,659,2086,4.12.16-5.12.16,data/raw/mturkfitbit_export_4.12.16-5.12.16/Fitabase Data 4.12.16-5.12.16/dailyActivity_merged.csv,303,962,0.685,viernes,muy_activa,True
6962181067,2016-04-23,20031,13.2399997711182,13.2399997711182,0.0,4.19999980926514,2.0,7.03999996185303,0.0,58,41,347,484,2571,4.12.16-5.12.16,data/raw/mturkfitbit_export_4.12.16-5.12.16/Fitabase Data 4.12.16-5.12.16/dailyActivity_merged.csv,446,930,0.5204,sábado,muy_activa,True
6962181067,2016-04-24,5029,3.3199999332428,3.3199999332428,0.0,0.0,0.0,3.3199999332428,0.0,0,0,199,720,1705,4.12.16-5.12.16,data/raw/mturkfitbit_export_4.12.16-5.12.16/Fitabase Data 4.12.16-5.12.16/dailyActivity_merged.csv,199,919,0.7835,domingo,ligera,False
6962181067,2016-04-25,13239,9.27000045776367,9.07999992370605,2.78517508506775,3.01999998092651,1.67999994754791,4.46000003814697,0.100000001490116,35,31,282,637,2194,4.12.16-5.12.16,data/raw/mturkfitbit_export_4.12.16-5.12.16/Fitabase Data 4.12.16-5.12.16/dailyActivity_merged.csv,348,985,0.6467,lunes,muy_activa,True
6962181067,2016-04-26,10433,6.90000009536743,6.90000009536743,0.0,2.57999992370605,0.419999986886978,3.90000009536743,0.0,36,7,254,680,2012,4.12.16-5.12.16,data/raw/mturkfitbit_export_4.12.16-5.12.16/Fitabase Data 4.12.16-5.12.16/dailyActivity_merged.csv,297,977,0.696,martes,muy_activa,True
6962181067,2016-04-27,10320,6.82000017166138,6.82000017166138,0.0,0.550000011920929,2.01999998092651,4.25,0.0,7,38,279,697,2034,4.12.16-5.12.16,data/raw/mturkfitbit_export_4.12.16-5.12.16/Fitabase Data 4.12.16-5.12.16/dailyActivity_merged.csv,324,1021,0.6827,miércoles,muy_activa,True
6962181067,2016-04-28,12627,8.35000038146973,8.35000038146973,0.0,2.50999999046326,0.239999994635582,5.59000015258789,0.0,38,8,288,621,2182,4.12.16-5.12.16,data/raw/mturkfitbit_export_4.12.16-5.12.16/Fitabase Data 4.12.16-5.12.16/dailyActivity_merged.csv,334,955,0.6503,jueves,muy_activa,True
6962181067,2016-04-29,10762,7.1100001335144,7.1100001335144,0.0,0.819999992847443,0.479999989271164,5.80999994277954,0.0,12,15,369,645,2254,4.12.16-5.12.16,data/raw/mturkfitbit_export_4.12.16-5.12.16/Fitabase Data 4.12.16-5.12.16/dailyActivity_merged.csv,396,1041,0.6196,viernes,muy_activa,True
6962181067,2016-04-30,10081,6.65999984741211,6.65999984741211,0.0,2.24000000953674,0.759999990463257,3.67000007629395,0.0,32,16,237,731,2002,4.12.16-5.12.16,data/raw/mturkfitbit_export_4.12.16-5.12.16/Fitabase Data 4.12.16-5.12.16/dailyActivity_merged.csv,285,1016,0.7195,sábado,muy_activa,True
6962181067,2016-05-01,5454,3.60999989509583,3.60999989509583,0.0,0.0,0.0,3.60999989509583,0.0,0,0,215,722,1740,4.12.16-5.12.16,data/raw/mturkfitbit_export_4.12.16-5.12.16/Fitabase Data 4.12.16-5.12.16/dailyActivity_merged.csv,215,937,0.7705,domingo,ligera,False
6962181067,2016-05-02,12912,8.53999996185303,8.53999996185303,0.0,1.20000004768372,2.0,5.34000015258789,0.0,18,39,313,655,2162,4.12.16-5.12.16,data/raw/mturkfitbit_export_4.12.16-5.12.16/Fitabase Data 4.12.16-5.12.16/dailyActivity_merged.csv,370,1025,0.639,lunes,muy_activa,True
6962181067,2016-05-03,12109,8.11999988555908,8.11999988555908,0.0,1.74000000953674,2.03999996185303,4.32999992370605,0.0,21,36,267,654,2072,4.12.16-5.12.16,data/raw/mturkfitbit_export_4.12.16-5.12.16/Fitabase Data 4.12.16-5.12.16/dailyActivity_merged.csv,324,978,0.6687,martes,muy_activa,True
6962181067,2016-05-04,10147,6.71000003814697,6.71000003814697,0.0,0.469999998807907,1.67999994754791,4.55000019073486,0.0,15,36,284,683,2086,4.12.16-5.12.16,data/raw/mturkfitbit_export_4.12.16-5.12.16/Fitabase Data 4.12.16-5.12.16/dailyActivity_merged.csv,335,1018,0.6709,miércoles,muy_activa,True
6962181067,2016-05-05,10524,6.96000003814697,6.96000003814697,0.0,0.990000009536743,1.1599999666214,4.80999994277954,0.0,14,22,305,591,2066,4.12.16-5.12.16,data/raw/mturkfitbit_export_4.12.16-5.12.16/Fitabase Data 4.12.16-5.12.16/dailyActivity_merged.csv,341,932,0.6341,jueves,muy_activa,True
6962181067,2016-05-06,5908,3.91000008583069,3.91000008583069,0.0,0.0,0.0,3.91000008583069,0.0,0,0,299,717,1850,4.12.16-5.12.16,data/raw/mturkfitbit_export_4.12.16-5.12.16/Fitabase Data 4.12.16-5.12.16/dailyActivity_merged.csv,299,1016,0.7057,viernes,ligera,False
6962181067,2016-05-07,6815,4.5,4.5,0.0,0.0,0.0,4.5,0.0,0,0,328,745,1947,4.12.16-5.12.16,data/raw/mturkfitbit_export_4.12.16-5.12.16/Fitabase Data 4.12.16-5.12.16/dailyActivity_merged.csv,328,1073,0.6943,sábado,ligera,False
6962181067,2016-05-08,4188,2.76999998092651,2.76999998092651,0.0,0.0,0.519999980926514,2.25,0.0,0,14,151,709,1659,4.12.16-5.12.16,data/raw/mturkfitbit_export_4.12.16-5.12.16/Fitabase Data 4.12.16-5.12.16/dailyActivity_merged.csv,165,874,0.8112,domingo,baja,False
6962181067,2016-05-09,12342,8.72000026702881,8.68000030517578,3.16782188415527,3.90000009536743,1.17999994754791,3.65000009536743,0.0,43,21,231,607,2105,4.12.16-5.12.16,data/raw/mturkfitbit_export_4.12.16-5.12.16/Fitabase Data 4.12.16-5.12.16/dailyActivity_merged.csv,295,902,0.6729,lunes,muy_activa,True
6962181067,2016-05-10,15448,10.210000038147,10.210000038147,0.0,3.47000002861023,1.75,4.98999977111816,0.0,62,34,275,626,2361,4.12.16-5.12.16,data/raw/mturkfitbit_export_4.12.16-5.12.16/Fitabase Data 4.12.16-5.12.16/dailyActivity_merged.csv,371,997,0.6279,martes,muy_activa,True
6962181067,2016-05-11,6722,4.44000005722046,4.44000005722046,0.0,1.49000000953674,0.310000002384186,2.65000009536743,0.0,24,7,199,709,1855,4.12.16-5.12.16,data/raw/mturkfitbit_export_4.12.16-5.12.16/Fitabase Data 4.12.16-5.12.16/dailyActivity_merged.csv,230,939,0.7551,miércoles,ligera,False
6962181067,2016-05-12,3587,2.36999988555908,2.36999988555908,0.0,0.0,0.25,2.10999989509583,0.0,0,8,105,127,928,4.12.16-5.12.16,data/raw/mturkfitbit_export_4.12.16-5.12.16/Fitabase Data 4.12.16-5.12.16/dailyActivity_merged.csv,113,240,0.5292,jueves,baja,False
7007744171,2016-04-13,12862,9.64999961853027,8.60000038146973,4.8513069152832,4.6100001335144,0.560000002384186,4.48000001907349,0.0,56,22,261,1101,2742,4.12.16-5.12.16,data/raw/mturkfitbit_export_4.12.16-5.12.16/Fitabase Data 4.12.16-5.12.16/dailyActivity_merged.csv,339,1440,0.7646,miércoles,muy_activa,True
7007744171,2016-04-14,11179,8.23999977111816,7.48000001907349,3.28541493415833,2.95000004768372,0.340000003576279,4.96000003814697,0.0,34,6,304,1096,2668,4.12.16-5.12.16,data/raw/mturkfitbit_export_4.12.16-5.12.16/Fitabase Data 4.12.16-5.12.16/dailyActivity_merged.csv,344,1440,0.7611,jueves,muy_activa,True
7007744171,2016-04-15,5273,3.52999997138977,3.52999997138977,0.0,0.0,0.0,3.52999997138977,0.0,0,0,202,1238,2098,4.12.16-5.12.16,data/raw/mturkfitbit_export_4.12.16-5.12.16/Fitabase Data 4.12.16-5.12.16/dailyActivity_merged.csv,202,1440,0.8597,viernes,ligera,False
7007744171,2016-04-16,4631,3.09999990463257,3.09999990463257,0.0,0.0,0.0,3.09999990463257,0.0,0,0,203,1155,2076,4.12.16-5.12.16,data/raw/mturkfitbit_export_4.12.16-5.12.16/Fitabase Data 4.12.16-5.12.16/dailyActivity_merged.csv,203,1358,0.8505,sábado,baja,False
7007744171,2016-04-17,8059,5.3899998664856,5.3899998664856,0.0,0.0,0.0,5.3899998664856,0.0,0,0,305,1135,2383,4.12.16-5.12.16,data/raw/mturkfitbit_export_4.12.16-5.12.16/Fitabase Data 4.12.16-5.12.16/dailyActivity_merged.csv,305,1440,0.7882,domingo,activa,False
7007744171,2016-04-18,14816,10.9799995422363,9.90999984741211,4.93055009841919,3.78999996185303,2.11999988555908,5.05000019073486,0.0199999995529652,48,31,284,1077,2832,4.12.16-5.12.16,data/raw/mturkfitbit_export_4.12.16-5.12.16/Fitabase Data 4.12.16-5.12.16/dailyActivity_merged.csv,363,1440,0.7479,lunes,muy_activa,True
7007744171,2016-04-19,14194,10.4799995422363,9.5,4.94214200973511,4.40999984741211,0.759999990463257,5.30999994277954,0.0,53,17,304,1066,2812,4.12.16-5.12.16,data/raw/mturkfitbit_export_4.12.16-5.12.16/Fitabase Data 4.12.16-5.12.16/dailyActivity_merged.csv,374,1440,0.7403,martes,muy_activa,True
7007744171,2016-04-20,15566,11.3100004196167,10.4099998474121,4.92484092712402,4.78999996185303,0.670000016689301,5.8600001335144,0.0,60,33,347,1000,3096,4.12.16-5.12.16,data/raw/mturkfitbit_export_4.12.16-5.12.16/Fitabase Data 4.12.16-5.12.16/dailyActivity_merged.csv,440,1440,0.6944,miércoles,muy_activa,True
7007744171,2016-04-21,13744,9.1899995803833,9.1899995803833,0.0,2.15000009536743,1.87000000476837,5.17000007629395,0.0,30,34,327,1049,2763,4.12.16-5.12.16,data/raw/mturkfitbit_export_4.12.16-5.12.16/Fitabase Data 4.12.16-5.12.16/dailyActivity_merged.csv,391,1440,0.7285,jueves,muy_activa,True
7007744171,2016-04-22,15299,10.2399997711182,10.2399997711182,0.0,4.09999990463257,1.75999999046326,4.36999988555908,0.0,64,50,261,1065,2889,4.12.16-5.12.16,data/raw/mturkfitbit_export_4.12.16-5.12.16/Fitabase Data 4.12.16-5.12.16/dailyActivity_merged.csv,375,1440,0.7396,viernes,muy_activa,True
7007744171,2016-04-23,8093,5.40999984741211,5.40999984741211,0.0,0.129999995231628,1.12999999523163,4.15000009536743,0.0,2,25,223,1190,2284,4.12.16-5.12.16,data/raw/mturkfitbit_export_4.12.16-5.12.16/Fitabase Data 4.12.16-5.12.16/dailyActivity_merged.csv,250,1440,0.8264,sábado,activa,False
7007744171,2016-04-24,11085,7.42000007629395,7.42000007629395,0.0,0.0,0.0,7.42000007629395,0.0,0,0,419,1021,2667,4.12.16-5.12.16,data/raw/mturkfitbit_export_4.12.16-5.12.16/Fitabase Data 4.12.16-5.12.16/dailyActivity_merged.csv,419,1440,0.709,domingo,muy_activa,True
7007744171,2016-04-25,18229,13.3400001525879,12.1999998092651,4.86179208755493,4.30999994277954,1.37000000476837,7.67000007629395,0.0,51,24,379,986,3055,4.12.16-5.12.16,data/raw/mturkfitbit_export_4.12.16-5.12.16/Fitabase Data 4.12.16-5.12.16/dailyActivity_merged.csv,454,1440,0.6847,lunes,muy_activa,True
7007744171,2016-04-26,15090,10.1000003814697,10.1000003814697,0.0,0.930000007152557,0.939999997615814,8.22999954223633,0.0,16,22,424,978,2939,4.12.16-5.12.16,data/raw/mturkfitbit_export_4.12.16-5.12.16/Fitabase Data 4.12.16-5.12.16/dailyActivity_merged.csv,462,1440,0.6792,martes,muy_activa,True
7007744171,2016-04-27,13541,10.2200002670288,9.0600004196167,4.88560485839844,4.26999998092651,0.660000026226044,5.28999996185303,0.0,50,12,337,1041,2830,4.12.16-5.12.16,data/raw/mturkfitbit_export_4.12.16-5.12.16/Fitabase Data 4.12.16-5.12.16/dailyActivity_merged.csv,399,1440,0.7229,miércoles,muy_activa,True
7007744171,2016-04-28,15128,10.1199998855591,10.1199998855591,0.0,1.0900000333786,0.769999980926514,8.26000022888184,0.0,16,16,401,1007,2836,4.12.16-5.12.16,data/raw/mturkfitbit_export_4.12.16-5.12.16/Fitabase Data 4.12.16-5.12.16/dailyActivity_merged.csv,433,1440,0.6993,jueves,muy_activa,True
7007744171,2016-04-29,20067,14.3000001907349,13.4200000762939,4.91114616394043,4.30999994277954,2.04999995231628,7.94999980926514,0.0,55,42,382,961,3180,4.12.16-5.12.16,data/raw/mturkfitbit_export_4.12.16-5.12.16/Fitabase Data 4.12.16-5.12.16/dailyActivity_merged.csv,479,1440,0.6674,viernes,muy_activa,True
7007744171,2016-04-30,3761,2.51999998092651,2.51999998092651,0.0,0.0,0.0,2.51999998092651,0.0,0,0,200,1240,2051,4.12.16-5.12.16,data/raw/mturkfitbit_export_4.12.16-5.12.16/Fitabase Data 4.12.16-5.12.16/dailyActivity_merged.csv,200,1440,0.8611,sábado,baja,False
7007744171,2016-05-01,5600,3.75,3.75,0.0,0.0,0.0,3.75,0.0,0,0,237,1142,2225,4.12.16-5.12.16,data/raw/mturkfitbit_export_4.12.16-5.12.16/Fitabase Data 4.12.16-5.12.16/dailyActivity_merged.csv,237,1379,0.8281,domingo,ligera,False
7007744171,2016-05-02,13041,9.18000030517578,8.72000026702881,2.83232593536377,4.6399998664856,0.699999988079071,3.82999992370605,0.0,64,14,250,1112,2642,4.12.16-5.12.16,data/raw/mturkfitbit_export_4.12.16-5.12.16/Fitabase Data 4.12.16-5.12.16/dailyActivity_merged.csv,328,1440,0.7722,lunes,muy_activa,True
7007744171,2016-05-03,14510,10.8699998855591,9.71000003814697,4.91236782073975,4.48000001907349,1.01999998092651,5.3600001335144,0.0,58,31,330,1021,2976,4.12.16-5.12.16,data/raw/mturkfitbit_export_4.12.16-5.12.16/Fitabase Data 4.12.16-5.12.16/dailyActivity_merged.csv,419,1440,0.709,martes,muy_activa,True
7007744171,2016-05-04,0,0.0,0.0,0.0,0.0,0.0,0.0,0.0,0,0,0,1440,1557,4.12.16-5.12.16,data/raw/mturkfitbit_export_4.12.16-5.12.16/Fitabase Data 4.12.16-5.12.16/dailyActivity_merged.csv,0,1440,1.0,miércoles,baja,False
7007744171,2016-05-05,15010,11.1000003814697,10.039999961853,4.8782320022583,4.32999992370605,1.28999996185303,5.48000001907349,0.0,53,23,317,1047,2933,4.12.16-5.12.16,data/raw/mturkfitbit_export_4.12.16-5.12.16/Fitabase Data 4.12.16-5.12.16/dailyActivity_merged.csv,393,1440,0.7271,jueves,muy_activa,True
7007744171,2016-05-06,11459,7.67000007629395,7.67000007629395,0.0,3.0,0.810000002384186,3.85999989509583,0.0,44,13,247,1136,2553,4.12.16-5.12.16,data/raw/mturkfitbit_export_4.12.16-5.12.16/Fitabase Data 4.12.16-5.12.16/dailyActivity_merged.csv,304,1440,0.7889,viernes,muy_activa,True
7007744171,2016-05-07,0,0.0,0.0,0.0,0.0,0.0,0.0,0.0,0,0,0,111,120,4.12.16-5.12.16,data/raw/mturkfitbit_export_4.12.16-5.12.16/Fitabase Data 4.12.16-5.12.16/dailyActivity_merged.csv,0,111,1.0,sábado,baja,False
7086361926,2016-04-13,5813,3.61999988555908,3.61999988555908,0.0,0.560000002384186,0.209999993443489,2.83999991416931,0.0,31,26,155,744,2516,4.12.16-5.12.16,data/raw/mturkfitbit_export_4.12.16-5.12.16/Fitabase Data 4.12.16-5.12.16/dailyActivity_merged.csv,212,956,0.7782,miércoles,ligera,False
7086361926,2016-04-14,9123,6.11999988555908,6.11999988555908,0.0,2.02999997138977,0.330000013113022,3.66000008583069,0.0,35,32,189,787,2734,4.12.16-5.12.16,data/raw/mturkfitbit_export_4.12.16-5.12.16/Fitabase Data 4.12.16-5.12.16/dailyActivity_merged.csv,256,1043,0.7546,jueves,activa,False
7086361926,2016-04-15,8585,5.67000007629395,5.67000007629395,0.0,2.03999996185303,1.11000001430511,2.52999997138977,0.0,30,21,139,864,2395,4.12.16-5.12.16,data/raw/mturkfitbit_export_4.12.16-5.12.16/Fitabase Data 4.12.16-5.12.16/dailyActivity_merged.csv,190,1054,0.8197,viernes,activa,False
7086361926,2016-04-16,31,0.0099999997764825,0.0099999997764825,0.0,0.0,0.0,0.0099999997764825,0.0,0,0,3,1437,1635,4.12.16-5.12.16,data/raw/mturkfitbit_export_4.12.16-5.12.16/Fitabase Data 4.12.16-5.12.16/dailyActivity_merged.csv,3,1440,0.9979,sábado,baja,False
7086361926,2016-04-17,0,0.0,0.0,0.0,0.0,0.0,0.0,0.0,0,0,0,1440,1629,4.12.16-5.12.16,data/raw/mturkfitbit_export_4.12.16-5.12.16/Fitabase Data 4.12.16-5.12.16/dailyActivity_merged.csv,0,1440,1.0,domingo,baja,False
7086361926,2016-04-18,9827,6.71000003814697,6.71000003814697,0.0,3.17000007629395,1.22000002861023,2.30999994277954,0.0,61,51,114,1136,2743,4.12.16-5.12.16,data/raw/mturkfitbit_export_4.12.16-5.12.16/Fitabase Data 4.12.16-5.12.16/dailyActivity_merged.csv,226,1362,0.8341,lunes,activa,False
7086361926,2016-04-19,10688,7.28999996185303,7.28999996185303,0.0,3.52999997138977,1.23000001907349,2.50999999046326,0.0,67,69,124,671,2944,4.12.16-5.12.16,data/raw/mturkfitbit_export_4.12.16-5.12.16/Fitabase Data 4.12.16-5.12.16/dailyActivity_merged.csv,260,931,0.7207,martes,muy_activa,True
7086361926,2016-04-20,14365,10.6400003433228,10.6400003433228,0.0,7.6399998664856,0.449999988079071,2.53999996185303,0.0,87,13,145,797,2997,4.12.16-5.12.16,data/raw/mturkfitbit_export_4.12.16-5.12.16/Fitabase Data 4.12.16-5.12.16/dailyActivity_merged.csv,245,1042,0.7649,miércoles,muy_activa,True
7086361926,2016-04-21,9469,6.17999982833862,6.17999982833862,0.0,1.36000001430511,0.300000011920929,4.51000022888184,0.0,19,6,206,758,2463,4.12.16-5.12.16,data/raw/mturkfitbit_export_4.12.16-5.12.16/Fitabase Data 4.12.16-5.12.16/dailyActivity_merged.csv,231,989,0.7664,jueves,activa,False
7086361926,2016-04-22,9753,6.53000020980835,6.53000020980835,0.0,2.86999988555908,0.970000028610229,2.67000007629395,0.0,58,59,153,762,2846,4.12.16-5.12.16,data/raw/mturkfitbit_export_4.12.16-5.12.16/Fitabase Data 4.12.16-5.12.16/dailyActivity_merged.csv,270,1032,0.7384,viernes,activa,False
7086361926,2016-04-23,2817,1.80999994277954,1.80999994277954,0.0,0.0,0.0,1.79999995231628,0.0,0,0,90,1350,1965,4.12.16-5.12.16,data/raw/mturkfitbit_export_4.12.16-5.12.16/Fitabase Data 4.12.16-5.12.16/dailyActivity_merged.csv,90,1440,0.9375,sábado,baja,False
7086361926,2016-04-24,3520,2.16000008583069,2.16000008583069,0.0,0.0,0.0,2.15000009536743,0.0,0,0,125,566,2049,4.12.16-5.12.16,data/raw/mturkfitbit_export_4.12.16-5.12.16/Fitabase Data 4.12.16-5.12.16/dailyActivity_merged.csv,125,691,0.8191,domingo,baja,False
7086361926,2016-04-25,10091,6.82000017166138,6.82000017166138,0.0,3.75,0.699999988079071,2.36999988555908,0.0,69,39,129,706,2752,4.12.16-5.12.16,data/raw/mturkfitbit_export_4.12.16-5.12.16/Fitabase Data 4.12.16-5.12.16/dailyActivity_merged.csv,237,943,0.7487,lunes,muy_activa,True
7086361926,2016-04-26,10387,7.07000017166138,7.07000017166138,0.0,4.15999984741211,0.769999980926514,2.11999988555908,0.0,70,33,132,726,2781,4.12.16-5.12.16,data/raw/mturkfitbit_export_4.12.16-5.12.16/Fitabase Data 4.12.16-5.12.16/dailyActivity_merged.csv,235,961,0.7555,martes,muy_activa,True
7086361926,2016-04-27,11107,8.34000015258789,8.34000015258789,0.0,5.63000011444092,0.180000007152557,2.52999997138977,0.0,55,6,145,829,2693,4.12.16-5.12.16,data/raw/mturkfitbit_export_4.12.16-5.12.16/Fitabase Data 4.12.16-5.12.16/dailyActivity_merged.csv,206,1035,0.801,miércoles,muy_activa,True
7086361926,2016-04-28,11584,7.80000019073486,7.80000019073486,0.0,2.78999996185303,1.63999998569489,3.35999989509583,0.0,54,48,161,810,2862,4.12.16-5.12.16,data/raw/mturkfitbit_export_4.12.16-5.12.16/Fitabase Data 4.12.16-5.12.16/dailyActivity_merged.csv,263,1073,0.7549,jueves,muy_activa,True
7086361926,2016-04-29,7881,4.94999980926514,4.94999980926514,0.0,0.490000009536743,0.449999988079071,4.0,0.0,24,36,182,1198,2616,4.12.16-5.12.16,data/raw/mturkfitbit_export_4.12.16-5.12.16/Fitabase Data 4.12.16-5.12.16/dailyActivity_merged.csv,242,1440,0.8319,viernes,activa,False
7086361926,2016-04-30,14560,9.40999984741211,9.40999984741211,0.0,3.11999988555908,1.03999996185303,5.23999977111816,0.0,42,17,308,584,2995,4.12.16-5.12.16,data/raw/mturkfitbit_export_4.12.16-5.12.16/Fitabase Data 4.12.16-5.12.16/dailyActivity_merged.csv,367,951,0.6141,sábado,muy_activa,True
7086361926,2016-05-01,12390,8.06999969482422,8.06999969482422,0.0,2.29999995231628,0.899999976158142,4.84999990463257,0.0,30,15,258,685,2730,4.12.16-5.12.16,data/raw/mturkfitbit_export_4.12.16-5.12.16/Fitabase Data 4.12.16-5.12.16/dailyActivity_merged.csv,303,988,0.6933,domingo,muy_activa,True
7086361926,2016-05-02,10052,6.80999994277954,6.80999994277954,0.0,3.48000001907349,0.660000026226044,2.66000008583069,0.0,66,26,139,737,2754,4.12.16-5.12.16,data/raw/mturkfitbit_export_4.12.16-5.12.16/Fitabase Data 4.12.16-5.12.16/dailyActivity_merged.csv,231,968,0.7614,lunes,muy_activa,True
7086361926,2016-05-03,10288,6.76000022888184,6.76000022888184,0.0,2.74000000953674,0.850000023841858,3.16000008583069,0.0,57,36,152,761,2754,4.12.16-5.12.16,data/raw/mturkfitbit_export_4.12.16-5.12.16/Fitabase Data 4.12.16-5.12.16/dailyActivity_merged.csv,245,1006,0.7565,martes,muy_activa,True
7086361926,2016-05-04,10988,8.3100004196167,8.3100004196167,0.0,5.28000020980835,0.119999997317791,2.90000009536743,0.0,45,12,135,843,2655,4.12.16-5.12.16,data/raw/mturkfitbit_export_4.12.16-5.12.16/Fitabase Data 4.12.16-5.12.16/dailyActivity_merged.csv,192,1035,0.8145,miércoles,muy_activa,True
7086361926,2016-05-05,8564,5.59999990463257,5.59999990463257,0.0,1.77999997138977,0.829999983310699,2.95000004768372,0.0,24,14,149,1253,2386,4.12.16-5.12.16,data/raw/mturkfitbit_export_4.12.16-5.12.16/Fitabase Data 4.12.16-5.12.16/dailyActivity_merged.csv,187,1440,0.8701,jueves,activa,False
7086361926,2016-05-06,12461,8.38000011444092,8.38000011444092,0.0,3.8199999332428,1.42999994754791,3.11999988555908,0.0,84,35,154,834,2924,4.12.16-5.12.16,data/raw/mturkfitbit_export_4.12.16-5.12.16/Fitabase Data 4.12.16-5.12.16/dailyActivity_merged.csv,273,1107,0.7534,viernes,muy_activa,True
7086361926,2016-05-07,12827,8.47999954223633,8.47999954223633,0.0,1.46000003814697,2.32999992370605,4.67999982833862,0.0,20,42,209,621,2739,4.12.16-5.12.16,data/raw/mturkfitbit_export_4.12.16-5.12.16/Fitabase Data 4.12.16-5.12.16/dailyActivity_merged.csv,271,892,0.6962,sábado,muy_activa,True
7086361926,2016-05-08,10677,7.09999990463257,7.09999990463257,0.0,2.30999994277954,1.52999997138977,3.25,0.0,32,27,147,695,2534,4.12.16-5.12.16,data/raw/mturkfitbit_export_4.12.16-5.12.16/Fitabase Data 4.12.16-5.12.16/dailyActivity_merged.csv,206,901,0.7714,domingo,muy_activa,True
7086361926,2016-05-09,13566,9.10999965667725,9.10999965667725,0.0,4.26000022888184,1.71000003814697,3.11999988555908,0.0,67,50,171,743,2960,4.12.16-5.12.16,data/raw/mturkfitbit_export_4.12.16-5.12.16/Fitabase Data 4.12.16-5.12.16/dailyActivity_merged.csv,288,1031,0.7207,lunes,muy_activa,True
7086361926,2016-05-10,14433,10.789999961853,10.789999961853,0.0,7.1100001335144,1.20000004768372,2.45000004768372,0.0,72,23,106,1182,2800,4.12.16-5.12.16,data/raw/mturkfitbit_export_4.12.16-5.12.16/Fitabase Data 4.12.16-5.12.16/dailyActivity_merged.csv,201,1383,0.8547,martes,muy_activa,True
7086361926,2016-05-11,9572,6.51999998092651,6.51999998092651,0.0,2.89000010490417,1.38999998569489,2.23000001907349,0.0,57,40,128,757,2735,4.12.16-5.12.16,data/raw/mturkfitbit_export_4.12.16-5.12.16/Fitabase Data 4.12.16-5.12.16/dailyActivity_merged.csv,225,982,0.7709,miércoles,activa,False
7086361926,2016-05-12,3789,2.55999994277954,2.55999994277954,0.0,0.379999995231628,0.270000010728836,1.88999998569489,0.0,5,4,58,343,1199,4.12.16-5.12.16,data/raw/mturkfitbit_export_4.12.16-5.12.16/Fitabase Data 4.12.16-5.12.16/dailyActivity_merged.csv,67,410,0.8366,jueves,baja,False
8053475328,2016-04-13,16433,13.3500003814697,13.3500003814697,0.0,10.4300003051758,0.469999998807907,2.45000004768372,0.0,95,12,156,1177,3140,4.12.16-5.12.16,data/raw/mturkfitbit_export_4.12.16-5.12.16/Fitabase Data 4.12.16-5.12.16/dailyActivity_merged.csv,263,1440,0.8174,miércoles,muy_activa,True
8053475328,2016-04-14,20159,15.9700002670288,15.9700002670288,0.0,12.3400001525879,0.209999993443489,3.35999989509583,0.0,119,5,193,1123,3411,4.12.16-5.12.16,data/raw/mturkfitbit_export_4.12.16-5.12.16/Fitabase Data 4.12.16-5.12.16/dailyActivity_merged.csv,317,1440,0.7799,jueves,muy_activa,True
8053475328,2016-04-15,20669,16.2399997711182,16.2399997711182,0.0,13.2600002288818,0.389999985694885,2.58999991416931,0.0,132,8,158,1142,3410,4.12.16-5.12.16,data/raw/mturkfitbit_export_4.12.16-5.12.16/Fitabase Data 4.12.16-5.12.16/dailyActivity_merged.csv,298,1440,0.7931,viernes,muy_activa,True
8053475328,2016-04-16,14549,11.1099996566772,11.1099996566772,0.0,9.35999965667725,0.270000010728836,1.49000000953674,0.0,96,6,83,1255,2867,4.12.16-5.12.16,data/raw/mturkfitbit_export_4.12.16-5.12.16/Fitabase Data 4.12.16-5.12.16/dailyActivity_merged.csv,185,1440,0.8715,sábado,muy_activa,True
8053475328,2016-04-17,18827,13.6899995803833,13.6899995803833,0.0,9.23999977111816,0.800000011920929,3.64000010490417,0.0,111,21,195,1113,3213,4.12.16-5.12.16,data/raw/mturkfitbit_export_4.12.16-5.12.16/Fitabase Data 4.12.16-5.12.16/dailyActivity_merged.csv,327,1440,0.7729,domingo,muy_activa,True
8053475328,2016-04-18,17076,12.6599998474121,12.6599998474121,0.0,9.07999992370605,0.230000004172325,3.34999990463257,0.0,102,6,195,1137,3133,4.12.16-5.12.16,data/raw/mturkfitbit_export_4.12.16-5.12.16/Fitabase Data 4.12.16-5.12.16/dailyActivity_merged.csv,303,1440,0.7896,lunes,muy_activa,True
8053475328,2016-04-19,15929,12.4799995422363,12.4799995422363,0.0,9.22000026702881,0.310000002384186,2.95000004768372,0.0,90,7,191,1152,3114,4.12.16-5.12.16,data/raw/mturkfitbit_export_4.12.16-5.12.16/Fitabase Data 4.12.16-5.12.16/dailyActivity_merged.csv,288,1440,0.8,martes,muy_activa,True
8053475328,2016-04-20,15108,12.1899995803833,12.1899995803833,0.0,9.57999992370605,0.230000004172325,2.38000011444092,0.0,89,5,158,695,3043,4.12.16-5.12.16,data/raw/mturkfitbit_export_4.12.16-5.12.16/Fitabase Data 4.12.16-5.12.16/dailyActivity_merged.csv,252,947,0.7339,miércoles,muy_activa,True
8053475328,2016-04-21,16057,12.5100002288818,12.5100002288818,0.0,9.67000007629395,0.25,2.57999992370605,0.0,100,6,170,1164,3103,4.12.16-5.12.16,data/raw/mturkfitbit_export_4.12.16-5.12.16/Fitabase Data 4.12.16-5.12.16/dailyActivity_merged.csv,276,1440,0.8083,jueves,muy_activa,True
8053475328,2016-04-22,10520,8.28999996185303,8.28999996185303,0.0,6.26000022888184,0.150000005960464,1.87999999523163,0.0,60,3,117,1260,2655,4.12.16-5.12.16,data/raw/mturkfitbit_export_4.12.16-5.12.16/Fitabase Data 4.12.16-5.12.16/dailyActivity_merged.csv,180,1440,0.875,viernes,muy_activa,True
8053475328,2016-04-23,22359,17.1900005340576,17.1900005340576,0.0,12.539999961853,0.629999995231628,4.01999998092651,0.0,125,14,223,741,3554,4.12.16-5.12.16,data/raw/mturkfitbit_export_4.12.16-5.12.16/Fitabase Data 4.12.16-5.12.16/dailyActivity_merged.csv,362,1103,0.6718,sábado,muy_activa,True
8053475328,2016-04-24,22988,17.9500007629395,17.9500007629395,0.0,13.1300001144409,1.54999995231628,3.25999999046326,0.0,129,33,182,1096,3577,4.12.16-5.12.16,data/raw/mturkfitbit_export_4.12.16-5.12.16/Fitabase Data 4.12.16-5.12.16/dailyActivity_merged.csv,344,1440,0.7611,domingo,muy_activa,True
8053475328,2016-04-25,20500,15.6899995803833,15.6899995803833,0.0,11.3699998855591,0.46000000834465,3.85999989509583,0.0,118,9,209,1104,3403,4.12.16-5.12.16,data/raw/mturkfitbit_export_4.12.16-5.12.16/Fitabase Data 4.12.16-5.12.16/dailyActivity_merged.csv,336,1440,0.7667,lunes,muy_activa,True
8053475328,2016-04-26,12685,9.61999988555908,9.61999988555908,0.0,6.30999994277954,0.200000002980232,3.09999990463257,0.0,68,5,185,1182,2846,4.12.16-5.12.16,data/raw/mturkfitbit_export_4.12.16-5.12.16/Fitabase Data 4.12.16-5.12.16/dailyActivity_merged.csv,258,1440,0.8208,martes,muy_activa,True
8053475328,2016-04-27,12422,9.81999969482422,9.81999969482422,0.0,6.46000003814697,0.430000007152557,2.9300000667572,0.0,60,10,183,1187,2852,4.12.16-5.12.16,data/raw/mturkfitbit_export_4.12.16-5.12.16/Fitabase Data 4.12.16-5.12.16/dailyActivity_merged.csv,253,1440,0.8243,miércoles,muy_activa,True
8053475328,2016-04-28,15447,12.3999996185303,12.3999996185303,0.0,9.67000007629395,0.389999985694885,2.34999990463257,0.0,90,9,153,1188,3062,4.12.16-5.12.16,data/raw/mturkfitbit_export_4.12.16-5.12.16/Fitabase Data 4.12.16-5.12.16/dailyActivity_merged.csv,252,1440,0.825,jueves,muy_activa,True
8053475328,2016-04-29,12315,9.64999961853027,9.64999961853027,0.0,6.17000007629395,0.310000002384186,3.17000007629395,0.0,58,8,159,1215,2794,4.12.16-5.12.16,data/raw/mturkfitbit_export_4.12.16-5.12.16/Fitabase Data 4.12.16-5.12.16/dailyActivity_merged.csv,225,1440,0.8438,viernes,muy_activa,True
8053475328,2016-04-30,7135,5.59000015258789,5.59000015258789,0.0,2.99000000953674,0.0599999986588955,2.53999996185303,0.0,27,1,131,1281,2408,4.12.16-5.12.16,data/raw/mturkfitbit_export_4.12.16-5.12.16/Fitabase Data 4.12.16-5.12.16/dailyActivity_merged.csv,159,1440,0.8896,sábado,ligera,False
8053475328,2016-05-01,1170,0.850000023841858,0.850000023841858,0.0,0.0,0.0,0.850000023841858,0.0,0,0,51,1389,1886,4.12.16-5.12.16,data/raw/mturkfitbit_export_4.12.16-5.12.16/Fitabase Data 4.12.16-5.12.16/dailyActivity_merged.csv,51,1440,0.9646,domingo,baja,False
8053475328,2016-05-02,1969,1.42999994754791,1.42999994754791,0.0,0.0,0.0,1.42999994754791,0.0,0,0,95,1345,1988,4.12.16-5.12.16,data/raw/mturkfitbit_export_4.12.16-5.12.16/Fitabase Data 4.12.16-5.12.16/dailyActivity_merged.csv,95,1440,0.934,lunes,baja,False
8053475328,2016-05-03,15484,11.8999996185303,11.8999996185303,0.0,8.39000034332275,0.930000007152557,2.58999991416931,0.0,87,22,165,1166,3023,4.12.16-5.12.16,data/raw/mturkfitbit_export_4.12.16-5.12.16/Fitabase Data 4.12.16-5.12.16/dailyActivity_merged.csv,274,1440,0.8097,martes,muy_activa,True
8053475328,2016-05-04,14581,11.1499996185303,11.1499996185303,0.0,8.81999969482422,0.400000005960464,1.9099999666214,0.0,89,8,123,1220,2918,4.12.16-5.12.16,data/raw/mturkfitbit_export_4.12.16-5.12.16/Fitabase Data 4.12.16-5.12.16/dailyActivity_merged.csv,220,1440,0.8472,miércoles,muy_activa,True
8053475328,2016-05-05,14990,11.5100002288818,11.5100002288818,0.0,8.85000038146973,0.449999988079071,2.21000003814697,0.0,93,9,130,1208,2950,4.12.16-5.12.16,data/raw/mturkfitbit_export_4.12.16-5.12.16/Fitabase Data 4.12.16-5.12.16/dailyActivity_merged.csv,232,1440,0.8389,jueves,muy_activa,True
8053475328,2016-05-06,13953,11.0,11.0,0.0,9.10000038146973,0.689999997615814,1.21000003814697,0.0,90,15,90,1245,2859,4.12.16-5.12.16,data/raw/mturkfitbit_export_4.12.16-5.12.16/Fitabase Data 4.12.16-5.12.16/dailyActivity_merged.csv,195,1440,0.8646,viernes,muy_activa,True
8053475328,2016-05-07,19769,15.6700000762939,15.6700000762939,0.0,12.4399995803833,0.879999995231628,2.34999990463257,0.0,121,20,148,1076,3331,4.12.16-5.12.16,data/raw/mturkfitbit_export_4.12.16-5.12.16/Fitabase Data 4.12.16-5.12.16/dailyActivity_merged.csv,289,1365,0.7883,sábado,muy_activa,True
8053475328,2016-05-08,22026,17.6499996185303,17.6499996185303,0.0,13.3999996185303,0.589999973773956,3.66000008583069,0.0,125,14,228,1073,3589,4.12.16-5.12.16,data/raw/mturkfitbit_export_4.12.16-5.12.16/Fitabase Data 4.12.16-5.12.16/dailyActivity_merged.csv,367,1440,0.7451,domingo,muy_activa,True
8053475328,2016-05-09,12465,9.38000011444092,9.38000011444092,0.0,6.11999988555908,0.569999992847443,2.69000005722046,0.0,66,12,148,1214,2765,4.12.16-5.12.16,data/raw/mturkfitbit_export_4.12.16-5.12.16/Fitabase Data 4.12.16-5.12.16/dailyActivity_merged.csv,226,1440,0.8431,lunes,muy_activa,True
8053475328,2016-05-10,14810,11.3599996566772,11.3599996566772,0.0,9.09000015258789,0.419999986886978,1.85000002384186,0.0,96,10,115,1219,2926,4.12.16-5.12.16,data/raw/mturkfitbit_export_4.12.16-5.12.16/Fitabase Data 4.12.16-5.12.16/dailyActivity_merged.csv,221,1440,0.8465,martes,muy_activa,True
8053475328,2016-05-11,12209,9.39999961853027,9.39999961853027,0.0,6.07999992370605,0.280000001192093,3.03999996185303,0.0,60,7,184,1189,2809,4.12.16-5.12.16,data/raw/mturkfitbit_export_4.12.16-5.12.16/Fitabase Data 4.12.16-5.12.16/dailyActivity_merged.csv,251,1440,0.8257,miércoles,muy_activa,True
8053475328,2016-05-12,4998,3.91000008583069,3.91000008583069,0.0,2.95000004768372,0.200000002980232,0.759999990463257,0.0,28,4,39,839,1505,4.12.16-5.12.16,data/raw/mturkfitbit_export_4.12.16-5.12.16/Fitabase Data 4.12.16-5.12.16/dailyActivity_merged.csv,71,910,0.922,jueves,baja,False
8253242879,2016-04-13,8053,6.09999990463257,6.09999990463257,0.0,4.17000007629395,0.629999995231628,1.30999994277954,0.0,35,11,96,1298,1935,4.12.16-5.12.16,data/raw/mturkfitbit_export_4.12.16-5.12.16/Fitabase Data 4.12.16-5.12.16/dailyActivity_merged.csv,142,1440,0.9014,miércoles,activa,False
8253242879,2016-04-14,5234,3.46000003814697,3.46000003814697,0.0,1.92999994754791,0.990000009536743,0.540000021457672,0.0,29,16,33,1362,1705,4.12.16-5.12.16,data/raw/mturkfitbit_export_4.12.16-5.12.16/Fitabase Data 4.12.16-5.12.16/dailyActivity_merged.csv,78,1440,0.9458,jueves,ligera,False
8253242879,2016-04-15,2672,1.76999998092651,1.76999998092651,0.0,0.0,0.0,1.75999999046326,0.0,0,0,105,1335,1632,4.12.16-5.12.16,data/raw/mturkfitbit_export_4.12.16-5.12.16/Fitabase Data 4.12.16-5.12.16/dailyActivity_merged.csv,105,1440,0.9271,viernes,baja,False
8253242879,2016-04-16,9256,6.1399998664856,6.1399998664856,0.0,0.430000007152557,3.26999998092651,2.45000004768372,0.0,6,51,115,1268,1880,4.12.16-5.12.16,data/raw/mturkfitbit_export_4.12.16-5.12.16/Fitabase Data 4.12.16-5.12.16/dailyActivity_merged.csv,172,1440,0.8806,sábado,activa,False
8253242879,2016-04-17,10204,7.90999984741211,7.90999984741211,0.0,5.42999982833862,0.150000005960464,2.32999992370605,0.0,41,5,157,1237,2112,4.12.16-5.12.16,data/raw/mturkfitbit_export_4.12.16-5.12.16/Fitabase Data 4.12.16-5.12.16/dailyActivity_merged.csv,203,1440,0.859,domingo,muy_activa,True
8253242879,2016-04-18,5151,3.48000001907349,3.48000001907349,0.0,1.03999996185303,0.629999995231628,1.79999995231628,0.0,16,16,130,1278,1829,4.12.16-5.12.16,data/raw/mturkfitbit_export_4.12.16-5.12.16/Fitabase Data 4.12.16-5.12.16/dailyActivity_merged.csv,162,1440,0.8875,lunes,ligera,False
8253242879,2016-04-19,4212,2.77999997138977,2.77999997138977,0.0,0.0,0.0,2.77999997138977,0.0,0,0,164,1276,1763,4.12.16-5.12.16,data/raw/mturkfitbit_export_4.12.16-5.12.16/Fitabase Data 4.12.16-5.12.16/dailyActivity_merged.csv,164,1440,0.8861,martes,baja,False
8253242879,2016-04-20,6466,4.26999998092651,4.26999998092651,0.0,0.330000013113022,0.819999992847443,3.10999989509583,0.0099999997764825,5,18,216,1201,1931,4.12.16-5.12.16,data/raw/mturkfitbit_export_4.12.16-5.12.16/Fitabase Data 4.12.16-5.12.16/dailyActivity_merged.csv,239,1440,0.834,miércoles,ligera,False
8253242879,2016-04-21,11268,8.5600004196167,8.5600004196167,0.0,5.88000011444092,0.930000007152557,1.75,0.0,49,20,172,1199,2218,4.12.16-5.12.16,data/raw/mturkfitbit_export_4.12.16-5.12.16/Fitabase Data 4.12.16-5.12.16/dailyActivity_merged.csv,241,1440,0.8326,jueves,muy_activa,True
8253242879,2016-04-22,2824,1.87000000476837,1.87000000476837,0.0,0.0,0.0,1.87000000476837,0.0,0,0,120,1320,1651,4.12.16-5.12.16,data/raw/mturkfitbit_export_4.12.16-5.12.16/Fitabase Data 4.12.16-5.12.16/dailyActivity_merged.csv,120,1440,0.9167,viernes,baja,False
8253242879,2016-04-23,9282,6.26000022888184,6.26000022888184,0.0,2.08999991416931,1.03999996185303,3.13000011444092,0.0,30,26,191,1193,2132,4.12.16-5.12.16,data/raw/mturkfitbit_export_4.12.16-5.12.16/Fitabase Data 4.12.16-5.12.16/dailyActivity_merged.csv,247,1440,0.8285,sábado,activa,False
8253242879,2016-04-24,8905,7.13000011444092,7.13000011444092,0.0,5.59999990463257,0.189999997615814,1.3400000333786,0.0,41,4,82,1313,1976,4.12.16-5.12.16,data/raw/mturkfitbit_export_4.12.16-5.12.16/Fitabase Data 4.12.16-5.12.16/dailyActivity_merged.csv,127,1440,0.9118,domingo,activa,False
8253242879,2016-04-25,6829,4.51000022888184,4.51000022888184,0.0,0.360000014305115,2.39000010490417,1.76999998092651,0.0,7,54,118,1261,1909,4.12.16-5.12.16,data/raw/mturkfitbit_export_4.12.16-5.12.16/Fitabase Data 4.12.16-5.12.16/dailyActivity_merged.csv,179,1440,0.8757,lunes,ligera,False
8253242879,2016-04-26,4562,3.03999996185303,3.03999996185303,0.0,1.17999994754791,0.490000009536743,1.37000000476837,0.0,19,14,108,1299,1813,4.12.16-5.12.16,data/raw/mturkfitbit_export_4.12.16-5.12.16/Fitabase Data 4.12.16-5.12.16/dailyActivity_merged.csv,141,1440,0.9021,martes,baja,False
8253242879,2016-04-27,10232,8.18000030517578,8.18000030517578,0.0,6.23999977111816,0.230000004172325,1.70000004768372,0.0,45,5,104,1286,2008,4.12.16-5.12.16,data/raw/mturkfitbit_export_4.12.16-5.12.16/Fitabase Data 4.12.16-5.12.16/dailyActivity_merged.csv,154,1440,0.8931,miércoles,muy_activa,True
8253242879,2016-04-28,2718,1.79999995231628,1.79999995231628,0.0,0.670000016689301,0.779999971389771,0.340000003576279,0.0,11,16,20,1393,1580,4.12.16-5.12.16,data/raw/mturkfitbit_export_4.12.16-5.12.16/Fitabase Data 4.12.16-5.12.16/dailyActivity_merged.csv,47,1440,0.9674,jueves,baja,False
8253242879,2016-04-29,6260,4.26000022888184,4.26000022888184,0.0,1.28999996185303,0.540000021457672,2.40000009536743,0.0,16,14,136,1257,1854,4.12.16-5.12.16,data/raw/mturkfitbit_export_4.12.16-5.12.16/Fitabase Data 4.12.16-5.12.16/dailyActivity_merged.csv,166,1423,0.8833,viernes,ligera,False
8253242879,2016-04-30,0,0.0,0.0,0.0,0.0,0.0,0.0,0.0,0,0,0,1440,0,4.12.16-5.12.16,data/raw/mturkfitbit_export_4.12.16-5.12.16/Fitabase Data 4.12.16-5.12.16/dailyActivity_merged.csv,0,1440,1.0,sábado,baja,False
8378563200,2016-04-13,12386,9.81999969482422,9.81999969482422,2.0921471118927,4.96000003814697,0.649999976158142,4.21000003814697,0.0,116,14,169,680,4079,4.12.16-5.12.16,data/raw/mturkfitbit_export_4.12.16-5.12.16/Fitabase Data 4.12.16-5.12.16/dailyActivity_merged.csv,299,979,0.6946,miércoles,muy_activa,True
8378563200,2016-04-14,13318,10.5600004196167,10.5600004196167,2.25308108329773,5.61999988555908,1.02999997138977,3.91000008583069,0.0,123,21,174,699,4163,4.12.16-5.12.16,data/raw/mturkfitbit_export_4.12.16-5.12.16/Fitabase Data 4.12.16-5.12.16/dailyActivity_merged.csv,318,1017,0.6873,jueves,muy_activa,True
8378563200,2016-04-15,14461,11.4700002670288,11.4700002670288,0.0,4.90999984741211,1.14999997615814,5.40999984741211,0.0,60,23,190,729,3666,4.12.16-5.12.16,data/raw/mturkfitbit_export_4.12.16-5.12.16/Fitabase Data 4.12.16-5.12.16/dailyActivity_merged.csv,273,1002,0.7275,viernes,muy_activa,True
8378563200,2016-04-16,11207,8.89000034332275,8.89000034332275,0.0,5.36999988555908,1.07000005245209,2.44000005722046,0.0,64,21,142,563,3363,4.12.16-5.12.16,data/raw/mturkfitbit_export_4.12.16-5.12.16/Fitabase Data 4.12.16-5.12.16/dailyActivity_merged.csv,227,790,0.7127,sábado,muy_activa,True
8378563200,2016-04-17,2132,1.69000005722046,1.69000005722046,0.0,0.0,0.0,1.69000005722046,0.0,0,0,93,599,2572,4.12.16-5.12.16,data/raw/mturkfitbit_export_4.12.16-5.12.16/Fitabase Data 4.12.16-5.12.16/dailyActivity_merged.csv,93,692,0.8656,domingo,baja,False
8378563200,2016-04-18,13630,10.8100004196167,10.8100004196167,2.0921471118927,5.05000019073486,0.560000002384186,5.19999980926514,0.0,117,10,174,720,4157,4.12.16-5.12.16,data/raw/mturkfitbit_export_4.12.16-5.12.16/Fitabase Data 4.12.16-5.12.16/dailyActivity_merged.csv,301,1021,0.7052,lunes,muy_activa,True
8378563200,2016-04-19,13070,10.3599996566772,10.3599996566772,2.25308108329773,5.30000019073486,0.879999995231628,4.17999982833862,0.0,120,19,154,737,4092,4.12.16-5.12.16,data/raw/mturkfitbit_export_4.12.16-5.12.16/Fitabase Data 4.12.16-5.12.16/dailyActivity_merged.csv,293,1030,0.7155,martes,muy_activa,True
8378563200,2016-04-20,9388,7.44000005722046,7.44000005722046,2.0921471118927,2.23000001907349,0.439999997615814,4.78000020980835,0.0,82,8,169,763,3787,4.12.16-5.12.16,data/raw/mturkfitbit_export_4.12.16-5.12.16/Fitabase Data 4.12.16-5.12.16/dailyActivity_merged.csv,259,1022,0.7466,miércoles,activa,False
8378563200,2016-04-21,15148,12.0100002288818,12.0100002288818,2.25308108329773,6.90000009536743,0.819999992847443,4.28999996185303,0.0,137,16,145,677,4236,4.12.16-5.12.16,data/raw/mturkfitbit_export_4.12.16-5.12.16/Fitabase Data 4.12.16-5.12.16/dailyActivity_merged.csv,298,975,0.6944,jueves,muy_activa,True
8378563200,2016-04-22,12200,9.67000007629395,9.67000007629395,2.0921471118927,4.90999984741211,0.589999973773956,4.17999982833862,0.0,113,12,159,769,4044,4.12.16-5.12.16,data/raw/mturkfitbit_export_4.12.16-5.12.16/Fitabase Data 4.12.16-5.12.16/dailyActivity_merged.csv,284,1053,0.7303,viernes,muy_activa,True
8378563200,2016-04-23,5709,4.53000020980835,4.53000020980835,0.0,1.51999998092651,0.519999980926514,2.48000001907349,0.0,19,10,136,740,2908,4.12.16-5.12.16,data/raw/mturkfitbit_export_4.12.16-5.12.16/Fitabase Data 4.12.16-5.12.16/dailyActivity_merged.csv,165,905,0.8177,sábado,ligera,False
8378563200,2016-04-24,3703,2.94000005722046,2.94000005722046,0.0,0.0,0.0,2.94000005722046,0.0,0,0,135,734,2741,4.12.16-5.12.16,data/raw/mturkfitbit_export_4.12.16-5.12.16/Fitabase Data 4.12.16-5.12.16/dailyActivity_merged.csv,135,869,0.8446,domingo,baja,False
8378563200,2016-04-25,12405,9.84000015258789,9.84000015258789,2.0921471118927,5.05000019073486,0.870000004768372,3.92000007629395,0.0,117,16,141,692,4005,4.12.16-5.12.16,data/raw/mturkfitbit_export_4.12.16-5.12.16/Fitabase Data 4.12.16-5.12.16/dailyActivity_merged.csv,274,966,0.7164,lunes,muy_activa,True
8378563200,2016-04-26,16208,12.8500003814697,12.8500003814697,0.0,7.51000022888184,0.920000016689301,4.42000007629395,0.0,90,18,161,593,3763,4.12.16-5.12.16,data/raw/mturkfitbit_export_4.12.16-5.12.16/Fitabase Data 4.12.16-5.12.16/dailyActivity_merged.csv,269,862,0.6879,martes,muy_activa,True
8378563200,2016-04-27,7359,5.84000015258789,5.84000015258789,0.0,0.330000013113022,0.180000007152557,5.32999992370605,0.0,4,4,192,676,3061,4.12.16-5.12.16,data/raw/mturkfitbit_export_4.12.16-5.12.16/Fitabase Data 4.12.16-5.12.16/dailyActivity_merged.csv,200,876,0.7717,miércoles,ligera,False
8378563200,2016-04-28,5417,4.30000019073486,4.30000019073486,0.0,0.899999976158142,0.490000009536743,2.91000008583069,0.0,11,10,139,711,2884,4.12.16-5.12.16,data/raw/mturkfitbit_export_4.12.16-5.12.16/Fitabase Data 4.12.16-5.12.16/dailyActivity_merged.csv,160,871,0.8163,jueves,ligera,False
8378563200,2016-04-29,6175,4.90000009536743,4.90000009536743,0.0,0.25,0.360000014305115,4.26999998092651,0.0,3,7,172,767,2982,4.12.16-5.12.16,data/raw/mturkfitbit_export_4.12.16-5.12.16/Fitabase Data 4.12.16-5.12.16/dailyActivity_merged.csv,182,949,0.8082,viernes,ligera,False
8378563200,2016-04-30,2946,2.33999991416931,2.33999991416931,0.0,0.0,0.0,2.33999991416931,0.0,0,0,121,780,2660,4.12.16-5.12.16,data/raw/mturkfitbit_export_4.12.16-5.12.16/Fitabase Data 4.12.16-5.12.16/dailyActivity_merged.csv,121,901,0.8657,sábado,baja,False
8378563200,2016-05-01,11419,9.0600004196167,9.0600004196167,0.0,6.03000020980835,0.560000002384186,2.47000002861023,0.0,71,10,127,669,3369,4.12.16-5.12.16,data/raw/mturkfitbit_export_4.12.16-5.12.16/Fitabase Data 4.12.16-5.12.16/dailyActivity_merged.csv,208,877,0.7628,domingo,muy_activa,True
8378563200,2016-05-02,6064,4.80999994277954,4.80999994277954,2.0921471118927,0.629999995231628,0.170000001788139,4.01000022888184,0.0,63,4,142,802,3491,4.12.16-5.12.16,data/raw/mturkfitbit_export_4.12.16-5.12.16/Fitabase Data 4.12.16-5.12.16/dailyActivity_merged.csv,209,1011,0.7933,lunes,ligera,False
8378563200,2016-05-03,8712,6.90999984741211,6.90999984741211,2.25308108329773,1.3400000333786,1.05999994277954,4.5,0.0,71,20,195,822,3784,4.12.16-5.12.16,data/raw/mturkfitbit_export_4.12.16-5.12.16/Fitabase Data 4.12.16-5.12.16/dailyActivity_merged.csv,286,1108,0.7419,martes,activa,False
8378563200,2016-05-04,7875,6.23999977111816,6.23999977111816,0.0,1.55999994277954,0.490000009536743,4.19999980926514,0.0,19,10,167,680,3110,4.12.16-5.12.16,data/raw/mturkfitbit_export_4.12.16-5.12.16/Fitabase Data 4.12.16-5.12.16/dailyActivity_merged.csv,196,876,0.7763,miércoles,activa,False
8378563200,2016-05-05,8567,6.78999996185303,6.78999996185303,2.25308108329773,0.889999985694885,0.159999996423721,5.73999977111816,0.0,66,3,214,764,3783,4.12.16-5.12.16,data/raw/mturkfitbit_export_4.12.16-5.12.16/Fitabase Data 4.12.16-5.12.16/dailyActivity_merged.csv,283,1047,0.7297,jueves,activa,False
8378563200,2016-05-06,7045,5.59000015258789,5.59000015258789,2.0921471118927,1.54999995231628,0.25,3.77999997138977,0.0,74,5,166,831,3644,4.12.16-5.12.16,data/raw/mturkfitbit_export_4.12.16-5.12.16/Fitabase Data 4.12.16-5.12.16/dailyActivity_merged.csv,245,1076,0.7723,viernes,ligera,False
8378563200,2016-05-07,4468,3.53999996185303,3.53999996185303,0.0,0.0,0.0,3.53999996185303,0.0,0,0,158,851,2799,4.12.16-5.12.16,data/raw/mturkfitbit_export_4.12.16-5.12.16/Fitabase Data 4.12.16-5.12.16/dailyActivity_merged.csv,158,1009,0.8434,sábado,baja,False
8378563200,2016-05-08,2943,2.32999992370605,2.32999992370605,0.0,0.0,0.0,2.32999992370605,0.0,0,0,139,621,2685,4.12.16-5.12.16,data/raw/mturkfitbit_export_4.12.16-5.12.16/Fitabase Data 4.12.16-5.12.16/dailyActivity_merged.csv,139,760,0.8171,domingo,baja,False
8378563200,2016-05-09,8382,6.65000009536743,6.65000009536743,2.0921471118927,1.26999998092651,0.660000026226044,4.71999979019165,0.0,71,13,171,772,3721,4.12.16-5.12.16,data/raw/mturkfitbit_export_4.12.16-5.12.16/Fitabase Data 4.12.16-5.12.16/dailyActivity_merged.csv,255,1027,0.7517,lunes,activa,False
8378563200,2016-05-10,6582,5.21999979019165,5.21999979019165,2.25308108329773,0.660000026226044,0.639999985694885,3.92000007629395,0.0,63,13,152,840,3586,4.12.16-5.12.16,data/raw/mturkfitbit_export_4.12.16-5.12.16/Fitabase Data 4.12.16-5.12.16/dailyActivity_merged.csv,228,1068,0.7865,martes,ligera,False
8378563200,2016-05-11,9143,7.25,7.25,2.0921471118927,1.38999998569489,0.589999973773956,5.26999998092651,0.0,72,10,184,763,3788,4.12.16-5.12.16,data/raw/mturkfitbit_export_4.12.16-5.12.16/Fitabase Data 4.12.16-5.12.16/dailyActivity_merged.csv,266,1029,0.7415,miércoles,activa,False
8378563200,2016-05-12,4561,3.61999988555908,3.61999988555908,0.0,0.649999976158142,0.270000010728836,2.69000005722046,0.0,8,6,102,433,1976,4.12.16-5.12.16,data/raw/mturkfitbit_export_4.12.16-5.12.16/Fitabase Data 4.12.16-5.12.16/dailyActivity_merged.csv,116,549,0.7887,jueves,baja,False
8583815059,2016-04-12,5014,3.91000008583069,3.91000008583069,0.0,0.0,0.330000013113022,3.57999992370605,0.0,0,7,196,1237,2650,4.12.16-5.12.16,data/raw/mturkfitbit_export_4.12.16-5.12.16/Fitabase Data 4.12.16-5.12.16/dailyActivity_merged.csv,203,1440,0.859,martes,ligera,False
8583815059,2016-04-13,5571,4.34999990463257,4.34999990463257,0.0,0.150000005960464,0.970000028610229,3.23000001907349,0.0,2,23,163,1252,2654,4.12.16-5.12.16,data/raw/mturkfitbit_export_4.12.16-5.12.16/Fitabase Data 4.12.16-5.12.16/dailyActivity_merged.csv,188,1440,0.8694,miércoles,ligera,False
8583815059,2016-04-14,3135,2.45000004768372,2.45000004768372,0.0,0.0,0.0,2.4300000667572,0.0,0,0,134,1306,2443,4.12.16-5.12.16,data/raw/mturkfitbit_export_4.12.16-5.12.16/Fitabase Data 4.12.16-5.12.16/dailyActivity_merged.csv,134,1440,0.9069,jueves,baja,False
8583815059,2016-04-15,3430,2.6800000667572,2.6800000667572,0.0,0.0,0.0,0.899999976158142,0.0,0,0,65,1375,2505,4.12.16-5.12.16,data/raw/mturkfitbit_export_4.12.16-5.12.16/Fitabase Data 4.12.16-5.12.16/dailyActivity_merged.csv,65,1440,0.9549,viernes,baja,False
8583815059,2016-04-16,5319,4.15000009536743,4.15000009536743,0.0,0.0,0.0,0.0,0.0,0,0,0,1440,2693,4.12.16-5.12.16,data/raw/mturkfitbit_export_4.12.16-5.12.16/Fitabase Data 4.12.16-5.12.16/dailyActivity_merged.csv,0,1440,1.0,sábado,ligera,False
8583815059,2016-04-17,3008,2.34999990463257,2.34999990463257,0.0,0.0,0.0,0.0,0.0,0,0,0,1440,2439,4.12.16-5.12.16,data/raw/mturkfitbit_export_4.12.16-5.12.16/Fitabase Data 4.12.16-5.12.16/dailyActivity_merged.csv,0,1440,1.0,domingo,baja,False
8583815059,2016-04-18,3864,3.00999999046326,3.00999999046326,0.0,0.310000002384186,1.05999994277954,1.35000002384186,0.0,4,22,105,1309,2536,4.12.16-5.12.16,data/raw/mturkfitbit_export_4.12.16-5.12.16/Fitabase Data 4.12.16-5.12.16/dailyActivity_merged.csv,131,1440,0.909,lunes,baja,False
8583815059,2016-04-19,5697,4.44000005722046,4.44000005722046,0.0,0.529999971389771,0.479999989271164,3.44000005722046,0.0,7,10,166,1257,2668,4.12.16-5.12.16,data/raw/mturkfitbit_export_4.12.16-5.12.16/Fitabase Data 4.12.16-5.12.16/dailyActivity_merged.csv,183,1440,0.8729,martes,ligera,False
8583815059,2016-04-20,5273,4.1100001335144,4.1100001335144,0.0,0.0,1.03999996185303,3.0699999332428,0.0,0,27,167,1246,2647,4.12.16-5.12.16,data/raw/mturkfitbit_export_4.12.16-5.12.16/Fitabase Data 4.12.16-5.12.16/dailyActivity_merged.csv,194,1440,0.8653,miércoles,ligera,False
8583815059,2016-04-21,8538,6.65999984741211,6.65999984741211,0.0,2.63000011444092,1.01999998092651,3.00999999046326,0.0,35,18,158,1229,2883,4.12.16-5.12.16,data/raw/mturkfitbit_export_4.12.16-5.12.16/Fitabase Data 4.12.16-5.12.16/dailyActivity_merged.csv,211,1440,0.8535,jueves,activa,False
8583815059,2016-04-22,8687,6.78000020980835,6.78000020980835,0.0,0.28999999165535,2.41000008583069,4.07999992370605,0.0,4,54,212,1170,2944,4.12.16-5.12.16,data/raw/mturkfitbit_export_4.12.16-5.12.16/Fitabase Data 4.12.16-5.12.16/dailyActivity_merged.csv,270,1440,0.8125,viernes,activa,False
8583815059,2016-04-23,9423,7.34999990463257,7.34999990463257,0.0,0.529999971389771,2.02999997138977,4.75,0.0,7,44,238,1151,3012,4.12.16-5.12.16,data/raw/mturkfitbit_export_4.12.16-5.12.16/Fitabase Data 4.12.16-5.12.16/dailyActivity_merged.csv,289,1440,0.7993,sábado,activa,False
8583815059,2016-04-24,8286,6.46000003814697,6.46000003814697,0.0,0.150000005960464,2.04999995231628,4.26999998092651,0.0,2,44,206,1188,2889,4.12.16-5.12.16,data/raw/mturkfitbit_export_4.12.16-5.12.16/Fitabase Data 4.12.16-5.12.16/dailyActivity_merged.csv,252,1440,0.825,domingo,activa,False
8583815059,2016-04-25,4503,3.50999999046326,3.50999999046326,0.0,1.47000002861023,0.239999994635582,1.80999994277954,0.0,18,6,122,1294,2547,4.12.16-5.12.16,data/raw/mturkfitbit_export_4.12.16-5.12.16/Fitabase Data 4.12.16-5.12.16/dailyActivity_merged.csv,146,1440,0.8986,lunes,baja,False
8583815059,2016-04-26,10499,8.1899995803833,8.1899995803833,0.0,0.0700000002980232,4.21999979019165,3.89000010490417,0.0,1,91,214,1134,3093,4.12.16-5.12.16,data/raw/mturkfitbit_export_4.12.16-5.12.16/Fitabase Data 4.12.16-5.12.16/dailyActivity_merged.csv,306,1440,0.7875,martes,muy_activa,True
8583815059,2016-04-27,12474,9.72999954223633,9.72999954223633,0.0,6.59999990463257,0.270000010728836,2.86999988555908,0.0,77,5,129,1229,3142,4.12.16-5.12.16,data/raw/mturkfitbit_export_4.12.16-5.12.16/Fitabase Data 4.12.16-5.12.16/dailyActivity_merged.csv,211,1440,0.8535,miércoles,muy_activa,True
8583815059,2016-04-28,6174,4.82000017166138,4.82000017166138,0.0,0.0,1.20000004768372,3.60999989509583,0.0,0,28,203,1209,2757,4.12.16-5.12.16,data/raw/mturkfitbit_export_4.12.16-5.12.16/Fitabase Data 4.12.16-5.12.16/dailyActivity_merged.csv,231,1440,0.8396,jueves,ligera,False
8583815059,2016-04-29,15168,11.8299999237061,11.8299999237061,0.0,3.90000009536743,3.0,4.92000007629395,0.0,46,67,258,1069,3513,4.12.16-5.12.16,data/raw/mturkfitbit_export_4.12.16-5.12.16/Fitabase Data 4.12.16-5.12.16/dailyActivity_merged.csv,371,1440,0.7424,viernes,muy_activa,True
8583815059,2016-04-30,10085,7.86999988555908,7.86999988555908,0.0,0.150000005960464,1.27999997138977,6.42999982833862,0.0,2,28,317,1093,3164,4.12.16-5.12.16,data/raw/mturkfitbit_export_4.12.16-5.12.16/Fitabase Data 4.12.16-5.12.16/dailyActivity_merged.csv,347,1440,0.759,sábado,muy_activa,True
8583815059,2016-05-01,4512,3.51999998092651,3.51999998092651,0.0,0.779999971389771,0.119999997317791,2.03999996185303,0.0,10,2,117,1311,2596,4.12.16-5.12.16,data/raw/mturkfitbit_export_4.12.16-5.12.16/Fitabase Data 4.12.16-5.12.16/dailyActivity_merged.csv,129,1440,0.9104,domingo,baja,False
8583815059,2016-05-02,8469,6.6100001335144,6.6100001335144,0.0,0.0,0.0,0.0,0.0,0,0,0,1440,2894,4.12.16-5.12.16,data/raw/mturkfitbit_export_4.12.16-5.12.16/Fitabase Data 4.12.16-5.12.16/dailyActivity_merged.csv,0,1440,1.0,lunes,activa,False
8583815059,2016-05-03,12015,9.36999988555908,9.36999988555908,0.0,0.0,0.0,0.0,0.0,0,0,0,1440,3212,4.12.16-5.12.16,data/raw/mturkfitbit_export_4.12.16-5.12.16/Fitabase Data 4.12.16-5.12.16/dailyActivity_merged.csv,0,1440,1.0,martes,muy_activa,True
8583815059,2016-05-04,3588,2.79999995231628,2.79999995231628,0.0,0.0,0.0,0.0,0.0,0,0,0,1440,2516,4.12.16-5.12.16,data/raw/mturkfitbit_export_4.12.16-5.12.16/Fitabase Data 4.12.16-5.12.16/dailyActivity_merged.csv,0,1440,1.0,miércoles,baja,False
8583815059,2016-05-05,12427,9.6899995803833,9.6899995803833,0.0,0.0,0.0,1.17999994754791,0.0,0,0,70,1370,3266,4.12.16-5.12.16,data/raw/mturkfitbit_export_4.12.16-5.12.16/Fitabase Data 4.12.16-5.12.16/dailyActivity_merged.csv,70,1440,0.9514,jueves,muy_activa,True
8583815059,2016-05-06,5843,4.55999994277954,4.55999994277954,0.0,0.140000000596046,1.19000005722046,3.23000001907349,0.0,2,22,166,1250,2683,4.12.16-5.12.16,data/raw/mturkfitbit_export_4.12.16-5.12.16/Fitabase Data 4.12.16-5.12.16/dailyActivity_merged.csv,190,1440,0.8681,viernes,ligera,False
8583815059,2016-05-07,6117,4.76999998092651,4.76999998092651,0.0,0.0,0.0,4.76999998092651,0.0,0,0,250,1190,2810,4.12.16-5.12.16,data/raw/mturkfitbit_export_4.12.16-5.12.16/Fitabase Data 4.12.16-5.12.16/dailyActivity_merged.csv,250,1440,0.8264,sábado,ligera,False
8583815059,2016-05-08,9217,7.19000005722046,7.19000005722046,0.0,0.219999998807907,3.30999994277954,3.66000008583069,0.0,3,72,182,1183,2940,4.12.16-5.12.16,data/raw/mturkfitbit_export_4.12.16-5.12.16/Fitabase Data 4.12.16-5.12.16/dailyActivity_merged.csv,257,1440,0.8215,domingo,activa,False
8583815059,2016-05-09,9877,7.69999980926514,7.69999980926514,0.0,5.76000022888184,0.170000001788139,1.73000001907349,0.0,66,4,110,1260,2947,4.12.16-5.12.16,data/raw/mturkfitbit_export_4.12.16-5.12.16/Fitabase Data 4.12.16-5.12.16/dailyActivity_merged.csv,180,1440,0.875,lunes,activa,False
8583815059,2016-05-10,8240,6.42999982833862,6.42999982833862,0.0,0.689999997615814,2.00999999046326,3.72000002861023,0.0,9,43,162,1226,2846,4.12.16-5.12.16,data/raw/mturkfitbit_export_4.12.16-5.12.16/Fitabase Data 4.12.16-5.12.16/dailyActivity_merged.csv,214,1440,0.8514,martes,activa,False
8583815059,2016-05-11,8701,6.78999996185303,6.78999996185303,0.0,0.370000004768372,3.24000000953674,3.17000007629395,0.0,5,71,177,1106,2804,4.12.16-5.12.16,data/raw/mturkfitbit_export_4.12.16-5.12.16/Fitabase Data 4.12.16-5.12.16/dailyActivity_merged.csv,253,1359,0.8138,miércoles,activa,False
8583815059,2016-05-12,0,0.0,0.0,0.0,0.0,0.0,0.0,0.0,0,0,0,1440,0,4.12.16-5.12.16,data/raw/mturkfitbit_export_4.12.16-5.12.16/Fitabase Data 4.12.16-5.12.16/dailyActivity_merged.csv,0,1440,1.0,jueves,baja,False
8792009665,2016-04-13,1320,0.839999973773956,0.839999973773956,0.0,0.0,0.0,0.839999973773956,0.0,0,0,82,806,1934,4.12.16-5.12.16,data/raw/mturkfitbit_export_4.12.16-5.12.16/Fitabase Data 4.12.16-5.12.16/dailyActivity_merged.csv,82,888,0.9077,miércoles,baja,False
8792009665,2016-04-14,1219,0.779999971389771,0.779999971389771,0.0,0.0,0.0,0.779999971389771,0.0,0,0,84,853,1963,4.12.16-5.12.16,data/raw/mturkfitbit_export_4.12.16-5.12.16/Fitabase Data 4.12.16-5.12.16/dailyActivity_merged.csv,84,937,0.9104,jueves,baja,False
8792009665,2016-04-15,2483,1.5900000333786,1.5900000333786,0.0,0.0,0.0,1.5900000333786,0.0,0,0,126,937,2009,4.12.16-5.12.16,data/raw/mturkfitbit_export_4.12.16-5.12.16/Fitabase Data 4.12.16-5.12.16/dailyActivity_merged.csv,126,1063,0.8815,viernes,baja,False
8792009665,2016-04-16,244,0.159999996423721,0.159999996423721,0.0,0.0,0.0,0.159999996423721,0.0,0,0,12,1428,1721,4.12.16-5.12.16,data/raw/mturkfitbit_export_4.12.16-5.12.16/Fitabase Data 4.12.16-5.12.16/dailyActivity_merged.csv,12,1440,0.9917,sábado,baja,False
8792009665,2016-04-17,0,0.0,0.0,0.0,0.0,0.0,0.0,0.0,0,0,0,1440,1688,4.12.16-5.12.16,data/raw/mturkfitbit_export_4.12.16-5.12.16/Fitabase Data 4.12.16-5.12.16/dailyActivity_merged.csv,0,1440,1.0,domingo,baja,False
8792009665,2016-04-18,0,0.0,0.0,0.0,0.0,0.0,0.0,0.0,0,0,0,1440,1688,4.12.16-5.12.16,data/raw/mturkfitbit_export_4.12.16-5.12.16/Fitabase Data 4.12.16-5.12.16/dailyActivity_merged.csv,0,1440,1.0,lunes,baja,False
8792009665,2016-04-19,0,0.0,0.0,0.0,0.0,0.0,0.0,0.0,0,0,0,1440,1688,4.12.16-5.12.16,data/raw/mturkfitbit_export_4.12.16-5.12.16/Fitabase Data 4.12.16-5.12.16/dailyActivity_merged.csv,0,1440,1.0,martes,baja,False
8792009665,2016-04-20,3147,2.00999999046326,2.00999999046326,0.0,0.0,0.280000001192093,1.74000000953674,0.0,0,10,139,744,2188,4.12.16-5.12.16,data/raw/mturkfitbit_export_4.12.16-5.12.16/Fitabase Data 4.12.16-5.12.16/dailyActivity_merged.csv,149,893,0.8331,miércoles,baja,False
8792009665,2016-04-21,144,0.0900000035762787,0.0900000035762787,0.0,0.0,0.0,0.0900000035762787,0.0,0,0,9,1431,1720,4.12.16-5.12.16,data/raw/mturkfitbit_export_4.12.16-5.12.16/Fitabase Data 4.12.16-5.12.16/dailyActivity_merged.csv,9,1440,0.9938,jueves,baja,False
8792009665,2016-04-22,4068,2.59999990463257,2.59999990463257,0.0,0.0500000007450581,0.280000001192093,2.26999998092651,0.0,1,20,195,817,2419,4.12.16-5.12.16,data/raw/mturkfitbit_export_4.12.16-5.12.16/Fitabase Data 4.12.16-5.12.16/dailyActivity_merged.csv,216,1033,0.7909,viernes,baja,False
8792009665,2016-04-23,5245,3.35999989509583,3.35999989509583,0.0,0.159999996423721,0.439999997615814,2.75,0.0,8,45,232,795,2748,4.12.16-5.12.16,data/raw/mturkfitbit_export_4.12.16-5.12.16/Fitabase Data 4.12.16-5.12.16/dailyActivity_merged.csv,285,1080,0.7361,sábado,ligera,False
8792009665,2016-04-24,400,0.259999990463257,0.259999990463257,0.0,0.0399999991059303,0.0500000007450581,0.159999996423721,0.0,3,8,19,1410,1799,4.12.16-5.12.16,data/raw/mturkfitbit_export_4.12.16-5.12.16/Fitabase Data 4.12.16-5.12.16/dailyActivity_merged.csv,30,1440,0.9792,domingo,baja,False
8792009665,2016-04-25,0,0.0,0.0,0.0,0.0,0.0,0.0,0.0,0,0,0,1440,1688,4.12.16-5.12.16,data/raw/mturkfitbit_export_4.12.16-5.12.16/Fitabase Data 4.12.16-5.12.16/dailyActivity_merged.csv,0,1440,1.0,lunes,baja,False
8792009665,2016-04-26,1321,0.850000023841858,0.850000023841858,0.0,0.0,0.0,0.850000023841858,0.0,0,0,80,1360,1928,4.12.16-5.12.16,data/raw/mturkfitbit_export_4.12.16-5.12.16/Fitabase Data 4.12.16-5.12.16/dailyActivity_merged.csv,80,1440,0.9444,martes,baja,False
8792009665,2016-04-27,1758,1.12999999523163,1.12999999523163,0.0,0.0,0.0,1.12999999523163,0.0,0,0,112,900,2067,4.12.16-5.12.16,data/raw/mturkfitbit_export_4.12.16-5.12.16/Fitabase Data 4.12.16-5.12.16/dailyActivity_merged.csv,112,1012,0.8893,miércoles,baja,False
8792009665,2016-04-28,6157,3.94000005722046,3.94000005722046,0.0,0.0,0.0,3.94000005722046,0.0,0,0,310,714,2780,4.12.16-5.12.16,data/raw/mturkfitbit_export_4.12.16-5.12.16/Fitabase Data 4.12.16-5.12.16/dailyActivity_merged.csv,310,1024,0.6973,jueves,ligera,False
8792009665,2016-04-29,8360,5.34999990463257,5.34999990463257,0.0,0.140000000596046,0.280000001192093,4.92999982833862,0.0,6,14,380,634,3101,4.12.16-5.12.16,data/raw/mturkfitbit_export_4.12.16-5.12.16/Fitabase Data 4.12.16-5.12.16/dailyActivity_merged.csv,400,1034,0.6132,viernes,activa,False
8792009665,2016-04-30,7174,4.59000015258789,4.59000015258789,0.0,0.330000013113022,0.360000014305115,3.91000008583069,0.0,10,20,301,749,2896,4.12.16-5.12.16,data/raw/mturkfitbit_export_4.12.16-5.12.16/Fitabase Data 4.12.16-5.12.16/dailyActivity_merged.csv,331,1080,0.6935,sábado,ligera,False
8792009665,2016-05-01,1619,1.03999996185303,1.03999996185303,0.0,0.0,0.0,1.03999996185303,0.0,0,0,79,834,1962,4.12.16-5.12.16,data/raw/mturkfitbit_export_4.12.16-5.12.16/Fitabase Data 4.12.16-5.12.16/dailyActivity_merged.csv,79,913,0.9135,domingo,baja,False
8792009665,2016-05-02,1831,1.16999995708466,1.16999995708466,0.0,0.0,0.0,1.16999995708466,0.0,0,0,101,916,2015,4.12.16-5.12.16,data/raw/mturkfitbit_export_4.12.16-5.12.16/Fitabase Data 4.12.16-5.12.16/dailyActivity_merged.csv,101,1017,0.9007,lunes,baja,False
8792009665,2016-05-03,2421,1.54999995231628,1.54999995231628,0.0,0.0,0.0,1.54999995231628,0.0,0,0,156,739,2297,4.12.16-5.12.16,data/raw/mturkfitbit_export_4.12.16-5.12.16/Fitabase Data 4.12.16-5.12.16/dailyActivity_merged.csv,156,895,0.8257,martes,baja,False
8792009665,2016-05-04,2283,1.46000003814697,1.46000003814697,0.0,0.0,0.0,1.46000003814697,0.0,0,0,129,848,2067,4.12.16-5.12.16,data/raw/mturkfitbit_export_4.12.16-5.12.16/Fitabase Data 4.12.16-5.12.16/dailyActivity_merged.csv,129,977,0.868,miércoles,baja,False
8792009665,2016-05-05,0,0.0,0.0,0.0,0.0,0.0,0.0,0.0,0,0,0,1440,1688,4.12.16-5.12.16,data/raw/mturkfitbit_export_4.12.16-5.12.16/Fitabase Data 4.12.16-5.12.16/dailyActivity_merged.csv,0,1440,1.0,jueves,baja,False
8792009665,2016-05-06,0,0.0,0.0,0.0,0.0,0.0,0.0,0.0,0,0,0,1440,1688,4.12.16-5.12.16,data/raw/mturkfitbit_export_4.12.16-5.12.16/Fitabase Data 4.12.16-5.12.16/dailyActivity_merged.csv,0,1440,1.0,viernes,baja,False
8792009665,2016-05-07,0,0.0,0.0,0.0,0.0,0.0,0.0,0.0,0,0,0,1440,1688,4.12.16-5.12.16,data/raw/mturkfitbit_export_4.12.16-5.12.16/Fitabase Data 4.12.16-5.12.16/dailyActivity_merged.csv,0,1440,1.0,sábado,baja,False
8792009665,2016-05-08,0,0.0,0.0,0.0,0.0,0.0,0.0,0.0,0,0,0,1440,1688,4.12.16-5.12.16,data/raw/mturkfitbit_export_4.12.16-5.12.16/Fitabase Data 4.12.16-5.12.16/dailyActivity_merged.csv,0,1440,1.0,domingo,baja,False
8792009665,2016-05-09,0,0.0,0.0,0.0,0.0,0.0,0.0,0.0,0,0,0,1440,1688,4.12.16-5.12.16,data/raw/mturkfitbit_export_4.12.16-5.12.16/Fitabase Data 4.12.16-5.12.16/dailyActivity_merged.csv,0,1440,1.0,lunes,baja,False
8792009665,2016-05-10,0,0.0,0.0,0.0,0.0,0.0,0.0,0.0,0,0,0,48,57,4.12.16-5.12.16,data/raw/mturkfitbit_export_4.12.16-5.12.16/Fitabase Data 4.12.16-5.12.16/dailyActivity_merged.csv,0,48,1.0,martes,baja,False
8877689391,2016-04-13,15337,9.57999992370605,9.57999992370605,0.0,3.54999995231628,0.379999995231628,5.6399998664856,0.0,108,18,216,1098,3566,4.12.16-5.12.16,data/raw/mturkfitbit_export_4.12.16-5.12.16/Fitabase Data 4.12.16-5.12.16/dailyActivity_merged.csv,342,1440,0.7625,miércoles,muy_activa,True
8877689391,2016-04-14,21129,18.9799995422363,18.9799995422363,0.0,10.5500001907349,0.589999973773956,7.75,0.0199999995529652,68,13,298,1061,3793,4.12.16-5.12.16,data/raw/mturkfitbit_export_4.12.16-5.12.16/Fitabase Data 4.12.16-5.12.16/dailyActivity_merged.csv,379,1440,0.7368,jueves,muy_activa,True
8877689391,2016-04-15,13422,7.17000007629395,7.17000007629395,0.0,0.0500000007450581,0.0500000007450581,7.01000022888184,0.0099999997764825,106,1,281,1052,3934,4.12.16-5.12.16,data/raw/mturkfitbit_export_4.12.16-5.12.16/Fitabase Data 4.12.16-5.12.16/dailyActivity_merged.csv,388,1440,0.7306,viernes,muy_activa,True
8877689391,2016-04-16,29326,25.2900009155273,25.2900009155273,0.0,13.2399997711182,1.21000003814697,10.710000038147,0.0,94,29,429,888,4547,4.12.16-5.12.16,data/raw/mturkfitbit_export_4.12.16-5.12.16/Fitabase Data 4.12.16-5.12.16/dailyActivity_merged.csv,552,1440,0.6167,sábado,muy_activa,True
8877689391,2016-04-17,15118,8.86999988555908,8.86999988555908,0.0,0.0,0.0700000002980232,8.78999996185303,0.0,58,15,307,1060,3545,4.12.16-5.12.16,data/raw/mturkfitbit_export_4.12.16-5.12.16/Fitabase Data 4.12.16-5.12.16/dailyActivity_merged.csv,380,1440,0.7361,domingo,muy_activa,True
8877689391,2016-04-18,11423,8.67000007629395,8.67000007629395,0.0,2.44000005722046,0.270000010728836,5.94000005722046,0.0,29,5,191,1215,2761,4.12.16-5.12.16,data/raw/mturkfitbit_export_4.12.16-5.12.16/Fitabase Data 4.12.16-5.12.16/dailyActivity_merged.csv,225,1440,0.8438,lunes,muy_activa,True
8877689391,2016-04-19,18785,17.3999996185303,17.3999996185303,0.0,12.1499996185303,0.180000007152557,5.03000020980835,0.0,82,13,214,1131,3676,4.12.16-5.12.16,data/raw/mturkfitbit_export_4.12.16-5.12.16/Fitabase Data 4.12.16-5.12.16/dailyActivity_merged.csv,309,1440,0.7854,martes,muy_activa,True
8877689391,2016-04-20,19948,18.1100006103516,18.1100006103516,0.0,11.0200004577637,0.689999997615814,6.34000015258789,0.0,73,19,225,1123,3679,4.12.16-5.12.16,data/raw/mturkfitbit_export_4.12.16-5.12.16/Fitabase Data 4.12.16-5.12.16/dailyActivity_merged.csv,317,1440,0.7799,miércoles,muy_activa,True
8877689391,2016-04-21,19377,17.6200008392334,17.6200008392334,0.0,12.289999961853,0.419999986886978,4.8899998664856,0.0,82,13,226,1119,3659,4.12.16-5.12.16,data/raw/mturkfitbit_export_4.12.16-5.12.16/Fitabase Data 4.12.16-5.12.16/dailyActivity_merged.csv,321,1440,0.7771,jueves,muy_activa,True
8877689391,2016-04-22,18258,16.3099994659424,16.3099994659424,0.0,10.2299995422363,0.0299999993294477,5.96999979019165,0.0500000007450581,61,2,236,1141,3427,4.12.16-5.12.16,data/raw/mturkfitbit_export_4.12.16-5.12.16/Fitabase Data 4.12.16-5.12.16/dailyActivity_merged.csv,299,1440,0.7924,viernes,muy_activa,True
8877689391,2016-04-23,11200,7.42999982833862,7.42999982833862,0.0,0.0,0.0,7.40000009536743,0.0099999997764825,102,6,300,1032,3891,4.12.16-5.12.16,data/raw/mturkfitbit_export_4.12.16-5.12.16/Fitabase Data 4.12.16-5.12.16/dailyActivity_merged.csv,408,1440,0.7167,sábado,muy_activa,True
8877689391,2016-04-24,16674,15.7399997711182,15.7399997711182,0.0,11.0100002288818,0.0099999997764825,4.69000005722046,0.0,64,1,227,1148,3455,4.12.16-5.12.16,data/raw/mturkfitbit_export_4.12.16-5.12.16/Fitabase Data 4.12.16-5.12.16/dailyActivity_merged.csv,292,1440,0.7972,domingo,muy_activa,True
8877689391,2016-04-25,12986,8.73999977111816,8.73999977111816,0.0,2.36999988555908,0.0700000002980232,6.26999998092651,0.0099999997764825,113,8,218,1101,3802,4.12.16-5.12.16,data/raw/mturkfitbit_export_4.12.16-5.12.16/Fitabase Data 4.12.16-5.12.16/dailyActivity_merged.csv,339,1440,0.7646,lunes,muy_activa,True
8877689391,2016-04-26,11101,8.43000030517578,8.43000030517578,0.0,1.75999999046326,0.129999995231628,6.5,0.0,22,3,258,1157,2860,4.12.16-5.12.16,data/raw/mturkfitbit_export_4.12.16-5.12.16/Fitabase Data 4.12.16-5.12.16/dailyActivity_merged.csv,283,1440,0.8035,martes,muy_activa,True
8877689391,2016-04-27,23629,20.6499996185303,20.6499996185303,0.0,13.0699996948242,0.439999997615814,7.09999990463257,0.0,93,8,235,1104,3808,4.12.16-5.12.16,data/raw/mturkfitbit_export_4.12.16-5.12.16/Fitabase Data 4.12.16-5.12.16/dailyActivity_merged.csv,336,1440,0.7667,miércoles,muy_activa,True
8877689391,2016-04-28,14890,11.3000001907349,11.3000001907349,0.0,4.92999982833862,0.379999995231628,5.96999979019165,0.0,58,8,231,1143,3060,4.12.16-5.12.16,data/raw/mturkfitbit_export_4.12.16-5.12.16/Fitabase Data 4.12.16-5.12.16/dailyActivity_merged.csv,297,1440,0.7938,jueves,muy_activa,True
8877689391,2016-04-29,9733,7.3899998664856,7.3899998664856,0.0,1.37999999523163,0.170000001788139,5.78999996185303,0.0,18,5,210,1207,2698,4.12.16-5.12.16,data/raw/mturkfitbit_export_4.12.16-5.12.16/Fitabase Data 4.12.16-5.12.16/dailyActivity_merged.csv,233,1440,0.8382,viernes,activa,False
8877689391,2016-04-30,27745,26.7199993133545,26.7199993133545,0.0,21.6599998474121,0.0799999982118607,4.92999982833862,0.0,124,4,223,1089,4398,4.12.16-5.12.16,data/raw/mturkfitbit_export_4.12.16-5.12.16/Fitabase Data 4.12.16-5.12.16/dailyActivity_merged.csv,351,1440,0.7562,sábado,muy_activa,True
8877689391,2016-05-01,10930,8.31999969482422,8.31999969482422,0.0,3.13000011444092,0.569999992847443,4.57000017166138,0.0,36,12,166,1226,2786,4.12.16-5.12.16,data/raw/mturkfitbit_export_4.12.16-5.12.16/Fitabase Data 4.12.16-5.12.16/dailyActivity_merged.csv,214,1440,0.8514,domingo,muy_activa,True
8877689391,2016-05-02,4790,3.64000010490417,3.64000010490417,0.0,0.0,0.0,3.55999994277954,0.0,0,0,105,1335,2189,4.12.16-5.12.16,data/raw/mturkfitbit_export_4.12.16-5.12.16/Fitabase Data 4.12.16-5.12.16/dailyActivity_merged.csv,105,1440,0.9271,lunes,baja,False
8877689391,2016-05-03,10818,8.21000003814697,8.21000003814697,0.0,1.38999998569489,0.100000001490116,6.67000007629395,0.0099999997764825,19,3,229,1189,2817,4.12.16-5.12.16,data/raw/mturkfitbit_export_4.12.16-5.12.16/Fitabase Data 4.12.16-5.12.16/dailyActivity_merged.csv,251,1440,0.8257,martes,muy_activa,True
8877689391,2016-05-04,18193,16.2999992370605,16.2999992370605,0.0,10.4200000762939,0.310000002384186,5.53000020980835,0.0,66,8,212,1154,3477,4.12.16-5.12.16,data/raw/mturkfitbit_export_4.12.16-5.12.16/Fitabase Data 4.12.16-5.12.16/dailyActivity_merged.csv,286,1440,0.8014,miércoles,muy_activa,True
8877689391,2016-05-05,14055,10.6700000762939,10.6700000762939,0.0,5.46000003814697,0.819999992847443,4.36999988555908,0.0,67,15,188,1170,3052,4.12.16-5.12.16,data/raw/mturkfitbit_export_4.12.16-5.12.16/Fitabase Data 4.12.16-5.12.16/dailyActivity_merged.csv,270,1440,0.8125,jueves,muy_activa,True
8877689391,2016-05-06,21727,19.3400001525879,19.3400001525879,0.0,12.789999961853,0.28999999165535,6.15999984741211,0.0,96,17,232,1095,4015,4.12.16-5.12.16,data/raw/mturkfitbit_export_4.12.16-5.12.16/Fitabase Data 4.12.16-5.12.16/dailyActivity_merged.csv,345,1440,0.7604,viernes,muy_activa,True
8877689391,2016-05-07,12332,8.13000011444092,8.13000011444092,0.0,0.0799999982118607,0.959999978542328,6.98999977111816,0.0,105,28,271,1036,4142,4.12.16-5.12.16,data/raw/mturkfitbit_export_4.12.16-5.12.16/Fitabase Data 4.12.16-5.12.16/dailyActivity_merged.csv,404,1440,0.7194,sábado,muy_activa,True
8877689391,2016-05-08,10686,8.10999965667725,8.10999965667725,0.0,1.08000004291534,0.200000002980232,6.80000019073486,0.0,17,4,245,1174,2847,4.12.16-5.12.16,data/raw/mturkfitbit_export_4.12.16-5.12.16/Fitabase Data 4.12.16-5.12.16/dailyActivity_merged.csv,266,1440,0.8153,domingo,muy_activa,True
8877689391,2016-05-09,20226,18.25,18.25,0.0,11.1000003814697,0.800000011920929,6.23999977111816,0.0500000007450581,73,19,217,1131,3710,4.12.16-5.12.16,data/raw/mturkfitbit_export_4.12.16-5.12.16/Fitabase Data 4.12.16-5.12.16/dailyActivity_merged.csv,309,1440,0.7854,lunes,muy_activa,True
8877689391,2016-05-10,10733,8.14999961853027,8.14999961853027,0.0,1.35000002384186,0.46000000834465,6.28000020980835,0.0,18,11,224,1187,2832,4.12.16-5.12.16,data/raw/mturkfitbit_export_4.12.16-5.12.16/Fitabase Data 4.12.16-5.12.16/dailyActivity_merged.csv,253,1440,0.8243,martes,muy_activa,True
8877689391,2016-05-11,21420,19.5599994659424,19.5599994659424,0.0,13.2200002670288,0.409999996423721,5.8899998664856,0.0,88,12,213,1127,3832,4.12.16-5.12.16,data/raw/mturkfitbit_export_4.12.16-5.12.16/Fitabase Data 4.12.16-5.12.16/dailyActivity_merged.csv,313,1440,0.7826,miércoles,muy_activa,True
8877689391,2016-05-12,8064,6.11999988555908,6.11999988555908,0.0,1.82000005245209,0.0399999991059303,4.25,0.0,23,1,137,770,1849,4.12.16-5.12.16,data/raw/mturkfitbit_export_4.12.16-5.12.16/Fitabase Data 4.12.16-5.12.16/dailyActivity_merged.csv,161,931,0.8271,jueves,activa,False
